<?xml version="1.0" encoding="UTF-8" standalone="yes"?>
<gpx xmlns:gpxtpx1="http://www.garmin.com/xmlschemas/TrackPointExtension/v1" xmlns="http://www.topografix.com/GPX/1/1" xmlns:trp="http://www.garmin.com/xmlschemas/TripExtensions/v1" xmlns:gpxx="http://www.garmin.com/xmlschemas/GpxExtensions/v3" xmlns:gpxtpx="http://www.garmin.com/xmlschemas/TrackPointExtension/v2" version="1.1" creator="RouteConverter 2.27.2">
    <trk>
        <name>ADAC Track Tourenkarte BGL1 Unterwegs im Bergischen Land</name>
        <trkseg>
            <trkpt lat="51.0864287" lon="7.1362138">
                <ele>221.8</ele>
                <name>ADAC Track Tourenkarte BGL1 Unterwegs im Bergischen Land Burscheid</name>
            </trkpt>
            <trkpt lat="51.086474" lon="7.136235">
                <ele>222.0</ele>
                <name>Position 2</name>
            </trkpt>
            <trkpt lat="51.087183" lon="7.136866">
                <ele>217.5</ele>
                <name>Position 3</name>
            </trkpt>
            <trkpt lat="51.089025" lon="7.138463">
                <ele>221.0</ele>
                <name>Position 4</name>
            </trkpt>
            <trkpt lat="51.089144" lon="7.138575">
                <ele>221.0</ele>
                <name>Position 5</name>
            </trkpt>
            <trkpt lat="51.089863" lon="7.139285">
                <ele>221.0</ele>
                <name>Position 6</name>
            </trkpt>
            <trkpt lat="51.091206" lon="7.140641">
                <ele>224.0</ele>
                <name>Position 7</name>
            </trkpt>
            <trkpt lat="51.091495" lon="7.140971">
                <ele>224.0</ele>
                <name>Position 8</name>
            </trkpt>
            <trkpt lat="51.091771" lon="7.141371">
                <ele>223.0</ele>
                <name>Position 9</name>
            </trkpt>
            <trkpt lat="51.092067" lon="7.141836">
                <ele>223.0</ele>
                <name>Position 10</name>
            </trkpt>
            <trkpt lat="51.093112" lon="7.143438">
                <ele>224.8</ele>
                <name>Position 11</name>
            </trkpt>
            <trkpt lat="51.093829" lon="7.144522">
                <ele>228.0</ele>
                <name>Position 12</name>
            </trkpt>
            <trkpt lat="51.094367" lon="7.14534">
                <ele>231.0</ele>
                <name>Position 13</name>
            </trkpt>
            <trkpt lat="51.094336" lon="7.145414">
                <ele>231.0</ele>
                <name>Position 14</name>
            </trkpt>
            <trkpt lat="51.094337" lon="7.145551">
                <ele>232.0</ele>
                <name>Position 15</name>
            </trkpt>
            <trkpt lat="51.094388" lon="7.145654">
                <ele>232.0</ele>
                <name>Position 16</name>
            </trkpt>
            <trkpt lat="51.094466" lon="7.145685">
                <ele>232.0</ele>
                <name>Position 17</name>
            </trkpt>
            <trkpt lat="51.094541" lon="7.145636">
                <ele>232.0</ele>
                <name>Position 18</name>
            </trkpt>
            <trkpt lat="51.0949" lon="7.146156">
                <ele>233.0</ele>
                <name>Position 19</name>
            </trkpt>
            <trkpt lat="51.095301" lon="7.14689">
                <ele>233.0</ele>
                <name>Position 20</name>
            </trkpt>
            <trkpt lat="51.095842" lon="7.147804">
                <ele>234.0</ele>
                <name>Position 21</name>
            </trkpt>
            <trkpt lat="51.096547" lon="7.149052">
                <ele>236.0</ele>
                <name>Position 22</name>
            </trkpt>
            <trkpt lat="51.096556" lon="7.149202">
                <ele>236.0</ele>
                <name>Position 23</name>
            </trkpt>
            <trkpt lat="51.096528" lon="7.149299">
                <ele>236.0</ele>
                <name>Position 24</name>
            </trkpt>
            <trkpt lat="51.096545" lon="7.149402">
                <ele>236.0</ele>
                <name>Position 25</name>
            </trkpt>
            <trkpt lat="51.096449" lon="7.149547">
                <ele>236.0</ele>
                <name>Position 26</name>
            </trkpt>
            <trkpt lat="51.096075" lon="7.150094">
                <ele>234.0</ele>
                <name>Position 27</name>
            </trkpt>
            <trkpt lat="51.095459" lon="7.151023">
                <ele>231.0</ele>
                <name>Position 28</name>
            </trkpt>
            <trkpt lat="51.094363" lon="7.152707">
                <ele>227.0</ele>
                <name>Position 29</name>
            </trkpt>
            <trkpt lat="51.092949" lon="7.154803">
                <ele>222.0</ele>
                <name>Position 30</name>
            </trkpt>
            <trkpt lat="51.092331" lon="7.155979">
                <ele>222.0</ele>
                <name>Position 31</name>
            </trkpt>
            <trkpt lat="51.091798" lon="7.157573">
                <ele>220.0</ele>
                <name>Position 32</name>
            </trkpt>
            <trkpt lat="51.091046" lon="7.159259">
                <ele>215.0</ele>
                <name>Position 33</name>
            </trkpt>
            <trkpt lat="51.090258" lon="7.160158">
                <ele>208.5</ele>
                <name>Position 34</name>
            </trkpt>
            <trkpt lat="51.089602" lon="7.160333">
                <ele>207.8</ele>
                <name>Position 35</name>
            </trkpt>
            <trkpt lat="51.089029" lon="7.1608">
                <ele>204.0</ele>
                <name>Position 36</name>
            </trkpt>
            <trkpt lat="51.088528" lon="7.162789">
                <ele>199.0</ele>
                <name>Position 37</name>
            </trkpt>
            <trkpt lat="51.087854" lon="7.162638">
                <ele>196.0</ele>
                <name>Position 38</name>
            </trkpt>
            <trkpt lat="51.086961" lon="7.162182">
                <ele>190.0</ele>
                <name>Position 39</name>
            </trkpt>
            <trkpt lat="51.08702" lon="7.161171">
                <ele>188.0</ele>
                <name>Position 40</name>
            </trkpt>
            <trkpt lat="51.087307" lon="7.160309">
                <ele>191.3</ele>
                <name>Position 41</name>
            </trkpt>
            <trkpt lat="51.087285" lon="7.160005">
                <ele>192.0</ele>
                <name>Position 42</name>
            </trkpt>
            <trkpt lat="51.087079" lon="7.1601">
                <ele>190.0</ele>
                <name>Position 43</name>
            </trkpt>
            <trkpt lat="51.086865" lon="7.160875">
                <ele>185.0</ele>
                <name>Position 44</name>
            </trkpt>
            <trkpt lat="51.086356" lon="7.161419">
                <ele>177.8</ele>
                <name>Position 45</name>
            </trkpt>
            <trkpt lat="51.085921" lon="7.161758">
                <ele>168.0</ele>
                <name>Position 46</name>
            </trkpt>
            <trkpt lat="51.085925" lon="7.163081">
                <ele>165.0</ele>
                <name>Position 47</name>
            </trkpt>
            <trkpt lat="51.086455" lon="7.163615">
                <ele>168.0</ele>
                <name>Position 48</name>
            </trkpt>
            <trkpt lat="51.087132" lon="7.164309">
                <ele>163.0</ele>
                <name>Position 49</name>
            </trkpt>
            <trkpt lat="51.087771" lon="7.165143">
                <ele>160.0</ele>
                <name>Position 50</name>
            </trkpt>
            <trkpt lat="51.088169" lon="7.165678">
                <ele>160.0</ele>
                <name>Position 51</name>
            </trkpt>
            <trkpt lat="51.089421" lon="7.167404">
                <ele>168.0</ele>
                <name>Position 52</name>
            </trkpt>
            <trkpt lat="51.089553" lon="7.168323">
                <ele>173.5</ele>
                <name>Position 53</name>
            </trkpt>
            <trkpt lat="51.089514" lon="7.169654">
                <ele>181.0</ele>
                <name>Position 54</name>
            </trkpt>
            <trkpt lat="51.089287" lon="7.171374">
                <ele>187.5</ele>
                <name>Position 55</name>
            </trkpt>
            <trkpt lat="51.088866" lon="7.17327">
                <ele>188.0</ele>
                <name>Position 56</name>
            </trkpt>
            <trkpt lat="51.088299" lon="7.173825">
                <ele>193.0</ele>
                <name>Position 57</name>
            </trkpt>
            <trkpt lat="51.088025" lon="7.174088">
                <ele>195.0</ele>
                <name>Position 58</name>
            </trkpt>
            <trkpt lat="51.088177" lon="7.174491">
                <ele>195.0</ele>
                <name>Position 59</name>
            </trkpt>
            <trkpt lat="51.088523" lon="7.174366">
                <ele>192.0</ele>
                <name>Position 60</name>
            </trkpt>
            <trkpt lat="51.088938" lon="7.174581">
                <ele>193.0</ele>
                <name>Position 61</name>
            </trkpt>
            <trkpt lat="51.089508" lon="7.1753">
                <ele>203.0</ele>
                <name>Position 62</name>
            </trkpt>
            <trkpt lat="51.089739" lon="7.175967">
                <ele>208.0</ele>
                <name>Position 63</name>
            </trkpt>
            <trkpt lat="51.09011" lon="7.177269">
                <ele>216.0</ele>
                <name>Position 64</name>
            </trkpt>
            <trkpt lat="51.090533" lon="7.178402">
                <ele>221.0</ele>
                <name>Position 65</name>
            </trkpt>
            <trkpt lat="51.090836" lon="7.17912">
                <ele>225.0</ele>
                <name>Position 66</name>
            </trkpt>
            <trkpt lat="51.090848" lon="7.179583">
                <ele>227.0</ele>
                <name>Position 67</name>
            </trkpt>
            <trkpt lat="51.090727" lon="7.180705">
                <ele>226.0</ele>
                <name>Position 68</name>
            </trkpt>
            <trkpt lat="51.090735" lon="7.18119">
                <ele>224.3</ele>
                <name>Position 69</name>
            </trkpt>
            <trkpt lat="51.090955" lon="7.182325">
                <ele>223.5</ele>
                <name>Position 70</name>
            </trkpt>
            <trkpt lat="51.091251" lon="7.183962">
                <ele>227.0</ele>
                <name>Position 71</name>
            </trkpt>
            <trkpt lat="51.091222" lon="7.184603">
                <ele>229.3</ele>
                <name>Position 72</name>
            </trkpt>
            <trkpt lat="51.091106" lon="7.18496">
                <ele>230.8</ele>
                <name>Position 73</name>
            </trkpt>
            <trkpt lat="51.09068" lon="7.18471">
                <ele>231.5</ele>
                <name>Position 74</name>
            </trkpt>
            <trkpt lat="51.090681" lon="7.18471">
                <ele>231.5</ele>
                <name>Position 75</name>
            </trkpt>
            <trkpt lat="51.08998" lon="7.183689">
                <ele>230.0</ele>
                <name>Position 76</name>
            </trkpt>
            <trkpt lat="51.088607" lon="7.181767">
                <ele>224.8</ele>
                <name>Position 77</name>
            </trkpt>
            <trkpt lat="51.088053" lon="7.180902">
                <ele>222.0</ele>
                <name>Position 78</name>
            </trkpt>
            <trkpt lat="51.087738" lon="7.18032">
                <ele>221.0</ele>
                <name>Position 79</name>
            </trkpt>
            <trkpt lat="51.087289" lon="7.179485">
                <ele>221.0</ele>
                <name>Position 80</name>
            </trkpt>
            <trkpt lat="51.086897" lon="7.178787">
                <ele>220.0</ele>
                <name>Position 81</name>
            </trkpt>
            <trkpt lat="51.086244" lon="7.178132">
                <ele>221.0</ele>
                <name>Position 82</name>
            </trkpt>
            <trkpt lat="51.085092" lon="7.177665">
                <ele>225.0</ele>
                <name>Position 83</name>
            </trkpt>
            <trkpt lat="51.083133" lon="7.177069">
                <ele>231.0</ele>
                <name>Position 84</name>
            </trkpt>
            <trkpt lat="51.082571" lon="7.176495">
                <ele>229.0</ele>
                <name>Position 85</name>
            </trkpt>
            <trkpt lat="51.082259" lon="7.17578">
                <ele>226.3</ele>
                <name>Position 86</name>
            </trkpt>
            <trkpt lat="51.08205" lon="7.174178">
                <ele>226.0</ele>
                <name>Position 87</name>
            </trkpt>
            <trkpt lat="51.081804" lon="7.169337">
                <ele>219.0</ele>
                <name>Position 88</name>
            </trkpt>
            <trkpt lat="51.081857" lon="7.168345">
                <ele>216.5</ele>
                <name>Position 89</name>
            </trkpt>
            <trkpt lat="51.081916" lon="7.167754">
                <ele>216.0</ele>
                <name>Position 90</name>
            </trkpt>
            <trkpt lat="51.082048" lon="7.166421">
                <ele>219.0</ele>
                <name>Position 91</name>
            </trkpt>
            <trkpt lat="51.081851" lon="7.16515">
                <ele>224.0</ele>
                <name>Position 92</name>
            </trkpt>
            <trkpt lat="51.081376" lon="7.162555">
                <ele>216.5</ele>
                <name>Position 93</name>
            </trkpt>
            <trkpt lat="51.081307" lon="7.162106">
                <ele>216.8</ele>
                <name>Position 94</name>
            </trkpt>
            <trkpt lat="51.081301" lon="7.161468">
                <ele>218.0</ele>
                <name>Position 95</name>
            </trkpt>
            <trkpt lat="51.081803" lon="7.157367">
                <ele>213.0</ele>
                <name>Position 96</name>
            </trkpt>
            <trkpt lat="51.08162" lon="7.156856">
                <ele>213.0</ele>
                <name>Position 97</name>
            </trkpt>
            <trkpt lat="51.08042" lon="7.156566">
                <ele>209.0</ele>
                <name>Position 98</name>
            </trkpt>
            <trkpt lat="51.080008" lon="7.156425">
                <ele>204.5</ele>
                <name>Position 99</name>
            </trkpt>
            <trkpt lat="51.078117" lon="7.154677">
                <ele>192.5</ele>
                <name>Position 100</name>
            </trkpt>
            <trkpt lat="51.077676" lon="7.153738">
                <ele>192.0</ele>
                <name>Position 101</name>
            </trkpt>
            <trkpt lat="51.077426" lon="7.153415">
                <ele>193.0</ele>
                <name>Position 102</name>
            </trkpt>
            <trkpt lat="51.076689" lon="7.153471">
                <ele>184.8</ele>
                <name>Position 103</name>
            </trkpt>
            <trkpt lat="51.075377" lon="7.15311">
                <ele>177.0</ele>
                <name>Position 104</name>
            </trkpt>
            <trkpt lat="51.074582" lon="7.151754">
                <ele>174.0</ele>
                <name>Position 105</name>
            </trkpt>
            <trkpt lat="51.071978" lon="7.146099">
                <ele>150.0</ele>
                <name>Position 106</name>
            </trkpt>
            <trkpt lat="51.071224" lon="7.145349">
                <ele>149.0</ele>
                <name>Position 107</name>
            </trkpt>
            <trkpt lat="51.069719" lon="7.142338">
                <ele>135.0</ele>
                <name>Position 108</name>
            </trkpt>
            <trkpt lat="51.068516" lon="7.141492">
                <ele>135.0</ele>
                <name>Position 109</name>
            </trkpt>
            <trkpt lat="51.067853" lon="7.141263">
                <ele>138.0</ele>
                <name>Position 110</name>
            </trkpt>
            <trkpt lat="51.066744" lon="7.140276">
                <ele>119.0</ele>
                <name>Position 111</name>
            </trkpt>
            <trkpt lat="51.066211" lon="7.140084">
                <ele>113.0</ele>
                <name>Position 112</name>
            </trkpt>
            <trkpt lat="51.065581" lon="7.140206">
                <ele>113.0</ele>
                <name>Position 113</name>
            </trkpt>
            <trkpt lat="51.064938" lon="7.140732">
                <ele>112.0</ele>
                <name>Position 114</name>
            </trkpt>
            <trkpt lat="51.064407" lon="7.141223">
                <ele>107.0</ele>
                <name>Position 115</name>
            </trkpt>
            <trkpt lat="51.063995" lon="7.141428">
                <ele>103.3</ele>
                <name>Position 116</name>
            </trkpt>
            <trkpt lat="51.063663" lon="7.141499">
                <ele>101.0</ele>
                <name>Position 117</name>
            </trkpt>
            <trkpt lat="51.063255" lon="7.141476">
                <ele>100.3</ele>
                <name>Position 118</name>
            </trkpt>
            <trkpt lat="51.062755" lon="7.141301">
                <ele>102.0</ele>
                <name>Position 119</name>
            </trkpt>
            <trkpt lat="51.062383" lon="7.141085">
                <ele>104.0</ele>
                <name>Position 120</name>
            </trkpt>
            <trkpt lat="51.061016" lon="7.139878">
                <ele>115.0</ele>
                <name>Position 121</name>
            </trkpt>
            <trkpt lat="51.06071" lon="7.139619">
                <ele>117.0</ele>
                <name>Position 122</name>
            </trkpt>
            <trkpt lat="51.059673" lon="7.137462">
                <ele>112.0</ele>
                <name>Position 123</name>
            </trkpt>
            <trkpt lat="51.058993" lon="7.136249">
                <ele>110.0</ele>
                <name>Position 124</name>
            </trkpt>
            <trkpt lat="51.05825" lon="7.135541">
                <ele>112.0</ele>
                <name>Position 125</name>
            </trkpt>
            <trkpt lat="51.057439" lon="7.135253">
                <ele>112.0</ele>
                <name>Position 126</name>
            </trkpt>
            <trkpt lat="51.05744" lon="7.135253">
                <ele>112.0</ele>
                <name>Position 127</name>
            </trkpt>
            <trkpt lat="51.056878" lon="7.135256">
                <ele>116.0</ele>
                <name>Position 128</name>
            </trkpt>
            <trkpt lat="51.054971" lon="7.135546">
                <ele>120.0</ele>
                <name>Position 129</name>
            </trkpt>
            <trkpt lat="51.054619" lon="7.135465">
                <ele>115.0</ele>
                <name>Position 130</name>
            </trkpt>
            <trkpt lat="51.054258" lon="7.135458">
                <ele>112.0</ele>
                <name>Position 131</name>
            </trkpt>
            <trkpt lat="51.05392" lon="7.136688">
                <ele>120.0</ele>
                <name>Position 132</name>
            </trkpt>
            <trkpt lat="51.053953" lon="7.136937">
                <ele>122.0</ele>
                <name>Position 133</name>
            </trkpt>
            <trkpt lat="51.05407" lon="7.136905">
                <ele>121.5</ele>
                <name>Position 134</name>
            </trkpt>
            <trkpt lat="51.054388" lon="7.136156">
                <ele>121.3</ele>
                <name>Position 135</name>
            </trkpt>
            <trkpt lat="51.054513" lon="7.136069">
                <ele>122.0</ele>
                <name>Position 136</name>
            </trkpt>
            <trkpt lat="51.054563" lon="7.136202">
                <ele>125.8</ele>
                <name>Position 137</name>
            </trkpt>
            <trkpt lat="51.054503" lon="7.136524">
                <ele>128.5</ele>
                <name>Position 138</name>
            </trkpt>
            <trkpt lat="51.054318" lon="7.137577">
                <ele>135.0</ele>
                <name>Position 139</name>
            </trkpt>
            <trkpt lat="51.054229" lon="7.138828">
                <ele>145.0</ele>
                <name>Position 140</name>
            </trkpt>
            <trkpt lat="51.054071" lon="7.139675">
                <ele>149.0</ele>
                <name>Position 141</name>
            </trkpt>
            <trkpt lat="51.054189" lon="7.140469">
                <ele>156.0</ele>
                <name>Position 142</name>
            </trkpt>
            <trkpt lat="51.05454" lon="7.14127">
                <ele>165.0</ele>
                <name>Position 143</name>
            </trkpt>
            <trkpt lat="51.054798" lon="7.141749">
                <ele>168.5</ele>
                <name>Position 144</name>
            </trkpt>
            <trkpt lat="51.054958" lon="7.142051">
                <ele>170.3</ele>
                <name>Position 145</name>
            </trkpt>
            <trkpt lat="51.055023" lon="7.141985">
                <ele>172.8</ele>
                <name>Position 146</name>
            </trkpt>
            <trkpt lat="51.054836" lon="7.141437">
                <ele>173.0</ele>
                <name>Position 147</name>
            </trkpt>
            <trkpt lat="51.054707" lon="7.139964">
                <ele>173.0</ele>
                <name>Position 148</name>
            </trkpt>
            <trkpt lat="51.054782" lon="7.139692">
                <ele>172.5</ele>
                <name>Position 149</name>
            </trkpt>
            <trkpt lat="51.054879" lon="7.139709">
                <ele>177.0</ele>
                <name>Position 150</name>
            </trkpt>
            <trkpt lat="51.055046" lon="7.140174">
                <ele>184.0</ele>
                <name>Position 151</name>
            </trkpt>
            <trkpt lat="51.055748" lon="7.141812">
                <ele>190.0</ele>
                <name>Position 152</name>
            </trkpt>
            <trkpt lat="51.056132" lon="7.142558">
                <ele>188.0</ele>
                <name>Position 153</name>
            </trkpt>
            <trkpt lat="51.056788" lon="7.143306">
                <ele>192.0</ele>
                <name>Position 154</name>
            </trkpt>
            <trkpt lat="51.05711" lon="7.143865">
                <ele>190.0</ele>
                <name>Position 155</name>
            </trkpt>
            <trkpt lat="51.057495" lon="7.144825">
                <ele>187.0</ele>
                <name>Position 156</name>
            </trkpt>
            <trkpt lat="51.057733" lon="7.145523">
                <ele>184.8</ele>
                <name>Position 157</name>
            </trkpt>
            <trkpt lat="51.058242" lon="7.146417">
                <ele>185.0</ele>
                <name>Position 158</name>
            </trkpt>
            <trkpt lat="51.058565" lon="7.147382">
                <ele>186.0</ele>
                <name>Position 159</name>
            </trkpt>
            <trkpt lat="51.058694" lon="7.148494">
                <ele>185.0</ele>
                <name>Position 160</name>
            </trkpt>
            <trkpt lat="51.058753" lon="7.150173">
                <ele>187.5</ele>
                <name>Position 161</name>
            </trkpt>
            <trkpt lat="51.058831" lon="7.150716">
                <ele>190.0</ele>
                <name>Position 162</name>
            </trkpt>
            <trkpt lat="51.059318" lon="7.151983">
                <ele>193.0</ele>
                <name>Position 163</name>
            </trkpt>
            <trkpt lat="51.059499" lon="7.152462">
                <ele>193.0</ele>
                <name>Position 164</name>
            </trkpt>
            <trkpt lat="51.059537" lon="7.152908">
                <ele>195.0</ele>
                <name>Position 165</name>
            </trkpt>
            <trkpt lat="51.059267" lon="7.154037">
                <ele>201.0</ele>
                <name>Position 166</name>
            </trkpt>
            <trkpt lat="51.059141" lon="7.154509">
                <ele>202.0</ele>
                <name>Position 167</name>
            </trkpt>
            <trkpt lat="51.058839" lon="7.155271">
                <ele>205.0</ele>
                <name>Position 168</name>
            </trkpt>
            <trkpt lat="51.058551" lon="7.155868">
                <ele>207.0</ele>
                <name>Position 169</name>
            </trkpt>
            <trkpt lat="51.05812" lon="7.156924">
                <ele>209.8</ele>
                <name>Position 170</name>
            </trkpt>
            <trkpt lat="51.057969" lon="7.157829">
                <ele>213.0</ele>
                <name>Position 171</name>
            </trkpt>
            <trkpt lat="51.057931" lon="7.158544">
                <ele>215.0</ele>
                <name>Position 172</name>
            </trkpt>
            <trkpt lat="51.057923" lon="7.159206">
                <ele>217.0</ele>
                <name>Position 173</name>
            </trkpt>
            <trkpt lat="51.058113" lon="7.160105">
                <ele>220.0</ele>
                <name>Position 174</name>
            </trkpt>
            <trkpt lat="51.058295" lon="7.160761">
                <ele>221.0</ele>
                <name>Position 175</name>
            </trkpt>
            <trkpt lat="51.058693" lon="7.162207">
                <ele>221.0</ele>
                <name>Position 176</name>
            </trkpt>
            <trkpt lat="51.05915" lon="7.163626">
                <ele>229.0</ele>
                <name>Position 177</name>
            </trkpt>
            <trkpt lat="51.059113" lon="7.163928">
                <ele>230.0</ele>
                <name>Position 178</name>
            </trkpt>
            <trkpt lat="51.058459" lon="7.165987">
                <ele>235.0</ele>
                <name>Position 179</name>
            </trkpt>
            <trkpt lat="51.058277" lon="7.166494">
                <ele>233.0</ele>
                <name>Position 180</name>
            </trkpt>
            <trkpt lat="51.057929" lon="7.167169">
                <ele>229.0</ele>
                <name>Position 181</name>
            </trkpt>
            <trkpt lat="51.057581" lon="7.167603">
                <ele>226.0</ele>
                <name>Position 182</name>
            </trkpt>
            <trkpt lat="51.056808" lon="7.168088">
                <ele>220.0</ele>
                <name>Position 183</name>
            </trkpt>
            <trkpt lat="51.056058" lon="7.168803">
                <ele>218.0</ele>
                <name>Position 184</name>
            </trkpt>
            <trkpt lat="51.055775" lon="7.1692">
                <ele>216.0</ele>
                <name>Position 185</name>
            </trkpt>
            <trkpt lat="51.055352" lon="7.169972">
                <ele>211.5</ele>
                <name>Position 186</name>
            </trkpt>
            <trkpt lat="51.055245" lon="7.170378">
                <ele>211.5</ele>
                <name>Position 187</name>
            </trkpt>
            <trkpt lat="51.054759" lon="7.172027">
                <ele>212.0</ele>
                <name>Position 188</name>
            </trkpt>
            <trkpt lat="51.054416" lon="7.173025">
                <ele>213.8</ele>
                <name>Position 189</name>
            </trkpt>
            <trkpt lat="51.054065" lon="7.173899">
                <ele>219.5</ele>
                <name>Position 190</name>
            </trkpt>
            <trkpt lat="51.053852" lon="7.174231">
                <ele>224.0</ele>
                <name>Position 191</name>
            </trkpt>
            <trkpt lat="51.053513" lon="7.174688">
                <ele>230.0</ele>
                <name>Position 192</name>
            </trkpt>
            <trkpt lat="51.053392" lon="7.174975">
                <ele>233.0</ele>
                <name>Position 193</name>
            </trkpt>
            <trkpt lat="51.053319" lon="7.175426">
                <ele>234.0</ele>
                <name>Position 194</name>
            </trkpt>
            <trkpt lat="51.053247" lon="7.176024">
                <ele>234.0</ele>
                <name>Position 195</name>
            </trkpt>
            <trkpt lat="51.053148" lon="7.176385">
                <ele>235.3</ele>
                <name>Position 196</name>
            </trkpt>
            <trkpt lat="51.052996" lon="7.176726">
                <ele>235.5</ele>
                <name>Position 197</name>
            </trkpt>
            <trkpt lat="51.052892" lon="7.176964">
                <ele>236.0</ele>
                <name>Position 198</name>
            </trkpt>
            <trkpt lat="51.052838" lon="7.177179">
                <ele>236.0</ele>
                <name>Position 199</name>
            </trkpt>
            <trkpt lat="51.05282" lon="7.177456">
                <ele>236.0</ele>
                <name>Position 200</name>
            </trkpt>
            <trkpt lat="51.052817" lon="7.177748">
                <ele>235.5</ele>
                <name>Position 201</name>
            </trkpt>
            <trkpt lat="51.052789" lon="7.177968">
                <ele>237.0</ele>
                <name>Position 202</name>
            </trkpt>
            <trkpt lat="51.052685" lon="7.178265">
                <ele>237.0</ele>
                <name>Position 203</name>
            </trkpt>
            <trkpt lat="51.052458" lon="7.17876">
                <ele>235.8</ele>
                <name>Position 204</name>
            </trkpt>
            <trkpt lat="51.052216" lon="7.179276">
                <ele>236.0</ele>
                <name>Position 205</name>
            </trkpt>
            <trkpt lat="51.051895" lon="7.18024">
                <ele>234.0</ele>
                <name>Position 206</name>
            </trkpt>
            <trkpt lat="51.051592" lon="7.181386">
                <ele>232.0</ele>
                <name>Position 207</name>
            </trkpt>
            <trkpt lat="51.051035" lon="7.18351">
                <ele>229.8</ele>
                <name>Position 208</name>
            </trkpt>
            <trkpt lat="51.050818" lon="7.184275">
                <ele>228.0</ele>
                <name>Position 209</name>
            </trkpt>
            <trkpt lat="51.050146" lon="7.186367">
                <ele>218.8</ele>
                <name>Position 210</name>
            </trkpt>
            <trkpt lat="51.04988" lon="7.186963">
                <ele>217.0</ele>
                <name>Position 211</name>
            </trkpt>
            <trkpt lat="51.049696" lon="7.187342">
                <ele>216.0</ele>
                <name>Position 212</name>
            </trkpt>
            <trkpt lat="51.049569" lon="7.187694">
                <ele>217.0</ele>
                <name>Position 213</name>
            </trkpt>
            <trkpt lat="51.04948" lon="7.188133">
                <ele>217.0</ele>
                <name>Position 214</name>
            </trkpt>
            <trkpt lat="51.049333" lon="7.189242">
                <ele>216.8</ele>
                <name>Position 215</name>
            </trkpt>
            <trkpt lat="51.0491" lon="7.191012">
                <ele>219.8</ele>
                <name>Position 216</name>
            </trkpt>
            <trkpt lat="51.048838" lon="7.193242">
                <ele>228.5</ele>
                <name>Position 217</name>
            </trkpt>
            <trkpt lat="51.048789" lon="7.193897">
                <ele>229.0</ele>
                <name>Position 218</name>
            </trkpt>
            <trkpt lat="51.048901" lon="7.194576">
                <ele>228.0</ele>
                <name>Position 219</name>
            </trkpt>
            <trkpt lat="51.04891" lon="7.195111">
                <ele>228.5</ele>
                <name>Position 220</name>
            </trkpt>
            <trkpt lat="51.048682" lon="7.196857">
                <ele>237.8</ele>
                <name>Position 221</name>
            </trkpt>
            <trkpt lat="51.048566" lon="7.197988">
                <ele>243.0</ele>
                <name>Position 222</name>
            </trkpt>
            <trkpt lat="51.048449" lon="7.198819">
                <ele>246.0</ele>
                <name>Position 223</name>
            </trkpt>
            <trkpt lat="51.048269" lon="7.199285">
                <ele>248.0</ele>
                <name>Position 224</name>
            </trkpt>
            <trkpt lat="51.047775" lon="7.200243">
                <ele>250.5</ele>
                <name>Position 225</name>
            </trkpt>
            <trkpt lat="51.047493" lon="7.200753">
                <ele>252.0</ele>
                <name>Position 226</name>
            </trkpt>
            <trkpt lat="51.047143" lon="7.201182">
                <ele>248.0</ele>
                <name>Position 227</name>
            </trkpt>
            <trkpt lat="51.046876" lon="7.201381">
                <ele>246.0</ele>
                <name>Position 228</name>
            </trkpt>
            <trkpt lat="51.046754" lon="7.201418">
                <ele>245.0</ele>
                <name>Position 229</name>
            </trkpt>
            <trkpt lat="51.046174" lon="7.20148">
                <ele>243.0</ele>
                <name>Position 230</name>
            </trkpt>
            <trkpt lat="51.04541" lon="7.201553">
                <ele>244.0</ele>
                <name>Position 231</name>
            </trkpt>
            <trkpt lat="51.045087" lon="7.201962">
                <ele>245.0</ele>
                <name>Position 232</name>
            </trkpt>
            <trkpt lat="51.044697" lon="7.202593">
                <ele>245.0</ele>
                <name>Position 233</name>
            </trkpt>
            <trkpt lat="51.044075" lon="7.20315">
                <ele>246.0</ele>
                <name>Position 234</name>
            </trkpt>
            <trkpt lat="51.04348" lon="7.203459">
                <ele>246.0</ele>
                <name>Position 235</name>
            </trkpt>
            <trkpt lat="51.0432" lon="7.20378">
                <ele>246.0</ele>
                <name>Position 236</name>
            </trkpt>
            <trkpt lat="51.042838" lon="7.204845">
                <ele>248.0</ele>
                <name>Position 237</name>
            </trkpt>
            <trkpt lat="51.042541" lon="7.205636">
                <ele>253.0</ele>
                <name>Position 238</name>
            </trkpt>
            <trkpt lat="51.042271" lon="7.206257">
                <ele>253.0</ele>
                <name>Position 239</name>
            </trkpt>
            <trkpt lat="51.041834" lon="7.206946">
                <ele>252.0</ele>
                <name>Position 240</name>
            </trkpt>
            <trkpt lat="51.041764" lon="7.20728">
                <ele>249.5</ele>
                <name>Position 241</name>
            </trkpt>
            <trkpt lat="51.041902" lon="7.20727">
                <ele>248.5</ele>
                <name>Position 242</name>
            </trkpt>
            <trkpt lat="51.042941" lon="7.207107">
                <ele>240.0</ele>
                <name>Position 243</name>
            </trkpt>
            <trkpt lat="51.043045" lon="7.207111">
                <ele>239.0</ele>
                <name>Position 244</name>
            </trkpt>
            <trkpt lat="51.043104" lon="7.207144">
                <ele>238.0</ele>
                <name>Position 245</name>
            </trkpt>
            <trkpt lat="51.043176" lon="7.207229">
                <ele>236.0</ele>
                <name>Position 246</name>
            </trkpt>
            <trkpt lat="51.043473" lon="7.207951">
                <ele>230.0</ele>
                <name>Position 247</name>
            </trkpt>
            <trkpt lat="51.043629" lon="7.208109">
                <ele>228.0</ele>
                <name>Position 248</name>
            </trkpt>
            <trkpt lat="51.043821" lon="7.2081">
                <ele>227.0</ele>
                <name>Position 249</name>
            </trkpt>
            <trkpt lat="51.044014" lon="7.207914">
                <ele>227.0</ele>
                <name>Position 250</name>
            </trkpt>
            <trkpt lat="51.044108" lon="7.207625">
                <ele>226.0</ele>
                <name>Position 251</name>
            </trkpt>
            <trkpt lat="51.044089" lon="7.20733">
                <ele>225.0</ele>
                <name>Position 252</name>
            </trkpt>
            <trkpt lat="51.043969" lon="7.206934">
                <ele>225.0</ele>
                <name>Position 253</name>
            </trkpt>
            <trkpt lat="51.043907" lon="7.206731">
                <ele>225.0</ele>
                <name>Position 254</name>
            </trkpt>
            <trkpt lat="51.043955" lon="7.206593">
                <ele>223.5</ele>
                <name>Position 255</name>
            </trkpt>
            <trkpt lat="51.044076" lon="7.206646">
                <ele>220.8</ele>
                <name>Position 256</name>
            </trkpt>
            <trkpt lat="51.044521" lon="7.207251">
                <ele>217.0</ele>
                <name>Position 257</name>
            </trkpt>
            <trkpt lat="51.044878" lon="7.207891">
                <ele>211.0</ele>
                <name>Position 258</name>
            </trkpt>
            <trkpt lat="51.045063" lon="7.208104">
                <ele>208.5</ele>
                <name>Position 259</name>
            </trkpt>
            <trkpt lat="51.045383" lon="7.208211">
                <ele>206.0</ele>
                <name>Position 260</name>
            </trkpt>
            <trkpt lat="51.047237" lon="7.208644">
                <ele>198.0</ele>
                <name>Position 261</name>
            </trkpt>
            <trkpt lat="51.047544" lon="7.20873">
                <ele>197.0</ele>
                <name>Position 262</name>
            </trkpt>
            <trkpt lat="51.047735" lon="7.208855">
                <ele>198.0</ele>
                <name>Position 263</name>
            </trkpt>
            <trkpt lat="51.047852" lon="7.209003">
                <ele>198.0</ele>
                <name>Position 264</name>
            </trkpt>
            <trkpt lat="51.048089" lon="7.209535">
                <ele>199.0</ele>
                <name>Position 265</name>
            </trkpt>
            <trkpt lat="51.048365" lon="7.209853">
                <ele>196.0</ele>
                <name>Position 266</name>
            </trkpt>
            <trkpt lat="51.049377" lon="7.210054">
                <ele>200.3</ele>
                <name>Position 267</name>
            </trkpt>
            <trkpt lat="51.049893" lon="7.210325">
                <ele>199.0</ele>
                <name>Position 268</name>
            </trkpt>
            <trkpt lat="51.050153" lon="7.210578">
                <ele>196.0</ele>
                <name>Position 269</name>
            </trkpt>
            <trkpt lat="51.050284" lon="7.210808">
                <ele>193.0</ele>
                <name>Position 270</name>
            </trkpt>
            <trkpt lat="51.050353" lon="7.211008">
                <ele>194.0</ele>
                <name>Position 271</name>
            </trkpt>
            <trkpt lat="51.050398" lon="7.211275">
                <ele>197.0</ele>
                <name>Position 272</name>
            </trkpt>
            <trkpt lat="51.050411" lon="7.211403">
                <ele>198.0</ele>
                <name>Position 273</name>
            </trkpt>
            <trkpt lat="51.050399" lon="7.211643">
                <ele>200.0</ele>
                <name>Position 274</name>
            </trkpt>
            <trkpt lat="51.050355" lon="7.212035">
                <ele>201.0</ele>
                <name>Position 275</name>
            </trkpt>
            <trkpt lat="51.050334" lon="7.212293">
                <ele>202.0</ele>
                <name>Position 276</name>
            </trkpt>
            <trkpt lat="51.050334" lon="7.212293">
                <ele>202.0</ele>
                <name>Position 277</name>
            </trkpt>
            <trkpt lat="51.050319" lon="7.21266">
                <ele>203.0</ele>
                <name>Position 278</name>
            </trkpt>
            <trkpt lat="51.050321" lon="7.213168">
                <ele>205.0</ele>
                <name>Position 279</name>
            </trkpt>
            <trkpt lat="51.050352" lon="7.213561">
                <ele>206.0</ele>
                <name>Position 280</name>
            </trkpt>
            <trkpt lat="51.050378" lon="7.213715">
                <ele>206.0</ele>
                <name>Position 281</name>
            </trkpt>
            <trkpt lat="51.050455" lon="7.213982">
                <ele>207.0</ele>
                <name>Position 282</name>
            </trkpt>
            <trkpt lat="51.050543" lon="7.214191">
                <ele>207.0</ele>
                <name>Position 283</name>
            </trkpt>
            <trkpt lat="51.050738" lon="7.214514">
                <ele>205.0</ele>
                <name>Position 284</name>
            </trkpt>
            <trkpt lat="51.051007" lon="7.214765">
                <ele>205.8</ele>
                <name>Position 285</name>
            </trkpt>
            <trkpt lat="51.051303" lon="7.214915">
                <ele>209.5</ele>
                <name>Position 286</name>
            </trkpt>
            <trkpt lat="51.051628" lon="7.215106">
                <ele>214.0</ele>
                <name>Position 287</name>
            </trkpt>
            <trkpt lat="51.051877" lon="7.215341">
                <ele>217.0</ele>
                <name>Position 288</name>
            </trkpt>
            <trkpt lat="51.052165" lon="7.215739">
                <ele>220.0</ele>
                <name>Position 289</name>
            </trkpt>
            <trkpt lat="51.052593" lon="7.216491">
                <ele>224.0</ele>
                <name>Position 290</name>
            </trkpt>
            <trkpt lat="51.053523" lon="7.217818">
                <ele>236.0</ele>
                <name>Position 291</name>
            </trkpt>
            <trkpt lat="51.053911" lon="7.218524">
                <ele>241.8</ele>
                <name>Position 292</name>
            </trkpt>
            <trkpt lat="51.054142" lon="7.21882">
                <ele>244.0</ele>
                <name>Position 293</name>
            </trkpt>
            <trkpt lat="51.054471" lon="7.219059">
                <ele>244.0</ele>
                <name>Position 294</name>
            </trkpt>
            <trkpt lat="51.055442" lon="7.220252">
                <ele>241.8</ele>
                <name>Position 295</name>
            </trkpt>
            <trkpt lat="51.055609" lon="7.220369">
                <ele>241.0</ele>
                <name>Position 296</name>
            </trkpt>
            <trkpt lat="51.055782" lon="7.22083">
                <ele>242.0</ele>
                <name>Position 297</name>
            </trkpt>
            <trkpt lat="51.055877" lon="7.221105">
                <ele>242.0</ele>
                <name>Position 298</name>
            </trkpt>
            <trkpt lat="51.055908" lon="7.221274">
                <ele>242.0</ele>
                <name>Position 299</name>
            </trkpt>
            <trkpt lat="51.056011" lon="7.222177">
                <ele>244.0</ele>
                <name>Position 300</name>
            </trkpt>
            <trkpt lat="51.056056" lon="7.222779">
                <ele>244.0</ele>
                <name>Position 301</name>
            </trkpt>
            <trkpt lat="51.056095" lon="7.224461">
                <ele>247.0</ele>
                <name>Position 302</name>
            </trkpt>
            <trkpt lat="51.056148" lon="7.225089">
                <ele>250.8</ele>
                <name>Position 303</name>
            </trkpt>
            <trkpt lat="51.056214" lon="7.225697">
                <ele>257.0</ele>
                <name>Position 304</name>
            </trkpt>
            <trkpt lat="51.056198" lon="7.226025">
                <ele>259.0</ele>
                <name>Position 305</name>
            </trkpt>
            <trkpt lat="51.056143" lon="7.226488">
                <ele>262.0</ele>
                <name>Position 306</name>
            </trkpt>
            <trkpt lat="51.056158" lon="7.227248">
                <ele>267.0</ele>
                <name>Position 307</name>
            </trkpt>
            <trkpt lat="51.056152" lon="7.227879">
                <ele>270.0</ele>
                <name>Position 308</name>
            </trkpt>
            <trkpt lat="51.056053" lon="7.228341">
                <ele>273.0</ele>
                <name>Position 309</name>
            </trkpt>
            <trkpt lat="51.055885" lon="7.228699">
                <ele>272.0</ele>
                <name>Position 310</name>
            </trkpt>
            <trkpt lat="51.055654" lon="7.228844">
                <ele>272.0</ele>
                <name>Position 311</name>
            </trkpt>
            <trkpt lat="51.05495" lon="7.229051">
                <ele>275.0</ele>
                <name>Position 312</name>
            </trkpt>
            <trkpt lat="51.054827" lon="7.229169">
                <ele>276.0</ele>
                <name>Position 313</name>
            </trkpt>
            <trkpt lat="51.054786" lon="7.229379">
                <ele>276.0</ele>
                <name>Position 314</name>
            </trkpt>
            <trkpt lat="51.054799" lon="7.229661">
                <ele>276.0</ele>
                <name>Position 315</name>
            </trkpt>
            <trkpt lat="51.054872" lon="7.229937">
                <ele>274.0</ele>
                <name>Position 316</name>
            </trkpt>
            <trkpt lat="51.055401" lon="7.231147">
                <ele>268.0</ele>
                <name>Position 317</name>
            </trkpt>
            <trkpt lat="51.055795" lon="7.232057">
                <ele>263.0</ele>
                <name>Position 318</name>
            </trkpt>
            <trkpt lat="51.056109" lon="7.232358">
                <ele>262.0</ele>
                <name>Position 319</name>
            </trkpt>
            <trkpt lat="51.05674" lon="7.233002">
                <ele>259.0</ele>
                <name>Position 320</name>
            </trkpt>
            <trkpt lat="51.056888" lon="7.233244">
                <ele>259.0</ele>
                <name>Position 321</name>
            </trkpt>
            <trkpt lat="51.056816" lon="7.233422">
                <ele>259.0</ele>
                <name>Position 322</name>
            </trkpt>
            <trkpt lat="51.056513" lon="7.233663">
                <ele>261.0</ele>
                <name>Position 323</name>
            </trkpt>
            <trkpt lat="51.05641" lon="7.233855">
                <ele>261.0</ele>
                <name>Position 324</name>
            </trkpt>
            <trkpt lat="51.056479" lon="7.234098">
                <ele>260.0</ele>
                <name>Position 325</name>
            </trkpt>
            <trkpt lat="51.057434" lon="7.233464">
                <ele>256.0</ele>
                <name>Position 326</name>
            </trkpt>
            <trkpt lat="51.058046" lon="7.233485">
                <ele>257.0</ele>
                <name>Position 327</name>
            </trkpt>
            <trkpt lat="51.058412" lon="7.233603">
                <ele>256.5</ele>
                <name>Position 328</name>
            </trkpt>
            <trkpt lat="51.058819" lon="7.233957">
                <ele>259.0</ele>
                <name>Position 329</name>
            </trkpt>
            <trkpt lat="51.059352" lon="7.234603">
                <ele>260.0</ele>
                <name>Position 330</name>
            </trkpt>
            <trkpt lat="51.059736" lon="7.235133">
                <ele>260.5</ele>
                <name>Position 331</name>
            </trkpt>
            <trkpt lat="51.06048" lon="7.23587">
                <ele>266.0</ele>
                <name>Position 332</name>
            </trkpt>
            <trkpt lat="51.060698" lon="7.23602">
                <ele>267.0</ele>
                <name>Position 333</name>
            </trkpt>
            <trkpt lat="51.061739" lon="7.236619">
                <ele>270.0</ele>
                <name>Position 334</name>
            </trkpt>
            <trkpt lat="51.062045" lon="7.23695">
                <ele>270.0</ele>
                <name>Position 335</name>
            </trkpt>
            <trkpt lat="51.062406" lon="7.237475">
                <ele>267.5</ele>
                <name>Position 336</name>
            </trkpt>
            <trkpt lat="51.062855" lon="7.238412">
                <ele>262.0</ele>
                <name>Position 337</name>
            </trkpt>
            <trkpt lat="51.0632" lon="7.239018">
                <ele>260.0</ele>
                <name>Position 338</name>
            </trkpt>
            <trkpt lat="51.0635" lon="7.239412">
                <ele>260.0</ele>
                <name>Position 339</name>
            </trkpt>
            <trkpt lat="51.063845" lon="7.239808">
                <ele>260.0</ele>
                <name>Position 340</name>
            </trkpt>
            <trkpt lat="51.064035" lon="7.240021">
                <ele>260.0</ele>
                <name>Position 341</name>
            </trkpt>
            <trkpt lat="51.064284" lon="7.240307">
                <ele>259.0</ele>
                <name>Position 342</name>
            </trkpt>
            <trkpt lat="51.065346" lon="7.241549">
                <ele>258.5</ele>
                <name>Position 343</name>
            </trkpt>
            <trkpt lat="51.066378" lon="7.242531">
                <ele>261.0</ele>
                <name>Position 344</name>
            </trkpt>
            <trkpt lat="51.066851" lon="7.24291">
                <ele>259.5</ele>
                <name>Position 345</name>
            </trkpt>
            <trkpt lat="51.067255" lon="7.243291">
                <ele>258.5</ele>
                <name>Position 346</name>
            </trkpt>
            <trkpt lat="51.067629" lon="7.243782">
                <ele>257.0</ele>
                <name>Position 347</name>
            </trkpt>
            <trkpt lat="51.067875" lon="7.244206">
                <ele>256.0</ele>
                <name>Position 348</name>
            </trkpt>
            <trkpt lat="51.068206" lon="7.245118">
                <ele>254.8</ele>
                <name>Position 349</name>
            </trkpt>
            <trkpt lat="51.068294" lon="7.245468">
                <ele>256.0</ele>
                <name>Position 350</name>
            </trkpt>
            <trkpt lat="51.068654" lon="7.247584">
                <ele>257.0</ele>
                <name>Position 351</name>
            </trkpt>
            <trkpt lat="51.069015" lon="7.249493">
                <ele>254.5</ele>
                <name>Position 352</name>
            </trkpt>
            <trkpt lat="51.069361" lon="7.251181">
                <ele>251.0</ele>
                <name>Position 353</name>
            </trkpt>
            <trkpt lat="51.070064" lon="7.254483">
                <ele>240.3</ele>
                <name>Position 354</name>
            </trkpt>
            <trkpt lat="51.070583" lon="7.257235">
                <ele>235.3</ele>
                <name>Position 355</name>
            </trkpt>
            <trkpt lat="51.070757" lon="7.258293">
                <ele>236.8</ele>
                <name>Position 356</name>
            </trkpt>
            <trkpt lat="51.07091" lon="7.259311">
                <ele>239.0</ele>
                <name>Position 357</name>
            </trkpt>
            <trkpt lat="51.071079" lon="7.260443">
                <ele>242.0</ele>
                <name>Position 358</name>
            </trkpt>
            <trkpt lat="51.071264" lon="7.261577">
                <ele>251.0</ele>
                <name>Position 359</name>
            </trkpt>
            <trkpt lat="51.071465" lon="7.262401">
                <ele>258.0</ele>
                <name>Position 360</name>
            </trkpt>
            <trkpt lat="51.071602" lon="7.262811">
                <ele>261.0</ele>
                <name>Position 361</name>
            </trkpt>
            <trkpt lat="51.07183" lon="7.263394">
                <ele>264.0</ele>
                <name>Position 362</name>
            </trkpt>
            <trkpt lat="51.072111" lon="7.263951">
                <ele>265.0</ele>
                <name>Position 363</name>
            </trkpt>
            <trkpt lat="51.072464" lon="7.264499">
                <ele>267.0</ele>
                <name>Position 364</name>
            </trkpt>
            <trkpt lat="51.073139" lon="7.265337">
                <ele>263.0</ele>
                <name>Position 365</name>
            </trkpt>
            <trkpt lat="51.073716" lon="7.266004">
                <ele>265.0</ele>
                <name>Position 366</name>
            </trkpt>
            <trkpt lat="51.073452" lon="7.266378">
                <ele>263.0</ele>
                <name>Position 367</name>
            </trkpt>
            <trkpt lat="51.073267" lon="7.266485">
                <ele>262.0</ele>
                <name>Position 368</name>
            </trkpt>
            <trkpt lat="51.073136" lon="7.266535">
                <ele>261.0</ele>
                <name>Position 369</name>
            </trkpt>
            <trkpt lat="51.073136" lon="7.266535">
                <ele>261.0</ele>
                <name>Position 370</name>
            </trkpt>
            <trkpt lat="51.073452" lon="7.266378">
                <ele>263.0</ele>
                <name>Position 371</name>
            </trkpt>
            <trkpt lat="51.073267" lon="7.266485">
                <ele>262.0</ele>
                <name>Position 372</name>
            </trkpt>
            <trkpt lat="51.07311" lon="7.266543">
                <ele>261.0</ele>
                <name>Position 373</name>
            </trkpt>
            <trkpt lat="51.072601" lon="7.266604">
                <ele>259.0</ele>
                <name>Position 374</name>
            </trkpt>
            <trkpt lat="51.072269" lon="7.266656">
                <ele>257.0</ele>
                <name>Position 375</name>
            </trkpt>
            <trkpt lat="51.072094" lon="7.266724">
                <ele>256.0</ele>
                <name>Position 376</name>
            </trkpt>
            <trkpt lat="51.071961" lon="7.266826">
                <ele>255.0</ele>
                <name>Position 377</name>
            </trkpt>
            <trkpt lat="51.071792" lon="7.267096">
                <ele>254.0</ele>
                <name>Position 378</name>
            </trkpt>
            <trkpt lat="51.071464" lon="7.267786">
                <ele>250.0</ele>
                <name>Position 379</name>
            </trkpt>
            <trkpt lat="51.07134" lon="7.268174">
                <ele>248.0</ele>
                <name>Position 380</name>
            </trkpt>
            <trkpt lat="51.071247" lon="7.268617">
                <ele>246.0</ele>
                <name>Position 381</name>
            </trkpt>
            <trkpt lat="51.07116" lon="7.268785">
                <ele>245.0</ele>
                <name>Position 382</name>
            </trkpt>
            <trkpt lat="51.07101" lon="7.268876">
                <ele>245.0</ele>
                <name>Position 383</name>
            </trkpt>
            <trkpt lat="51.070848" lon="7.268921">
                <ele>245.0</ele>
                <name>Position 384</name>
            </trkpt>
            <trkpt lat="51.070698" lon="7.268915">
                <ele>244.0</ele>
                <name>Position 385</name>
            </trkpt>
            <trkpt lat="51.070577" lon="7.268879">
                <ele>243.0</ele>
                <name>Position 386</name>
            </trkpt>
            <trkpt lat="51.070386" lon="7.268784">
                <ele>243.0</ele>
                <name>Position 387</name>
            </trkpt>
            <trkpt lat="51.07016" lon="7.268723">
                <ele>242.0</ele>
                <name>Position 388</name>
            </trkpt>
            <trkpt lat="51.069699" lon="7.268802">
                <ele>239.0</ele>
                <name>Position 389</name>
            </trkpt>
            <trkpt lat="51.069514" lon="7.268824">
                <ele>238.0</ele>
                <name>Position 390</name>
            </trkpt>
            <trkpt lat="51.069317" lon="7.268813">
                <ele>236.0</ele>
                <name>Position 391</name>
            </trkpt>
            <trkpt lat="51.068989" lon="7.268738">
                <ele>235.0</ele>
                <name>Position 392</name>
            </trkpt>
            <trkpt lat="51.06846" lon="7.268568">
                <ele>233.0</ele>
                <name>Position 393</name>
            </trkpt>
            <trkpt lat="51.068268" lon="7.268488">
                <ele>233.0</ele>
                <name>Position 394</name>
            </trkpt>
            <trkpt lat="51.068153" lon="7.268388">
                <ele>234.0</ele>
                <name>Position 395</name>
            </trkpt>
            <trkpt lat="51.068063" lon="7.268226">
                <ele>235.0</ele>
                <name>Position 396</name>
            </trkpt>
            <trkpt lat="51.068015" lon="7.268031">
                <ele>235.0</ele>
                <name>Position 397</name>
            </trkpt>
            <trkpt lat="51.067999" lon="7.267859">
                <ele>235.0</ele>
                <name>Position 398</name>
            </trkpt>
            <trkpt lat="51.068006" lon="7.267737">
                <ele>235.0</ele>
                <name>Position 399</name>
            </trkpt>
            <trkpt lat="51.068043" lon="7.267628">
                <ele>235.0</ele>
                <name>Position 400</name>
            </trkpt>
            <trkpt lat="51.068106" lon="7.267547">
                <ele>235.0</ele>
                <name>Position 401</name>
            </trkpt>
            <trkpt lat="51.068246" lon="7.267455">
                <ele>234.0</ele>
                <name>Position 402</name>
            </trkpt>
            <trkpt lat="51.068389" lon="7.267342">
                <ele>233.0</ele>
                <name>Position 403</name>
            </trkpt>
            <trkpt lat="51.068529" lon="7.267186">
                <ele>233.0</ele>
                <name>Position 404</name>
            </trkpt>
            <trkpt lat="51.068832" lon="7.266778">
                <ele>232.0</ele>
                <name>Position 405</name>
            </trkpt>
            <trkpt lat="51.068875" lon="7.266694">
                <ele>232.0</ele>
                <name>Position 406</name>
            </trkpt>
            <trkpt lat="51.068885" lon="7.266649">
                <ele>232.0</ele>
                <name>Position 407</name>
            </trkpt>
            <trkpt lat="51.068889" lon="7.266592">
                <ele>232.0</ele>
                <name>Position 408</name>
            </trkpt>
            <trkpt lat="51.068874" lon="7.266491">
                <ele>230.8</ele>
                <name>Position 409</name>
            </trkpt>
            <trkpt lat="51.0688607" lon="7.2664606">
                <ele>230.0</ele>
                <time>2013-03-14T08:03:11.674Z</time>
                <name>Esbach, 51515 Kürten, North Rhine-Westphalia, Germany</name>
            </trkpt>
            <trkpt lat="51.068852" lon="7.266433">
                <ele>230.5</ele>
                <name>Position 411</name>
            </trkpt>
            <trkpt lat="51.068796" lon="7.26632">
                <ele>230.0</ele>
                <name>Position 412</name>
            </trkpt>
            <trkpt lat="51.068738" lon="7.266236">
                <ele>229.0</ele>
                <name>Position 413</name>
            </trkpt>
            <trkpt lat="51.068691" lon="7.266198">
                <ele>228.0</ele>
                <name>Position 414</name>
            </trkpt>
            <trkpt lat="51.068665" lon="7.266191">
                <ele>228.0</ele>
                <name>Position 415</name>
            </trkpt>
            <trkpt lat="51.068639" lon="7.266198">
                <ele>228.0</ele>
                <name>Position 416</name>
            </trkpt>
            <trkpt lat="51.068612" lon="7.266216">
                <ele>228.0</ele>
                <name>Position 417</name>
            </trkpt>
            <trkpt lat="51.068548" lon="7.266331">
                <ele>228.0</ele>
                <name>Position 418</name>
            </trkpt>
            <trkpt lat="51.068477" lon="7.266514">
                <ele>228.0</ele>
                <name>Position 419</name>
            </trkpt>
            <trkpt lat="51.068418" lon="7.266623">
                <ele>229.0</ele>
                <name>Position 420</name>
            </trkpt>
            <trkpt lat="51.068341" lon="7.2667">
                <ele>229.0</ele>
                <name>Position 421</name>
            </trkpt>
            <trkpt lat="51.068248" lon="7.266749">
                <ele>229.0</ele>
                <name>Position 422</name>
            </trkpt>
            <trkpt lat="51.067871" lon="7.266827">
                <ele>229.0</ele>
                <name>Position 423</name>
            </trkpt>
            <trkpt lat="51.067607" lon="7.266869">
                <ele>229.0</ele>
                <name>Position 424</name>
            </trkpt>
            <trkpt lat="51.067477" lon="7.266866">
                <ele>229.0</ele>
                <name>Position 425</name>
            </trkpt>
            <trkpt lat="51.067356" lon="7.266823">
                <ele>228.0</ele>
                <name>Position 426</name>
            </trkpt>
            <trkpt lat="51.067234" lon="7.266731">
                <ele>227.0</ele>
                <name>Position 427</name>
            </trkpt>
            <trkpt lat="51.067041" lon="7.266527">
                <ele>224.3</ele>
                <name>Position 428</name>
            </trkpt>
            <trkpt lat="51.06696" lon="7.266451">
                <ele>223.0</ele>
                <name>Position 429</name>
            </trkpt>
            <trkpt lat="51.066862" lon="7.266391">
                <ele>223.0</ele>
                <name>Position 430</name>
            </trkpt>
            <trkpt lat="51.066754" lon="7.266372">
                <ele>222.0</ele>
                <name>Position 431</name>
            </trkpt>
            <trkpt lat="51.06659" lon="7.266399">
                <ele>222.3</ele>
                <name>Position 432</name>
            </trkpt>
            <trkpt lat="51.066352" lon="7.266469">
                <ele>220.0</ele>
                <name>Position 433</name>
            </trkpt>
            <trkpt lat="51.066168" lon="7.266547">
                <ele>218.5</ele>
                <name>Position 434</name>
            </trkpt>
            <trkpt lat="51.065914" lon="7.266709">
                <ele>217.0</ele>
                <name>Position 435</name>
            </trkpt>
            <trkpt lat="51.065694" lon="7.266857">
                <ele>214.0</ele>
                <name>Position 436</name>
            </trkpt>
            <trkpt lat="51.065586" lon="7.266884">
                <ele>213.0</ele>
                <name>Position 437</name>
            </trkpt>
            <trkpt lat="51.065496" lon="7.266874">
                <ele>212.0</ele>
                <name>Position 438</name>
            </trkpt>
            <trkpt lat="51.065319" lon="7.266841">
                <ele>210.0</ele>
                <name>Position 439</name>
            </trkpt>
            <trkpt lat="51.065256" lon="7.266847">
                <ele>208.5</ele>
                <name>Position 440</name>
            </trkpt>
            <trkpt lat="51.065184" lon="7.266876">
                <ele>207.8</ele>
                <name>Position 441</name>
            </trkpt>
            <trkpt lat="51.065142" lon="7.266901">
                <ele>207.3</ele>
                <name>Position 442</name>
            </trkpt>
            <trkpt lat="51.064906" lon="7.267069">
                <ele>205.0</ele>
                <name>Position 443</name>
            </trkpt>
            <trkpt lat="51.064812" lon="7.267127">
                <ele>204.3</ele>
                <name>Position 444</name>
            </trkpt>
            <trkpt lat="51.064618" lon="7.267225">
                <ele>202.0</ele>
                <name>Position 445</name>
            </trkpt>
            <trkpt lat="51.064506" lon="7.267267">
                <ele>201.0</ele>
                <name>Position 446</name>
            </trkpt>
            <trkpt lat="51.064406" lon="7.267296">
                <ele>200.0</ele>
                <name>Position 447</name>
            </trkpt>
            <trkpt lat="51.064292" lon="7.267316">
                <ele>199.0</ele>
                <name>Position 448</name>
            </trkpt>
            <trkpt lat="51.064187" lon="7.267336">
                <ele>198.0</ele>
                <name>Position 449</name>
            </trkpt>
            <trkpt lat="51.064082" lon="7.26738">
                <ele>198.0</ele>
                <name>Position 450</name>
            </trkpt>
            <trkpt lat="51.063807" lon="7.267546">
                <ele>196.0</ele>
                <name>Position 451</name>
            </trkpt>
            <trkpt lat="51.063687" lon="7.267622">
                <ele>196.0</ele>
                <name>Position 452</name>
            </trkpt>
            <trkpt lat="51.063618" lon="7.267681">
                <ele>196.0</ele>
                <name>Position 453</name>
            </trkpt>
            <trkpt lat="51.063571" lon="7.267736">
                <ele>195.5</ele>
                <name>Position 454</name>
            </trkpt>
            <trkpt lat="51.063368" lon="7.268081">
                <ele>194.0</ele>
                <name>Position 455</name>
            </trkpt>
            <trkpt lat="51.063281" lon="7.268214">
                <ele>194.0</ele>
                <name>Position 456</name>
            </trkpt>
            <trkpt lat="51.063192" lon="7.26832">
                <ele>193.5</ele>
                <name>Position 457</name>
            </trkpt>
            <trkpt lat="51.063116" lon="7.268369">
                <ele>194.8</ele>
                <name>Position 458</name>
            </trkpt>
            <trkpt lat="51.063007" lon="7.268385">
                <ele>197.0</ele>
                <name>Position 459</name>
            </trkpt>
            <trkpt lat="51.062881" lon="7.268352">
                <ele>197.5</ele>
                <name>Position 460</name>
            </trkpt>
            <trkpt lat="51.062698" lon="7.268231">
                <ele>200.0</ele>
                <name>Position 461</name>
            </trkpt>
            <trkpt lat="51.062547" lon="7.268091">
                <ele>200.0</ele>
                <name>Position 462</name>
            </trkpt>
            <trkpt lat="51.062413" lon="7.267898">
                <ele>200.0</ele>
                <name>Position 463</name>
            </trkpt>
            <trkpt lat="51.062266" lon="7.267587">
                <ele>198.0</ele>
                <name>Position 464</name>
            </trkpt>
            <trkpt lat="51.062107" lon="7.26726">
                <ele>197.0</ele>
                <name>Position 465</name>
            </trkpt>
            <trkpt lat="51.061975" lon="7.267061">
                <ele>195.0</ele>
                <name>Position 466</name>
            </trkpt>
            <trkpt lat="51.061792" lon="7.266846">
                <ele>193.0</ele>
                <name>Position 467</name>
            </trkpt>
            <trkpt lat="51.061421" lon="7.266462">
                <ele>190.0</ele>
                <name>Position 468</name>
            </trkpt>
            <trkpt lat="51.060641" lon="7.265661">
                <ele>191.0</ele>
                <name>Position 469</name>
            </trkpt>
            <trkpt lat="51.059537" lon="7.264576">
                <ele>194.0</ele>
                <name>Position 470</name>
            </trkpt>
            <trkpt lat="51.059108" lon="7.264208">
                <ele>195.0</ele>
                <name>Position 471</name>
            </trkpt>
            <trkpt lat="51.058885" lon="7.264095">
                <ele>195.0</ele>
                <name>Position 472</name>
            </trkpt>
            <trkpt lat="51.058496" lon="7.263997">
                <ele>195.0</ele>
                <name>Position 473</name>
            </trkpt>
            <trkpt lat="51.05827" lon="7.263972">
                <ele>196.0</ele>
                <name>Position 474</name>
            </trkpt>
            <trkpt lat="51.058116" lon="7.264035">
                <ele>195.0</ele>
                <name>Position 475</name>
            </trkpt>
            <trkpt lat="51.057949" lon="7.264187">
                <ele>194.0</ele>
                <name>Position 476</name>
            </trkpt>
            <trkpt lat="51.057613" lon="7.264534">
                <ele>192.0</ele>
                <name>Position 477</name>
            </trkpt>
            <trkpt lat="51.057368" lon="7.264608">
                <ele>191.0</ele>
                <name>Position 478</name>
            </trkpt>
            <trkpt lat="51.056796" lon="7.264321">
                <ele>191.0</ele>
                <name>Position 479</name>
            </trkpt>
            <trkpt lat="51.056539" lon="7.264174">
                <ele>191.0</ele>
                <name>Position 480</name>
            </trkpt>
            <trkpt lat="51.05608" lon="7.263988">
                <ele>193.0</ele>
                <name>Position 481</name>
            </trkpt>
            <trkpt lat="51.055661" lon="7.263948">
                <ele>194.0</ele>
                <name>Position 482</name>
            </trkpt>
            <trkpt lat="51.055277" lon="7.264204">
                <ele>193.0</ele>
                <name>Position 483</name>
            </trkpt>
            <trkpt lat="51.054991" lon="7.264562">
                <ele>192.0</ele>
                <name>Position 484</name>
            </trkpt>
            <trkpt lat="51.054085" lon="7.265636">
                <ele>186.0</ele>
                <name>Position 485</name>
            </trkpt>
            <trkpt lat="51.054085" lon="7.265636">
                <ele>186.0</ele>
                <name>Position 486</name>
            </trkpt>
            <trkpt lat="51.053819" lon="7.266233">
                <ele>182.8</ele>
                <name>Position 487</name>
            </trkpt>
            <trkpt lat="51.053487" lon="7.267084">
                <ele>178.0</ele>
                <name>Position 488</name>
            </trkpt>
            <trkpt lat="51.053234" lon="7.267465">
                <ele>175.0</ele>
                <name>Position 489</name>
            </trkpt>
            <trkpt lat="51.053057" lon="7.267499">
                <ele>174.0</ele>
                <name>Position 490</name>
            </trkpt>
            <trkpt lat="51.052791" lon="7.266968">
                <ele>175.8</ele>
                <name>Position 491</name>
            </trkpt>
            <trkpt lat="51.052356" lon="7.266052">
                <ele>175.8</ele>
                <name>Position 492</name>
            </trkpt>
            <trkpt lat="51.051875" lon="7.265039">
                <ele>173.5</ele>
                <name>Position 493</name>
            </trkpt>
            <trkpt lat="51.051487" lon="7.264234">
                <ele>175.0</ele>
                <name>Position 494</name>
            </trkpt>
            <trkpt lat="51.050885" lon="7.263134">
                <ele>178.5</ele>
                <name>Position 495</name>
            </trkpt>
            <trkpt lat="51.050362" lon="7.262726">
                <ele>182.0</ele>
                <name>Position 496</name>
            </trkpt>
            <trkpt lat="51.049701" lon="7.262649">
                <ele>183.0</ele>
                <name>Position 497</name>
            </trkpt>
            <trkpt lat="51.048707" lon="7.262877">
                <ele>184.0</ele>
                <name>Position 498</name>
            </trkpt>
            <trkpt lat="51.047859" lon="7.263464">
                <ele>182.0</ele>
                <name>Position 499</name>
            </trkpt>
            <trkpt lat="51.046778" lon="7.264177">
                <ele>176.0</ele>
                <name>Position 500</name>
            </trkpt>
            <trkpt lat="51.04592" lon="7.264124">
                <ele>173.0</ele>
                <name>Position 501</name>
            </trkpt>
            <trkpt lat="51.045353" lon="7.263786">
                <ele>173.0</ele>
                <name>Position 502</name>
            </trkpt>
            <trkpt lat="51.044065" lon="7.262974">
                <ele>169.0</ele>
                <name>Position 503</name>
            </trkpt>
            <trkpt lat="51.04217" lon="7.261798">
                <ele>170.3</ele>
                <name>Position 504</name>
            </trkpt>
            <trkpt lat="51.04094" lon="7.261003">
                <ele>168.0</ele>
                <name>Position 505</name>
            </trkpt>
            <trkpt lat="51.04025" lon="7.260599">
                <ele>171.0</ele>
                <name>Position 506</name>
            </trkpt>
            <trkpt lat="51.039884" lon="7.260431">
                <ele>171.0</ele>
                <name>Position 507</name>
            </trkpt>
            <trkpt lat="51.03837" lon="7.259757">
                <ele>169.0</ele>
                <name>Position 508</name>
            </trkpt>
            <trkpt lat="51.037472" lon="7.259315">
                <ele>166.3</ele>
                <name>Position 509</name>
            </trkpt>
            <trkpt lat="51.03667" lon="7.259452">
                <ele>166.0</ele>
                <name>Position 510</name>
            </trkpt>
            <trkpt lat="51.035613" lon="7.259966">
                <ele>169.0</ele>
                <name>Position 511</name>
            </trkpt>
            <trkpt lat="51.033146" lon="7.261098">
                <ele>165.8</ele>
                <name>Position 512</name>
            </trkpt>
            <trkpt lat="51.032056" lon="7.261539">
                <ele>163.0</ele>
                <name>Position 513</name>
            </trkpt>
            <trkpt lat="51.031121" lon="7.262109">
                <ele>161.0</ele>
                <name>Position 514</name>
            </trkpt>
            <trkpt lat="51.030332" lon="7.262927">
                <ele>159.0</ele>
                <name>Position 515</name>
            </trkpt>
            <trkpt lat="51.029584" lon="7.263213">
                <ele>157.5</ele>
                <name>Position 516</name>
            </trkpt>
            <trkpt lat="51.027721" lon="7.263645">
                <ele>159.8</ele>
                <name>Position 517</name>
            </trkpt>
            <trkpt lat="51.027226" lon="7.263624">
                <ele>160.0</ele>
                <name>Position 518</name>
            </trkpt>
            <trkpt lat="51.027066" lon="7.263513">
                <ele>161.0</ele>
                <name>Position 519</name>
            </trkpt>
            <trkpt lat="51.026799" lon="7.263057">
                <ele>163.0</ele>
                <name>Position 520</name>
            </trkpt>
            <trkpt lat="51.026561" lon="7.262552">
                <ele>166.0</ele>
                <name>Position 521</name>
            </trkpt>
            <trkpt lat="51.026155" lon="7.261709">
                <ele>177.0</ele>
                <name>Position 522</name>
            </trkpt>
            <trkpt lat="51.025244" lon="7.259508">
                <ele>185.0</ele>
                <name>Position 523</name>
            </trkpt>
            <trkpt lat="51.024153" lon="7.257767">
                <ele>191.0</ele>
                <name>Position 524</name>
            </trkpt>
            <trkpt lat="51.023779" lon="7.257304">
                <ele>196.0</ele>
                <name>Position 525</name>
            </trkpt>
            <trkpt lat="51.022874" lon="7.256389">
                <ele>202.0</ele>
                <name>Position 526</name>
            </trkpt>
            <trkpt lat="51.021959" lon="7.254089">
                <ele>210.0</ele>
                <name>Position 527</name>
            </trkpt>
            <trkpt lat="51.021215" lon="7.252973">
                <ele>212.0</ele>
                <name>Position 528</name>
            </trkpt>
            <trkpt lat="51.02078" lon="7.251716">
                <ele>221.0</ele>
                <name>Position 529</name>
            </trkpt>
            <trkpt lat="51.020319" lon="7.249066">
                <ele>224.0</ele>
                <name>Position 530</name>
            </trkpt>
            <trkpt lat="51.02016" lon="7.247756">
                <ele>225.8</ele>
                <name>Position 531</name>
            </trkpt>
            <trkpt lat="51.020049" lon="7.247161">
                <ele>224.8</ele>
                <name>Position 532</name>
            </trkpt>
            <trkpt lat="51.019772" lon="7.246307">
                <ele>230.0</ele>
                <name>Position 533</name>
            </trkpt>
            <trkpt lat="51.019588" lon="7.245658">
                <ele>232.0</ele>
                <name>Position 534</name>
            </trkpt>
            <trkpt lat="51.019557" lon="7.245128">
                <ele>233.0</ele>
                <name>Position 535</name>
            </trkpt>
            <trkpt lat="51.019501" lon="7.244198">
                <ele>233.0</ele>
                <name>Position 536</name>
            </trkpt>
            <trkpt lat="51.019211" lon="7.244296">
                <ele>233.0</ele>
                <name>Position 537</name>
            </trkpt>
            <trkpt lat="51.018774" lon="7.243957">
                <ele>235.0</ele>
                <name>Position 538</name>
            </trkpt>
            <trkpt lat="51.017442" lon="7.243195">
                <ele>241.5</ele>
                <name>Position 539</name>
            </trkpt>
            <trkpt lat="51.016919" lon="7.242966">
                <ele>246.0</ele>
                <name>Position 540</name>
            </trkpt>
            <trkpt lat="51.016652" lon="7.242724">
                <ele>248.0</ele>
                <name>Position 541</name>
            </trkpt>
            <trkpt lat="51.016489" lon="7.242715">
                <ele>247.0</ele>
                <name>Position 542</name>
            </trkpt>
            <trkpt lat="51.016341" lon="7.242879">
                <ele>246.0</ele>
                <name>Position 543</name>
            </trkpt>
            <trkpt lat="51.016023" lon="7.244319">
                <ele>249.8</ele>
                <name>Position 544</name>
            </trkpt>
            <trkpt lat="51.015829" lon="7.244958">
                <ele>251.8</ele>
                <name>Position 545</name>
            </trkpt>
            <trkpt lat="51.015707" lon="7.245083">
                <ele>254.0</ele>
                <name>Position 546</name>
            </trkpt>
            <trkpt lat="51.015564" lon="7.245097">
                <ele>255.0</ele>
                <name>Position 547</name>
            </trkpt>
            <trkpt lat="51.015368" lon="7.244962">
                <ele>255.5</ele>
                <name>Position 548</name>
            </trkpt>
            <trkpt lat="51.014259" lon="7.243848">
                <ele>263.0</ele>
                <name>Position 549</name>
            </trkpt>
            <trkpt lat="51.013412" lon="7.242516">
                <ele>270.0</ele>
                <name>Position 550</name>
            </trkpt>
            <trkpt lat="51.012443" lon="7.240646">
                <ele>262.0</ele>
                <name>Position 551</name>
            </trkpt>
            <trkpt lat="51.012018" lon="7.240066">
                <ele>260.5</ele>
                <name>Position 552</name>
            </trkpt>
            <trkpt lat="51.011239" lon="7.239472">
                <ele>262.0</ele>
                <name>Position 553</name>
            </trkpt>
            <trkpt lat="51.010649" lon="7.239408">
                <ele>261.0</ele>
                <name>Position 554</name>
            </trkpt>
            <trkpt lat="51.010341" lon="7.239536">
                <ele>261.0</ele>
                <name>Position 555</name>
            </trkpt>
            <trkpt lat="51.009282" lon="7.240398">
                <ele>254.0</ele>
                <name>Position 556</name>
            </trkpt>
            <trkpt lat="51.008821" lon="7.240584">
                <ele>251.8</ele>
                <name>Position 557</name>
            </trkpt>
            <trkpt lat="51.008123" lon="7.240469">
                <ele>252.0</ele>
                <name>Position 558</name>
            </trkpt>
            <trkpt lat="51.0078197" lon="7.2402231">
                <ele>253.4</ele>
                <name>Offermannsheider Straße 104, 51515 Kürten, Deutschland</name>
            </trkpt>
            <trkpt lat="51.007456" lon="7.24003">
                <ele>255.0</ele>
                <name>Position 560</name>
            </trkpt>
            <trkpt lat="51.006997" lon="7.239863">
                <ele>254.0</ele>
                <name>Position 561</name>
            </trkpt>
            <trkpt lat="51.006575" lon="7.239952">
                <ele>252.8</ele>
                <name>Position 562</name>
            </trkpt>
            <trkpt lat="51.006289" lon="7.240164">
                <ele>252.0</ele>
                <name>Position 563</name>
            </trkpt>
            <trkpt lat="51.0057" lon="7.241185">
                <ele>245.0</ele>
                <name>Position 564</name>
            </trkpt>
            <trkpt lat="51.005245" lon="7.242063">
                <ele>238.0</ele>
                <name>Position 565</name>
            </trkpt>
            <trkpt lat="51.004886" lon="7.242517">
                <ele>235.0</ele>
                <name>Position 566</name>
            </trkpt>
            <trkpt lat="51.0045" lon="7.242722">
                <ele>238.0</ele>
                <name>Position 567</name>
            </trkpt>
            <trkpt lat="51.004057" lon="7.243012">
                <ele>236.5</ele>
                <name>Position 568</name>
            </trkpt>
            <trkpt lat="51.003598" lon="7.244235">
                <ele>233.0</ele>
                <name>Position 569</name>
            </trkpt>
            <trkpt lat="51.003285" lon="7.24579">
                <ele>225.0</ele>
                <name>Position 570</name>
            </trkpt>
            <trkpt lat="51.002044" lon="7.247909">
                <ele>224.0</ele>
                <name>Position 571</name>
            </trkpt>
            <trkpt lat="51.001566" lon="7.248781">
                <ele>225.8</ele>
                <name>Position 572</name>
            </trkpt>
            <trkpt lat="51.001429" lon="7.249544">
                <ele>226.5</ele>
                <name>Position 573</name>
            </trkpt>
            <trkpt lat="51.001334" lon="7.250887">
                <ele>228.0</ele>
                <name>Position 574</name>
            </trkpt>
            <trkpt lat="51.001168" lon="7.251601">
                <ele>227.0</ele>
                <name>Position 575</name>
            </trkpt>
            <trkpt lat="51.000397" lon="7.253362">
                <ele>223.0</ele>
                <name>Position 576</name>
            </trkpt>
            <trkpt lat="51.000134" lon="7.254009">
                <ele>219.3</ele>
                <name>Position 577</name>
            </trkpt>
            <trkpt lat="51.000042" lon="7.254987">
                <ele>216.0</ele>
                <name>Position 578</name>
            </trkpt>
            <trkpt lat="51.000012" lon="7.255649">
                <ele>215.0</ele>
                <name>Position 579</name>
            </trkpt>
            <trkpt lat="50.999955" lon="7.256095">
                <ele>215.0</ele>
                <name>Position 580</name>
            </trkpt>
            <trkpt lat="50.999723" lon="7.256785">
                <ele>215.0</ele>
                <name>Position 581</name>
            </trkpt>
            <trkpt lat="50.999084" lon="7.258004">
                <ele>211.0</ele>
                <name>Position 582</name>
            </trkpt>
            <trkpt lat="50.998595" lon="7.25906">
                <ele>202.0</ele>
                <name>Position 583</name>
            </trkpt>
            <trkpt lat="50.997947" lon="7.260569">
                <ele>189.0</ele>
                <name>Position 584</name>
            </trkpt>
            <trkpt lat="50.997793" lon="7.261227">
                <ele>187.8</ele>
                <name>Position 585</name>
            </trkpt>
            <trkpt lat="50.99773" lon="7.2623">
                <ele>186.0</ele>
                <name>Position 586</name>
            </trkpt>
            <trkpt lat="50.997603" lon="7.262994">
                <ele>184.0</ele>
                <name>Position 587</name>
            </trkpt>
            <trkpt lat="50.997319" lon="7.263852">
                <ele>178.3</ele>
                <name>Position 588</name>
            </trkpt>
            <trkpt lat="50.997102" lon="7.264377">
                <ele>175.0</ele>
                <name>Position 589</name>
            </trkpt>
            <trkpt lat="50.996954" lon="7.264853">
                <ele>172.5</ele>
                <name>Position 590</name>
            </trkpt>
            <trkpt lat="50.997024" lon="7.265321">
                <ele>171.0</ele>
                <name>Position 591</name>
            </trkpt>
            <trkpt lat="50.997221" lon="7.265496">
                <ele>171.0</ele>
                <name>Position 592</name>
            </trkpt>
            <trkpt lat="50.99757" lon="7.265538">
                <ele>171.0</ele>
                <name>Position 593</name>
            </trkpt>
            <trkpt lat="50.997905" lon="7.265529">
                <ele>167.0</ele>
                <name>Position 594</name>
            </trkpt>
            <trkpt lat="50.998171" lon="7.265364">
                <ele>165.0</ele>
                <name>Position 595</name>
            </trkpt>
            <trkpt lat="50.998222" lon="7.26514">
                <ele>166.0</ele>
                <name>Position 596</name>
            </trkpt>
            <trkpt lat="50.998222" lon="7.264752">
                <ele>168.0</ele>
                <name>Position 597</name>
            </trkpt>
            <trkpt lat="50.998296" lon="7.264571">
                <ele>168.8</ele>
                <name>Position 598</name>
            </trkpt>
            <trkpt lat="50.998422" lon="7.264575">
                <ele>167.5</ele>
                <name>Position 599</name>
            </trkpt>
            <trkpt lat="50.998577" lon="7.265002">
                <ele>163.0</ele>
                <name>Position 600</name>
            </trkpt>
            <trkpt lat="50.998601" lon="7.265719">
                <ele>160.0</ele>
                <name>Position 601</name>
            </trkpt>
            <trkpt lat="50.99835" lon="7.266373">
                <ele>155.0</ele>
                <name>Position 602</name>
            </trkpt>
            <trkpt lat="50.997893" lon="7.267034">
                <ele>152.0</ele>
                <name>Position 603</name>
            </trkpt>
            <trkpt lat="50.997125" lon="7.268487">
                <ele>142.0</ele>
                <name>Position 604</name>
            </trkpt>
            <trkpt lat="50.996922" lon="7.269552">
                <ele>134.0</ele>
                <name>Position 605</name>
            </trkpt>
            <trkpt lat="50.996719" lon="7.269501">
                <ele>133.0</ele>
                <name>Position 606</name>
            </trkpt>
            <trkpt lat="50.996304" lon="7.268782">
                <ele>137.0</ele>
                <name>Position 607</name>
            </trkpt>
            <trkpt lat="50.995205" lon="7.265792">
                <ele>140.3</ele>
                <name>Position 608</name>
            </trkpt>
            <trkpt lat="50.993868" lon="7.261998">
                <ele>135.0</ele>
                <name>Position 609</name>
            </trkpt>
            <trkpt lat="50.992332" lon="7.257587">
                <ele>128.0</ele>
                <name>Position 610</name>
            </trkpt>
            <trkpt lat="50.99207" lon="7.256922">
                <ele>130.3</ele>
                <name>Position 611</name>
            </trkpt>
            <trkpt lat="50.991863" lon="7.256538">
                <ele>130.0</ele>
                <name>Position 612</name>
            </trkpt>
            <trkpt lat="50.991391" lon="7.255903">
                <ele>134.0</ele>
                <name>Position 613</name>
            </trkpt>
            <trkpt lat="50.990091" lon="7.254795">
                <ele>142.3</ele>
                <name>Position 614</name>
            </trkpt>
            <trkpt lat="50.989045" lon="7.25374">
                <ele>139.0</ele>
                <name>Position 615</name>
            </trkpt>
            <trkpt lat="50.988613" lon="7.253204">
                <ele>137.0</ele>
                <name>Position 616</name>
            </trkpt>
            <trkpt lat="50.988105" lon="7.252386">
                <ele>134.0</ele>
                <name>Position 617</name>
            </trkpt>
            <trkpt lat="50.987423" lon="7.251268">
                <ele>126.0</ele>
                <name>Position 618</name>
            </trkpt>
            <trkpt lat="50.986293" lon="7.24941">
                <ele>126.0</ele>
                <name>Position 619</name>
            </trkpt>
            <trkpt lat="50.985607" lon="7.248268">
                <ele>126.0</ele>
                <name>Position 620</name>
            </trkpt>
            <trkpt lat="50.98409" lon="7.246281">
                <ele>132.0</ele>
                <name>Position 621</name>
            </trkpt>
            <trkpt lat="50.983389" lon="7.245877">
                <ele>130.0</ele>
                <name>Position 622</name>
            </trkpt>
            <trkpt lat="50.982925" lon="7.245952">
                <ele>127.0</ele>
                <name>Position 623</name>
            </trkpt>
            <trkpt lat="50.98273" lon="7.246022">
                <ele>127.0</ele>
                <name>Position 624</name>
            </trkpt>
            <trkpt lat="50.98228" lon="7.246182">
                <ele>128.0</ele>
                <name>Position 625</name>
            </trkpt>
            <trkpt lat="50.981433" lon="7.246703">
                <ele>129.0</ele>
                <name>Position 626</name>
            </trkpt>
            <trkpt lat="50.981133" lon="7.247485">
                <ele>126.0</ele>
                <name>Position 627</name>
            </trkpt>
            <trkpt lat="50.981144" lon="7.248562">
                <ele>124.0</ele>
                <name>Position 628</name>
            </trkpt>
            <trkpt lat="50.981689" lon="7.249598">
                <ele>127.0</ele>
                <name>Position 629</name>
            </trkpt>
            <trkpt lat="50.982362" lon="7.250042">
                <ele>126.3</ele>
                <name>Position 630</name>
            </trkpt>
            <trkpt lat="50.983326" lon="7.250671">
                <ele>124.0</ele>
                <name>Position 631</name>
            </trkpt>
            <trkpt lat="50.983875" lon="7.251433">
                <ele>129.5</ele>
                <name>Position 632</name>
            </trkpt>
            <trkpt lat="50.983928" lon="7.25236">
                <ele>132.0</ele>
                <name>Position 633</name>
            </trkpt>
            <trkpt lat="50.983557" lon="7.253348">
                <ele>135.0</ele>
                <name>Position 634</name>
            </trkpt>
            <trkpt lat="50.982504" lon="7.254158">
                <ele>127.0</ele>
                <name>Position 635</name>
            </trkpt>
            <trkpt lat="50.981284" lon="7.254038">
                <ele>126.0</ele>
                <name>Position 636</name>
            </trkpt>
            <trkpt lat="50.980514" lon="7.253723">
                <ele>126.0</ele>
                <name>Position 637</name>
            </trkpt>
            <trkpt lat="50.979519" lon="7.252919">
                <ele>121.0</ele>
                <name>Position 638</name>
            </trkpt>
            <trkpt lat="50.978957" lon="7.25259">
                <ele>119.0</ele>
                <name>Position 639</name>
            </trkpt>
            <trkpt lat="50.978472" lon="7.25252">
                <ele>115.0</ele>
                <name>Position 640</name>
            </trkpt>
            <trkpt lat="50.978025" lon="7.252558">
                <ele>114.0</ele>
                <name>Position 641</name>
            </trkpt>
            <trkpt lat="50.977793" lon="7.252633">
                <ele>114.0</ele>
                <name>Position 642</name>
            </trkpt>
            <trkpt lat="50.977512" lon="7.2528">
                <ele>113.0</ele>
                <name>Position 643</name>
            </trkpt>
            <trkpt lat="50.976564" lon="7.254104">
                <ele>116.0</ele>
                <name>Position 644</name>
            </trkpt>
            <trkpt lat="50.975242" lon="7.256279">
                <ele>112.3</ele>
                <name>Position 645</name>
            </trkpt>
            <trkpt lat="50.974418" lon="7.257587">
                <ele>114.0</ele>
                <name>Position 646</name>
            </trkpt>
            <trkpt lat="50.973935" lon="7.258271">
                <ele>117.0</ele>
                <name>Position 647</name>
            </trkpt>
            <trkpt lat="50.973548" lon="7.258704">
                <ele>122.0</ele>
                <name>Position 648</name>
            </trkpt>
            <trkpt lat="50.973345" lon="7.258813">
                <ele>123.0</ele>
                <name>Position 649</name>
            </trkpt>
            <trkpt lat="50.972461" lon="7.259105">
                <ele>125.0</ele>
                <name>Position 650</name>
            </trkpt>
            <trkpt lat="50.971614" lon="7.25971">
                <ele>119.0</ele>
                <name>Position 651</name>
            </trkpt>
            <trkpt lat="50.971207" lon="7.259834">
                <ele>115.0</ele>
                <name>Position 652</name>
            </trkpt>
            <trkpt lat="50.970833" lon="7.259863">
                <ele>111.0</ele>
                <name>Position 653</name>
            </trkpt>
            <trkpt lat="50.97052" lon="7.259883">
                <ele>110.0</ele>
                <name>Position 654</name>
            </trkpt>
            <trkpt lat="50.970076" lon="7.259914">
                <ele>109.0</ele>
                <name>Position 655</name>
            </trkpt>
            <trkpt lat="50.970205" lon="7.260414">
                <ele>109.5</ele>
                <name>Position 656</name>
            </trkpt>
            <trkpt lat="50.970277" lon="7.260746">
                <ele>110.0</ele>
                <name>Position 657</name>
            </trkpt>
            <trkpt lat="50.970277" lon="7.260747">
                <ele>110.0</ele>
                <name>Position 658</name>
            </trkpt>
            <trkpt lat="50.970393" lon="7.261208">
                <ele>111.8</ele>
                <name>Position 659</name>
            </trkpt>
            <trkpt lat="50.970582" lon="7.262038">
                <ele>115.0</ele>
                <name>Position 660</name>
            </trkpt>
            <trkpt lat="50.970866" lon="7.263354">
                <ele>118.0</ele>
                <name>Position 661</name>
            </trkpt>
            <trkpt lat="50.971203" lon="7.265703">
                <ele>136.8</ele>
                <name>Position 662</name>
            </trkpt>
            <trkpt lat="50.971591" lon="7.26708">
                <ele>137.3</ele>
                <name>Position 663</name>
            </trkpt>
            <trkpt lat="50.972139" lon="7.268388">
                <ele>138.0</ele>
                <name>Position 664</name>
            </trkpt>
            <trkpt lat="50.972727" lon="7.27023">
                <ele>123.8</ele>
                <name>Position 665</name>
            </trkpt>
            <trkpt lat="50.973038" lon="7.271575">
                <ele>123.5</ele>
                <name>Position 666</name>
            </trkpt>
            <trkpt lat="50.973145" lon="7.272275">
                <ele>127.0</ele>
                <name>Position 667</name>
            </trkpt>
            <trkpt lat="50.97322" lon="7.273295">
                <ele>132.3</ele>
                <name>Position 668</name>
            </trkpt>
            <trkpt lat="50.973248" lon="7.273746">
                <ele>134.8</ele>
                <name>Position 669</name>
            </trkpt>
            <trkpt lat="50.973364" lon="7.274535">
                <ele>137.5</ele>
                <name>Position 670</name>
            </trkpt>
            <trkpt lat="50.973891" lon="7.275611">
                <ele>133.0</ele>
                <name>Position 671</name>
            </trkpt>
            <trkpt lat="50.974996" lon="7.27726">
                <ele>127.0</ele>
                <name>Position 672</name>
            </trkpt>
            <trkpt lat="50.975089" lon="7.277416">
                <ele>127.0</ele>
                <name>Position 673</name>
            </trkpt>
            <trkpt lat="50.975721" lon="7.278517">
                <ele>131.0</ele>
                <name>Position 674</name>
            </trkpt>
            <trkpt lat="50.976389" lon="7.279771">
                <ele>136.0</ele>
                <name>Position 675</name>
            </trkpt>
            <trkpt lat="50.976983" lon="7.281789">
                <ele>134.0</ele>
                <name>Position 676</name>
            </trkpt>
            <trkpt lat="50.97716" lon="7.282379">
                <ele>136.0</ele>
                <name>Position 677</name>
            </trkpt>
            <trkpt lat="50.977522" lon="7.28321">
                <ele>137.0</ele>
                <name>Position 678</name>
            </trkpt>
            <trkpt lat="50.978193" lon="7.2843">
                <ele>142.8</ele>
                <name>Position 679</name>
            </trkpt>
            <trkpt lat="50.979197" lon="7.285754">
                <ele>144.0</ele>
                <name>Position 680</name>
            </trkpt>
            <trkpt lat="50.979913" lon="7.286388">
                <ele>148.3</ele>
                <name>Position 681</name>
            </trkpt>
            <trkpt lat="50.980296" lon="7.287395">
                <ele>146.0</ele>
                <name>Position 682</name>
            </trkpt>
            <trkpt lat="50.980811" lon="7.288812">
                <ele>148.0</ele>
                <name>Position 683</name>
            </trkpt>
            <trkpt lat="50.980915" lon="7.289268">
                <ele>146.0</ele>
                <name>Position 684</name>
            </trkpt>
            <trkpt lat="50.981148" lon="7.291163">
                <ele>139.0</ele>
                <name>Position 685</name>
            </trkpt>
            <trkpt lat="50.981155" lon="7.292407">
                <ele>140.0</ele>
                <name>Position 686</name>
            </trkpt>
            <trkpt lat="50.981291" lon="7.293335">
                <ele>141.8</ele>
                <name>Position 687</name>
            </trkpt>
            <trkpt lat="50.981632" lon="7.294236">
                <ele>144.0</ele>
                <name>Position 688</name>
            </trkpt>
            <trkpt lat="50.982043" lon="7.296191">
                <ele>141.0</ele>
                <name>Position 689</name>
            </trkpt>
            <trkpt lat="50.982463" lon="7.29856">
                <ele>143.0</ele>
                <name>Position 690</name>
            </trkpt>
            <trkpt lat="50.982732" lon="7.300458">
                <ele>146.0</ele>
                <name>Position 691</name>
            </trkpt>
            <trkpt lat="50.983105" lon="7.301106">
                <ele>149.8</ele>
                <name>Position 692</name>
            </trkpt>
            <trkpt lat="50.984364" lon="7.301962">
                <ele>153.0</ele>
                <name>Position 693</name>
            </trkpt>
            <trkpt lat="50.98467" lon="7.302347">
                <ele>159.8</ele>
                <name>Position 694</name>
            </trkpt>
            <trkpt lat="50.984997" lon="7.304527">
                <ele>158.0</ele>
                <name>Position 695</name>
            </trkpt>
            <trkpt lat="50.985649" lon="7.307181">
                <ele>161.0</ele>
                <name>Position 696</name>
            </trkpt>
            <trkpt lat="50.985853" lon="7.307886">
                <ele>155.0</ele>
                <name>Position 697</name>
            </trkpt>
            <trkpt lat="50.986539" lon="7.309555">
                <ele>158.3</ele>
                <name>Position 698</name>
            </trkpt>
            <trkpt lat="50.986697" lon="7.309969">
                <ele>156.8</ele>
                <name>Position 699</name>
            </trkpt>
            <trkpt lat="50.987448" lon="7.312172">
                <ele>166.0</ele>
                <name>Position 700</name>
            </trkpt>
            <trkpt lat="50.987583" lon="7.313676">
                <ele>165.0</ele>
                <name>Position 701</name>
            </trkpt>
            <trkpt lat="50.98779" lon="7.316326">
                <ele>165.0</ele>
                <name>Position 702</name>
            </trkpt>
            <trkpt lat="50.988166" lon="7.317541">
                <ele>160.0</ele>
                <name>Position 703</name>
            </trkpt>
            <trkpt lat="50.988717" lon="7.318933">
                <ele>159.0</ele>
                <name>Position 704</name>
            </trkpt>
            <trkpt lat="50.989499" lon="7.319889">
                <ele>159.0</ele>
                <name>Position 705</name>
            </trkpt>
            <trkpt lat="50.990055" lon="7.320262">
                <ele>159.3</ele>
                <name>Position 706</name>
            </trkpt>
            <trkpt lat="50.991053" lon="7.319593">
                <ele>170.0</ele>
                <name>Position 707</name>
            </trkpt>
            <trkpt lat="50.991771" lon="7.319799">
                <ele>176.0</ele>
                <name>Position 708</name>
            </trkpt>
            <trkpt lat="50.992538" lon="7.320333">
                <ele>189.0</ele>
                <name>Position 709</name>
            </trkpt>
            <trkpt lat="50.994158" lon="7.321497">
                <ele>192.0</ele>
                <name>Position 710</name>
            </trkpt>
            <trkpt lat="50.994894" lon="7.321441">
                <ele>194.0</ele>
                <name>Position 711</name>
            </trkpt>
            <trkpt lat="50.995829" lon="7.3205">
                <ele>202.0</ele>
                <name>Position 712</name>
            </trkpt>
            <trkpt lat="50.996502" lon="7.319784">
                <ele>208.0</ele>
                <name>Position 713</name>
            </trkpt>
            <trkpt lat="50.998009" lon="7.319341">
                <ele>219.5</ele>
                <name>Position 714</name>
            </trkpt>
            <trkpt lat="50.999311" lon="7.31853">
                <ele>234.5</ele>
                <name>Position 715</name>
            </trkpt>
            <trkpt lat="50.999701" lon="7.319009">
                <ele>237.0</ele>
                <name>Position 716</name>
            </trkpt>
            <trkpt lat="51.000022" lon="7.319512">
                <ele>239.0</ele>
                <name>Position 717</name>
            </trkpt>
            <trkpt lat="51.000022" lon="7.319513">
                <ele>239.0</ele>
                <name>Position 718</name>
            </trkpt>
            <trkpt lat="51.001065" lon="7.320643">
                <ele>242.0</ele>
                <name>Position 719</name>
            </trkpt>
            <trkpt lat="51.00163" lon="7.321326">
                <ele>245.0</ele>
                <name>Position 720</name>
            </trkpt>
            <trkpt lat="51.002283" lon="7.322274">
                <ele>246.0</ele>
                <name>Position 721</name>
            </trkpt>
            <trkpt lat="51.002693" lon="7.322724">
                <ele>246.0</ele>
                <name>Position 722</name>
            </trkpt>
            <trkpt lat="51.003007" lon="7.322916">
                <ele>245.0</ele>
                <name>Position 723</name>
            </trkpt>
            <trkpt lat="51.003692" lon="7.324638">
                <ele>247.0</ele>
                <name>Position 724</name>
            </trkpt>
            <trkpt lat="51.003885" lon="7.324679">
                <ele>246.5</ele>
                <name>Position 725</name>
            </trkpt>
            <trkpt lat="51.004237" lon="7.323524">
                <ele>245.0</ele>
                <name>Position 726</name>
            </trkpt>
            <trkpt lat="51.00443" lon="7.32305">
                <ele>242.0</ele>
                <name>Position 727</name>
            </trkpt>
            <trkpt lat="51.005081" lon="7.322925">
                <ele>241.0</ele>
                <name>Position 728</name>
            </trkpt>
            <trkpt lat="51.007101" lon="7.323305">
                <ele>230.8</ele>
                <name>Position 729</name>
            </trkpt>
            <trkpt lat="51.007232" lon="7.323231">
                <ele>228.0</ele>
                <name>Position 730</name>
            </trkpt>
            <trkpt lat="51.007215" lon="7.323007">
                <ele>226.3</ele>
                <name>Position 731</name>
            </trkpt>
            <trkpt lat="51.006094" lon="7.321219">
                <ele>221.8</ele>
                <name>Position 732</name>
            </trkpt>
            <trkpt lat="51.006802" lon="7.321701">
                <ele>218.5</ele>
                <name>Position 733</name>
            </trkpt>
            <trkpt lat="51.00838" lon="7.321805">
                <ele>203.5</ele>
                <name>Position 734</name>
            </trkpt>
            <trkpt lat="51.00861" lon="7.321641">
                <ele>200.8</ele>
                <name>Position 735</name>
            </trkpt>
            <trkpt lat="51.008399" lon="7.321364">
                <ele>200.0</ele>
                <name>Position 736</name>
            </trkpt>
            <trkpt lat="51.00753" lon="7.321348">
                <ele>207.0</ele>
                <name>Position 737</name>
            </trkpt>
            <trkpt lat="51.007463" lon="7.32096">
                <ele>203.0</ele>
                <name>Position 738</name>
            </trkpt>
            <trkpt lat="51.008387" lon="7.320749">
                <ele>196.0</ele>
                <name>Position 739</name>
            </trkpt>
            <trkpt lat="51.009768" lon="7.321178">
                <ele>182.0</ele>
                <name>Position 740</name>
            </trkpt>
            <trkpt lat="51.010302" lon="7.321031">
                <ele>174.0</ele>
                <name>Position 741</name>
            </trkpt>
            <trkpt lat="51.011668" lon="7.320279">
                <ele>154.0</ele>
                <name>Position 742</name>
            </trkpt>
            <trkpt lat="51.012827" lon="7.319649">
                <ele>154.0</ele>
                <name>Position 743</name>
            </trkpt>
            <trkpt lat="51.013109" lon="7.319335">
                <ele>158.0</ele>
                <name>Position 744</name>
            </trkpt>
            <trkpt lat="51.012302" lon="7.31839">
                <ele>159.0</ele>
                <name>Position 745</name>
            </trkpt>
            <trkpt lat="51.0120636" lon="7.3176989">
                <ele>160.0</ele>
                <name>L284, 51789 Lindlar, Deutschland</name>
            </trkpt>
            <trkpt lat="51.011992" lon="7.317561">
                <ele>159.0</ele>
                <name>Position 747</name>
            </trkpt>
            <trkpt lat="51.011442" lon="7.315744">
                <ele>162.0</ele>
                <name>Position 748</name>
            </trkpt>
            <trkpt lat="51.010775" lon="7.313161">
                <ele>153.5</ele>
                <name>Position 749</name>
            </trkpt>
            <trkpt lat="51.010897" lon="7.310437">
                <ele>151.0</ele>
                <name>Position 750</name>
            </trkpt>
            <trkpt lat="51.0111" lon="7.308876">
                <ele>155.0</ele>
                <name>Position 751</name>
            </trkpt>
            <trkpt lat="51.011262" lon="7.307104">
                <ele>154.8</ele>
                <name>Position 752</name>
            </trkpt>
            <trkpt lat="51.011167" lon="7.305922">
                <ele>153.0</ele>
                <name>Position 753</name>
            </trkpt>
            <trkpt lat="51.010847" lon="7.304762">
                <ele>153.0</ele>
                <name>Position 754</name>
            </trkpt>
            <trkpt lat="51.010077" lon="7.302559">
                <ele>152.0</ele>
                <name>Position 755</name>
            </trkpt>
            <trkpt lat="51.009963" lon="7.301543">
                <ele>150.0</ele>
                <name>Position 756</name>
            </trkpt>
            <trkpt lat="51.010087" lon="7.300506">
                <ele>148.0</ele>
                <name>Position 757</name>
            </trkpt>
            <trkpt lat="51.010496" lon="7.299452">
                <ele>146.3</ele>
                <name>Position 758</name>
            </trkpt>
            <trkpt lat="51.011164" lon="7.298017">
                <ele>142.0</ele>
                <name>Position 759</name>
            </trkpt>
            <trkpt lat="51.011946" lon="7.296091">
                <ele>146.0</ele>
                <name>Position 760</name>
            </trkpt>
            <trkpt lat="51.012107" lon="7.295059">
                <ele>148.0</ele>
                <name>Position 761</name>
            </trkpt>
            <trkpt lat="51.012051" lon="7.293836">
                <ele>151.0</ele>
                <name>Position 762</name>
            </trkpt>
            <trkpt lat="51.01181" lon="7.292836">
                <ele>152.0</ele>
                <name>Position 763</name>
            </trkpt>
            <trkpt lat="51.011122" lon="7.291144">
                <ele>151.5</ele>
                <name>Position 764</name>
            </trkpt>
            <trkpt lat="51.010465" lon="7.289659">
                <ele>150.0</ele>
                <name>Position 765</name>
            </trkpt>
            <trkpt lat="51.010118" lon="7.288599">
                <ele>147.0</ele>
                <name>Position 766</name>
            </trkpt>
            <trkpt lat="51.010047" lon="7.287669">
                <ele>145.5</ele>
                <name>Position 767</name>
            </trkpt>
            <trkpt lat="51.010211" lon="7.285632">
                <ele>151.0</ele>
                <name>Position 768</name>
            </trkpt>
            <trkpt lat="51.010049" lon="7.284684">
                <ele>147.5</ele>
                <name>Position 769</name>
            </trkpt>
            <trkpt lat="51.009834" lon="7.284167">
                <ele>144.8</ele>
                <name>Position 770</name>
            </trkpt>
            <trkpt lat="51.009247" lon="7.28358">
                <ele>135.0</ele>
                <name>Position 771</name>
            </trkpt>
            <trkpt lat="51.008351" lon="7.282769">
                <ele>131.5</ele>
                <name>Position 772</name>
            </trkpt>
            <trkpt lat="51.008414" lon="7.282244">
                <ele>132.0</ele>
                <name>Position 773</name>
            </trkpt>
            <trkpt lat="51.00855" lon="7.281898">
                <ele>132.3</ele>
                <name>Position 774</name>
            </trkpt>
            <trkpt lat="51.009363" lon="7.280084">
                <ele>137.8</ele>
                <name>Position 775</name>
            </trkpt>
            <trkpt lat="51.010403" lon="7.277892">
                <ele>144.0</ele>
                <name>Position 776</name>
            </trkpt>
            <trkpt lat="51.010975" lon="7.277176">
                <ele>144.0</ele>
                <name>Position 777</name>
            </trkpt>
            <trkpt lat="51.011832" lon="7.276695">
                <ele>147.0</ele>
                <name>Position 778</name>
            </trkpt>
            <trkpt lat="51.012661" lon="7.276441">
                <ele>147.0</ele>
                <name>Position 779</name>
            </trkpt>
            <trkpt lat="51.013146" lon="7.276737">
                <ele>146.0</ele>
                <name>Position 780</name>
            </trkpt>
            <trkpt lat="51.01336" lon="7.276971">
                <ele>147.0</ele>
                <name>Position 781</name>
            </trkpt>
            <trkpt lat="51.013508" lon="7.277197">
                <ele>150.0</ele>
                <name>Position 782</name>
            </trkpt>
            <trkpt lat="51.013756" lon="7.27772">
                <ele>155.0</ele>
                <name>Position 783</name>
            </trkpt>
            <trkpt lat="51.013742" lon="7.278691">
                <ele>155.0</ele>
                <name>Position 784</name>
            </trkpt>
            <trkpt lat="51.013742" lon="7.278691">
                <ele>155.0</ele>
                <name>Position 785</name>
            </trkpt>
            <trkpt lat="51.013803" lon="7.27944">
                <ele>153.0</ele>
                <name>Position 786</name>
            </trkpt>
            <trkpt lat="51.014037" lon="7.27971">
                <ele>153.0</ele>
                <name>Position 787</name>
            </trkpt>
            <trkpt lat="51.014487" lon="7.279942">
                <ele>154.0</ele>
                <name>Position 788</name>
            </trkpt>
            <trkpt lat="51.015006" lon="7.280524">
                <ele>152.0</ele>
                <name>Position 789</name>
            </trkpt>
            <trkpt lat="51.016522" lon="7.283602">
                <ele>151.0</ele>
                <name>Position 790</name>
            </trkpt>
            <trkpt lat="51.016933" lon="7.283907">
                <ele>156.0</ele>
                <name>Position 791</name>
            </trkpt>
            <trkpt lat="51.017204" lon="7.283741">
                <ele>156.0</ele>
                <name>Position 792</name>
            </trkpt>
            <trkpt lat="51.018055" lon="7.28324">
                <ele>151.0</ele>
                <name>Position 793</name>
            </trkpt>
            <trkpt lat="51.018633" lon="7.282803">
                <ele>149.0</ele>
                <name>Position 794</name>
            </trkpt>
            <trkpt lat="51.01899" lon="7.282652">
                <ele>147.0</ele>
                <name>Position 795</name>
            </trkpt>
            <trkpt lat="51.019263" lon="7.282656">
                <ele>148.0</ele>
                <name>Position 796</name>
            </trkpt>
            <trkpt lat="51.019975" lon="7.282702">
                <ele>152.0</ele>
                <name>Position 797</name>
            </trkpt>
            <trkpt lat="51.020357" lon="7.282836">
                <ele>156.0</ele>
                <name>Position 798</name>
            </trkpt>
            <trkpt lat="51.020702" lon="7.283525">
                <ele>157.0</ele>
                <name>Position 799</name>
            </trkpt>
            <trkpt lat="51.021088" lon="7.28403">
                <ele>153.3</ele>
                <name>Position 800</name>
            </trkpt>
            <trkpt lat="51.021627" lon="7.284002">
                <ele>152.0</ele>
                <name>Position 801</name>
            </trkpt>
            <trkpt lat="51.021984" lon="7.283505">
                <ele>151.5</ele>
                <name>Position 802</name>
            </trkpt>
            <trkpt lat="51.022198" lon="7.282766">
                <ele>154.0</ele>
                <name>Position 803</name>
            </trkpt>
            <trkpt lat="51.022344" lon="7.281837">
                <ele>156.0</ele>
                <name>Position 804</name>
            </trkpt>
            <trkpt lat="51.022417" lon="7.281392">
                <ele>155.0</ele>
                <name>Position 805</name>
            </trkpt>
            <trkpt lat="51.022503" lon="7.280873">
                <ele>154.0</ele>
                <name>Position 806</name>
            </trkpt>
            <trkpt lat="51.022546" lon="7.280614">
                <ele>157.0</ele>
                <name>Position 807</name>
            </trkpt>
            <trkpt lat="51.022662" lon="7.280626">
                <ele>158.0</ele>
                <name>Position 808</name>
            </trkpt>
            <trkpt lat="51.022774" lon="7.280837">
                <ele>157.0</ele>
                <name>Position 809</name>
            </trkpt>
            <trkpt lat="51.022818" lon="7.280953">
                <ele>158.0</ele>
                <name>Position 810</name>
            </trkpt>
            <trkpt lat="51.022902" lon="7.281367">
                <ele>161.3</ele>
                <name>Position 811</name>
            </trkpt>
            <trkpt lat="51.023087" lon="7.282035">
                <ele>164.0</ele>
                <name>Position 812</name>
            </trkpt>
            <trkpt lat="51.023572" lon="7.284156">
                <ele>171.0</ele>
                <name>Position 813</name>
            </trkpt>
            <trkpt lat="51.023491" lon="7.284647">
                <ele>170.0</ele>
                <name>Position 814</name>
            </trkpt>
            <trkpt lat="51.02337" lon="7.28521">
                <ele>171.0</ele>
                <name>Position 815</name>
            </trkpt>
            <trkpt lat="51.023254" lon="7.28603">
                <ele>177.0</ele>
                <name>Position 816</name>
            </trkpt>
            <trkpt lat="51.023483" lon="7.286208">
                <ele>182.0</ele>
                <name>Position 817</name>
            </trkpt>
            <trkpt lat="51.02383" lon="7.286171">
                <ele>186.8</ele>
                <name>Position 818</name>
            </trkpt>
            <trkpt lat="51.02393" lon="7.286249">
                <ele>189.3</ele>
                <name>Position 819</name>
            </trkpt>
            <trkpt lat="51.02383" lon="7.286596">
                <ele>188.8</ele>
                <name>Position 820</name>
            </trkpt>
            <trkpt lat="51.023825" lon="7.287583">
                <ele>191.0</ele>
                <name>Position 821</name>
            </trkpt>
            <trkpt lat="51.02392" lon="7.288052">
                <ele>189.0</ele>
                <name>Position 822</name>
            </trkpt>
            <trkpt lat="51.024247" lon="7.289504">
                <ele>192.0</ele>
                <name>Position 823</name>
            </trkpt>
            <trkpt lat="51.02442" lon="7.290391">
                <ele>199.0</ele>
                <name>Position 824</name>
            </trkpt>
            <trkpt lat="51.024737" lon="7.290928">
                <ele>203.0</ele>
                <name>Position 825</name>
            </trkpt>
            <trkpt lat="51.025068" lon="7.291185">
                <ele>205.0</ele>
                <name>Position 826</name>
            </trkpt>
            <trkpt lat="51.025023" lon="7.291516">
                <ele>204.0</ele>
                <name>Position 827</name>
            </trkpt>
            <trkpt lat="51.024504" lon="7.291984">
                <ele>204.0</ele>
                <name>Position 828</name>
            </trkpt>
            <trkpt lat="51.023944" lon="7.292191">
                <ele>206.0</ele>
                <name>Position 829</name>
            </trkpt>
            <trkpt lat="51.02373" lon="7.29237">
                <ele>208.0</ele>
                <name>Position 830</name>
            </trkpt>
            <trkpt lat="51.023525" lon="7.293119">
                <ele>209.5</ele>
                <name>Position 831</name>
            </trkpt>
            <trkpt lat="51.023447" lon="7.294064">
                <ele>211.0</ele>
                <name>Position 832</name>
            </trkpt>
            <trkpt lat="51.023567" lon="7.29421">
                <ele>211.0</ele>
                <name>Position 833</name>
            </trkpt>
            <trkpt lat="51.024256" lon="7.294381">
                <ele>214.0</ele>
                <name>Position 834</name>
            </trkpt>
            <trkpt lat="51.024731" lon="7.294046">
                <ele>215.0</ele>
                <name>Position 835</name>
            </trkpt>
            <trkpt lat="51.025078" lon="7.29411">
                <ele>217.0</ele>
                <name>Position 836</name>
            </trkpt>
            <trkpt lat="51.026392" lon="7.294885">
                <ele>218.0</ele>
                <name>Position 837</name>
            </trkpt>
            <trkpt lat="51.02678" lon="7.295176">
                <ele>218.0</ele>
                <name>Position 838</name>
            </trkpt>
            <trkpt lat="51.026914" lon="7.295412">
                <ele>218.0</ele>
                <name>Position 839</name>
            </trkpt>
            <trkpt lat="51.027089" lon="7.296151">
                <ele>217.0</ele>
                <name>Position 840</name>
            </trkpt>
            <trkpt lat="51.027416" lon="7.298087">
                <ele>220.8</ele>
                <name>Position 841</name>
            </trkpt>
            <trkpt lat="51.027465" lon="7.300519">
                <ele>220.0</ele>
                <name>Position 842</name>
            </trkpt>
            <trkpt lat="51.027635" lon="7.302693">
                <ele>221.0</ele>
                <name>Position 843</name>
            </trkpt>
            <trkpt lat="51.027815" lon="7.303824">
                <ele>223.0</ele>
                <name>Position 844</name>
            </trkpt>
            <trkpt lat="51.028232" lon="7.305225">
                <ele>222.5</ele>
                <name>Position 845</name>
            </trkpt>
            <trkpt lat="51.029447" lon="7.306099">
                <ele>224.0</ele>
                <name>Position 846</name>
            </trkpt>
            <trkpt lat="51.030119" lon="7.306123">
                <ele>226.0</ele>
                <name>Position 847</name>
            </trkpt>
            <trkpt lat="51.030119" lon="7.306124">
                <ele>226.0</ele>
                <name>Position 848</name>
            </trkpt>
            <trkpt lat="51.030747" lon="7.306116">
                <ele>229.0</ele>
                <name>Position 849</name>
            </trkpt>
            <trkpt lat="51.031315" lon="7.306068">
                <ele>233.0</ele>
                <name>Position 850</name>
            </trkpt>
            <trkpt lat="51.03175" lon="7.306143">
                <ele>236.0</ele>
                <name>Position 851</name>
            </trkpt>
            <trkpt lat="51.032547" lon="7.307185">
                <ele>241.3</ele>
                <name>Position 852</name>
            </trkpt>
            <trkpt lat="51.033029" lon="7.307503">
                <ele>246.0</ele>
                <name>Position 853</name>
            </trkpt>
            <trkpt lat="51.033786" lon="7.308168">
                <ele>250.0</ele>
                <name>Position 854</name>
            </trkpt>
            <trkpt lat="51.034421" lon="7.308602">
                <ele>254.0</ele>
                <name>Position 855</name>
            </trkpt>
            <trkpt lat="51.035532" lon="7.309114">
                <ele>257.0</ele>
                <name>Position 856</name>
            </trkpt>
            <trkpt lat="51.036957" lon="7.310143">
                <ele>256.0</ele>
                <name>Position 857</name>
            </trkpt>
            <trkpt lat="51.037492" lon="7.308997">
                <ele>258.0</ele>
                <name>Position 858</name>
            </trkpt>
            <trkpt lat="51.038306" lon="7.307319">
                <ele>252.0</ele>
                <name>Position 859</name>
            </trkpt>
            <trkpt lat="51.039019" lon="7.304627">
                <ele>232.0</ele>
                <name>Position 860</name>
            </trkpt>
            <trkpt lat="51.039413" lon="7.303378">
                <ele>226.0</ele>
                <name>Position 861</name>
            </trkpt>
            <trkpt lat="51.04018" lon="7.30173">
                <ele>219.0</ele>
                <name>Position 862</name>
            </trkpt>
            <trkpt lat="51.040424" lon="7.301092">
                <ele>210.0</ele>
                <name>Position 863</name>
            </trkpt>
            <trkpt lat="51.040621" lon="7.300062">
                <ele>190.8</ele>
                <name>Position 864</name>
            </trkpt>
            <trkpt lat="51.040654" lon="7.299448">
                <ele>184.0</ele>
                <name>Position 865</name>
            </trkpt>
            <trkpt lat="51.040833" lon="7.299442">
                <ele>183.0</ele>
                <name>Position 866</name>
            </trkpt>
            <trkpt lat="51.041163" lon="7.299929">
                <ele>186.0</ele>
                <name>Position 867</name>
            </trkpt>
            <trkpt lat="51.042093" lon="7.300937">
                <ele>191.0</ele>
                <name>Position 868</name>
            </trkpt>
            <trkpt lat="51.042356" lon="7.301104">
                <ele>190.0</ele>
                <name>Position 869</name>
            </trkpt>
            <trkpt lat="51.042654" lon="7.301036">
                <ele>187.0</ele>
                <name>Position 870</name>
            </trkpt>
            <trkpt lat="51.042719" lon="7.301018">
                <ele>187.0</ele>
                <name>Position 871</name>
            </trkpt>
            <trkpt lat="51.043105" lon="7.300911">
                <ele>186.0</ele>
                <name>Position 872</name>
            </trkpt>
            <trkpt lat="51.043274" lon="7.300938">
                <ele>185.0</ele>
                <name>Position 873</name>
            </trkpt>
            <trkpt lat="51.043713" lon="7.301244">
                <ele>185.0</ele>
                <name>Position 874</name>
            </trkpt>
            <trkpt lat="51.043809" lon="7.301185">
                <ele>186.0</ele>
                <name>Position 875</name>
            </trkpt>
            <trkpt lat="51.043995" lon="7.301015">
                <ele>187.0</ele>
                <name>Position 876</name>
            </trkpt>
            <trkpt lat="51.044321" lon="7.300696">
                <ele>190.0</ele>
                <name>Position 877</name>
            </trkpt>
            <trkpt lat="51.044719" lon="7.300365">
                <ele>193.3</ele>
                <name>Position 878</name>
            </trkpt>
            <trkpt lat="51.045177" lon="7.300168">
                <ele>194.3</ele>
                <name>Position 879</name>
            </trkpt>
            <trkpt lat="51.047188" lon="7.299665">
                <ele>198.0</ele>
                <name>Position 880</name>
            </trkpt>
            <trkpt lat="51.04754" lon="7.299799">
                <ele>200.0</ele>
                <name>Position 881</name>
            </trkpt>
            <trkpt lat="51.047835" lon="7.299778">
                <ele>201.0</ele>
                <name>Position 882</name>
            </trkpt>
            <trkpt lat="51.04804" lon="7.299617">
                <ele>202.0</ele>
                <name>Position 883</name>
            </trkpt>
            <trkpt lat="51.048274" lon="7.299633">
                <ele>203.0</ele>
                <name>Position 884</name>
            </trkpt>
            <trkpt lat="51.048474" lon="7.299533">
                <ele>204.0</ele>
                <name>Position 885</name>
            </trkpt>
            <trkpt lat="51.048931" lon="7.299121">
                <ele>207.0</ele>
                <name>Position 886</name>
            </trkpt>
            <trkpt lat="51.049211" lon="7.299006">
                <ele>209.0</ele>
                <name>Position 887</name>
            </trkpt>
            <trkpt lat="51.049479" lon="7.299101">
                <ele>211.0</ele>
                <name>Position 888</name>
            </trkpt>
            <trkpt lat="51.049645" lon="7.299294">
                <ele>212.0</ele>
                <name>Position 889</name>
            </trkpt>
            <trkpt lat="51.04976" lon="7.299581">
                <ele>214.0</ele>
                <name>Position 890</name>
            </trkpt>
            <trkpt lat="51.049776" lon="7.300149">
                <ele>215.5</ele>
                <name>Position 891</name>
            </trkpt>
            <trkpt lat="51.049481" lon="7.301584">
                <ele>219.0</ele>
                <name>Position 892</name>
            </trkpt>
            <trkpt lat="51.049508" lon="7.301928">
                <ele>220.0</ele>
                <name>Position 893</name>
            </trkpt>
            <trkpt lat="51.049708" lon="7.302254">
                <ele>221.0</ele>
                <name>Position 894</name>
            </trkpt>
            <trkpt lat="51.049941" lon="7.302315">
                <ele>222.0</ele>
                <name>Position 895</name>
            </trkpt>
            <trkpt lat="51.051244" lon="7.302507">
                <ele>229.0</ele>
                <name>Position 896</name>
            </trkpt>
            <trkpt lat="51.051969" lon="7.302569">
                <ele>232.0</ele>
                <name>Position 897</name>
            </trkpt>
            <trkpt lat="51.052216" lon="7.302371">
                <ele>233.0</ele>
                <name>Position 898</name>
            </trkpt>
            <trkpt lat="51.0524" lon="7.301991">
                <ele>236.8</ele>
                <name>Position 899</name>
            </trkpt>
            <trkpt lat="51.052616" lon="7.301486">
                <ele>244.0</ele>
                <name>Position 900</name>
            </trkpt>
            <trkpt lat="51.052888" lon="7.301348">
                <ele>247.0</ele>
                <name>Position 901</name>
            </trkpt>
            <trkpt lat="51.053428" lon="7.301406">
                <ele>249.5</ele>
                <name>Position 902</name>
            </trkpt>
            <trkpt lat="51.053673" lon="7.301636">
                <ele>250.5</ele>
                <name>Position 903</name>
            </trkpt>
            <trkpt lat="51.054175" lon="7.302318">
                <ele>254.0</ele>
                <name>Position 904</name>
            </trkpt>
            <trkpt lat="51.054668" lon="7.302855">
                <ele>255.0</ele>
                <name>Position 905</name>
            </trkpt>
            <trkpt lat="51.055321" lon="7.304277">
                <ele>259.0</ele>
                <name>Position 906</name>
            </trkpt>
            <trkpt lat="51.055638" lon="7.305456">
                <ele>261.0</ele>
                <name>Position 907</name>
            </trkpt>
            <trkpt lat="51.055777" lon="7.305849">
                <ele>260.0</ele>
                <name>Position 908</name>
            </trkpt>
            <trkpt lat="51.05614" lon="7.306384">
                <ele>258.0</ele>
                <name>Position 909</name>
            </trkpt>
            <trkpt lat="51.0564" lon="7.306703">
                <ele>257.5</ele>
                <name>Position 910</name>
            </trkpt>
            <trkpt lat="51.05666" lon="7.307117">
                <ele>257.8</ele>
                <name>Position 911</name>
            </trkpt>
            <trkpt lat="51.056848" lon="7.307948">
                <ele>256.0</ele>
                <name>Position 912</name>
            </trkpt>
            <trkpt lat="51.056995" lon="7.308228">
                <ele>255.0</ele>
                <name>Position 913</name>
            </trkpt>
            <trkpt lat="51.058699" lon="7.310683">
                <ele>248.0</ele>
                <name>Position 914</name>
            </trkpt>
            <trkpt lat="51.058911" lon="7.310946">
                <ele>248.0</ele>
                <name>Position 915</name>
            </trkpt>
            <trkpt lat="51.059809" lon="7.31119">
                <ele>239.0</ele>
                <name>Position 916</name>
            </trkpt>
            <trkpt lat="51.060148" lon="7.311326">
                <ele>234.0</ele>
                <name>Position 917</name>
            </trkpt>
            <trkpt lat="51.060241" lon="7.311534">
                <ele>232.0</ele>
                <name>Position 918</name>
            </trkpt>
            <trkpt lat="51.060275" lon="7.312283">
                <ele>234.0</ele>
                <name>Position 919</name>
            </trkpt>
            <trkpt lat="51.06039" lon="7.312674">
                <ele>234.0</ele>
                <name>Position 920</name>
            </trkpt>
            <trkpt lat="51.060633" lon="7.312934">
                <ele>231.8</ele>
                <name>Position 921</name>
            </trkpt>
            <trkpt lat="51.060955" lon="7.313122">
                <ele>226.3</ele>
                <name>Position 922</name>
            </trkpt>
            <trkpt lat="51.061524" lon="7.313914">
                <ele>218.0</ele>
                <name>Position 923</name>
            </trkpt>
            <trkpt lat="51.061754" lon="7.315328">
                <ele>223.0</ele>
                <name>Position 924</name>
            </trkpt>
            <trkpt lat="51.061938" lon="7.315854">
                <ele>224.3</ele>
                <name>Position 925</name>
            </trkpt>
            <trkpt lat="51.062201" lon="7.316268">
                <ele>224.0</ele>
                <name>Position 926</name>
            </trkpt>
            <trkpt lat="51.062484" lon="7.316269">
                <ele>219.8</ele>
                <name>Position 927</name>
            </trkpt>
            <trkpt lat="51.062654" lon="7.316107">
                <ele>218.0</ele>
                <name>Position 928</name>
            </trkpt>
            <trkpt lat="51.062917" lon="7.316013">
                <ele>216.0</ele>
                <name>Position 929</name>
            </trkpt>
            <trkpt lat="51.063787" lon="7.31616">
                <ele>208.8</ele>
                <name>Position 930</name>
            </trkpt>
            <trkpt lat="51.064771" lon="7.317043">
                <ele>210.5</ele>
                <name>Position 931</name>
            </trkpt>
            <trkpt lat="51.065385" lon="7.317273">
                <ele>209.0</ele>
                <name>Position 932</name>
            </trkpt>
            <trkpt lat="51.065801" lon="7.317169">
                <ele>203.0</ele>
                <name>Position 933</name>
            </trkpt>
            <trkpt lat="51.066069" lon="7.31684">
                <ele>203.0</ele>
                <name>Position 934</name>
            </trkpt>
            <trkpt lat="51.066248" lon="7.316728">
                <ele>204.0</ele>
                <name>Position 935</name>
            </trkpt>
            <trkpt lat="51.066583" lon="7.317463">
                <ele>201.0</ele>
                <name>Position 936</name>
            </trkpt>
            <trkpt lat="51.066912" lon="7.318658">
                <ele>203.0</ele>
                <name>Position 937</name>
            </trkpt>
            <trkpt lat="51.067391" lon="7.320468">
                <ele>205.8</ele>
                <name>Position 938</name>
            </trkpt>
            <trkpt lat="51.06761" lon="7.320884">
                <ele>204.0</ele>
                <name>Position 939</name>
            </trkpt>
            <trkpt lat="51.068314" lon="7.321817">
                <ele>202.8</ele>
                <name>Position 940</name>
            </trkpt>
            <trkpt lat="51.068627" lon="7.322259">
                <ele>204.0</ele>
                <name>Position 941</name>
            </trkpt>
            <trkpt lat="51.069269" lon="7.323605">
                <ele>212.0</ele>
                <name>Position 942</name>
            </trkpt>
            <trkpt lat="51.070625" lon="7.326706">
                <ele>215.5</ele>
                <name>Position 943</name>
            </trkpt>
            <trkpt lat="51.071445" lon="7.328245">
                <ele>214.3</ele>
                <name>Position 944</name>
            </trkpt>
            <trkpt lat="51.071794" lon="7.328902">
                <ele>213.0</ele>
                <name>Position 945</name>
            </trkpt>
            <trkpt lat="51.071902" lon="7.329372">
                <ele>214.0</ele>
                <name>Position 946</name>
            </trkpt>
            <trkpt lat="51.071912" lon="7.329862">
                <ele>212.5</ele>
                <name>Position 947</name>
            </trkpt>
            <trkpt lat="51.071817" lon="7.330309">
                <ele>213.0</ele>
                <name>Position 948</name>
            </trkpt>
            <trkpt lat="51.071641" lon="7.330675">
                <ele>213.8</ele>
                <name>Position 949</name>
            </trkpt>
            <trkpt lat="51.071163" lon="7.33148">
                <ele>216.3</ele>
                <name>Position 950</name>
            </trkpt>
            <trkpt lat="51.070768" lon="7.332396">
                <ele>218.3</ele>
                <name>Position 951</name>
            </trkpt>
            <trkpt lat="51.070542" lon="7.333505">
                <ele>222.0</ele>
                <name>Position 952</name>
            </trkpt>
            <trkpt lat="51.0705" lon="7.334466">
                <ele>225.0</ele>
                <name>Position 953</name>
            </trkpt>
            <trkpt lat="51.070716" lon="7.336347">
                <ele>225.0</ele>
                <name>Position 954</name>
            </trkpt>
            <trkpt lat="51.070946" lon="7.337738">
                <ele>225.0</ele>
                <name>Position 955</name>
            </trkpt>
            <trkpt lat="51.070906" lon="7.339196">
                <ele>227.0</ele>
                <name>Position 956</name>
            </trkpt>
            <trkpt lat="51.070904" lon="7.34004">
                <ele>230.0</ele>
                <name>Position 957</name>
            </trkpt>
            <trkpt lat="51.071147" lon="7.341359">
                <ele>229.0</ele>
                <name>Position 958</name>
            </trkpt>
            <trkpt lat="51.071243" lon="7.342056">
                <ele>229.5</ele>
                <name>Position 959</name>
            </trkpt>
            <trkpt lat="51.071289" lon="7.344652">
                <ele>234.0</ele>
                <name>Position 960</name>
            </trkpt>
            <trkpt lat="51.071724" lon="7.34634">
                <ele>226.5</ele>
                <name>Position 961</name>
            </trkpt>
            <trkpt lat="51.071949" lon="7.347138">
                <ele>229.0</ele>
                <name>Position 962</name>
            </trkpt>
            <trkpt lat="51.072043" lon="7.347459">
                <ele>229.0</ele>
                <name>Position 963</name>
            </trkpt>
            <trkpt lat="51.072126" lon="7.347871">
                <ele>228.0</ele>
                <name>Position 964</name>
            </trkpt>
            <trkpt lat="51.07212" lon="7.348376">
                <ele>228.3</ele>
                <name>Position 965</name>
            </trkpt>
            <trkpt lat="51.072071" lon="7.349026">
                <ele>228.8</ele>
                <name>Position 966</name>
            </trkpt>
            <trkpt lat="51.0720582" lon="7.3490632">
                <ele>228.9</ele>
                <name>L286, 51688 Wipperfürth, Deutschland</name>
            </trkpt>
            <trkpt lat="51.072077" lon="7.349299">
                <ele>228.5</ele>
                <name>Position 968</name>
            </trkpt>
            <trkpt lat="51.072158" lon="7.349837">
                <ele>228.0</ele>
                <name>Position 969</name>
            </trkpt>
            <trkpt lat="51.072325" lon="7.350284">
                <ele>226.0</ele>
                <name>Position 970</name>
            </trkpt>
            <trkpt lat="51.072107" lon="7.351549">
                <ele>229.5</ele>
                <name>Position 971</name>
            </trkpt>
            <trkpt lat="51.071586" lon="7.352098">
                <ele>232.0</ele>
                <name>Position 972</name>
            </trkpt>
            <trkpt lat="51.071114" lon="7.352767">
                <ele>236.0</ele>
                <name>Position 973</name>
            </trkpt>
            <trkpt lat="51.07074" lon="7.353574">
                <ele>232.0</ele>
                <name>Position 974</name>
            </trkpt>
            <trkpt lat="51.070476" lon="7.353831">
                <ele>232.0</ele>
                <name>Position 975</name>
            </trkpt>
            <trkpt lat="51.069493" lon="7.352402">
                <ele>245.0</ele>
                <name>Position 976</name>
            </trkpt>
            <trkpt lat="51.069021" lon="7.351995">
                <ele>246.0</ele>
                <name>Position 977</name>
            </trkpt>
            <trkpt lat="51.067634" lon="7.352883">
                <ele>247.0</ele>
                <name>Position 978</name>
            </trkpt>
            <trkpt lat="51.067232" lon="7.353391">
                <ele>248.0</ele>
                <name>Position 979</name>
            </trkpt>
            <trkpt lat="51.067079" lon="7.353602">
                <ele>249.0</ele>
                <name>Position 980</name>
            </trkpt>
            <trkpt lat="51.066739" lon="7.354036">
                <ele>248.0</ele>
                <name>Position 981</name>
            </trkpt>
            <trkpt lat="51.066114" lon="7.353642">
                <ele>248.8</ele>
                <name>Position 982</name>
            </trkpt>
            <trkpt lat="51.065614" lon="7.353119">
                <ele>252.0</ele>
                <name>Position 983</name>
            </trkpt>
            <trkpt lat="51.064334" lon="7.351437">
                <ele>258.0</ele>
                <name>Position 984</name>
            </trkpt>
            <trkpt lat="51.063465" lon="7.350402">
                <ele>252.5</ele>
                <name>Position 985</name>
            </trkpt>
            <trkpt lat="51.061966" lon="7.34862">
                <ele>244.5</ele>
                <name>Position 986</name>
            </trkpt>
            <trkpt lat="51.061718" lon="7.348311">
                <ele>244.0</ele>
                <name>Position 987</name>
            </trkpt>
            <trkpt lat="51.061528" lon="7.348192">
                <ele>243.0</ele>
                <name>Position 988</name>
            </trkpt>
            <trkpt lat="51.061138" lon="7.348354">
                <ele>243.0</ele>
                <name>Position 989</name>
            </trkpt>
            <trkpt lat="51.060673" lon="7.348626">
                <ele>243.0</ele>
                <name>Position 990</name>
            </trkpt>
            <trkpt lat="51.060407" lon="7.348908">
                <ele>244.0</ele>
                <name>Position 991</name>
            </trkpt>
            <trkpt lat="51.060255" lon="7.349091">
                <ele>244.0</ele>
                <name>Position 992</name>
            </trkpt>
            <trkpt lat="51.059833" lon="7.349422">
                <ele>244.0</ele>
                <name>Position 993</name>
            </trkpt>
            <trkpt lat="51.059655" lon="7.349508">
                <ele>245.0</ele>
                <name>Position 994</name>
            </trkpt>
            <trkpt lat="51.059448" lon="7.349439">
                <ele>244.8</ele>
                <name>Position 995</name>
            </trkpt>
            <trkpt lat="51.059123" lon="7.349019">
                <ele>245.0</ele>
                <name>Position 996</name>
            </trkpt>
            <trkpt lat="51.058787" lon="7.347814">
                <ele>248.0</ele>
                <name>Position 997</name>
            </trkpt>
            <trkpt lat="51.058438" lon="7.346794">
                <ele>251.0</ele>
                <name>Position 998</name>
            </trkpt>
            <trkpt lat="51.057707" lon="7.345708">
                <ele>262.0</ele>
                <name>Position 999</name>
            </trkpt>
            <trkpt lat="51.05752" lon="7.345333">
                <ele>261.5</ele>
                <name>Position 1000</name>
            </trkpt>
            <trkpt lat="51.057458" lon="7.344897">
                <ele>260.0</ele>
                <name>Position 1001</name>
            </trkpt>
            <trkpt lat="51.057561" lon="7.344663">
                <ele>259.0</ele>
                <name>Position 1002</name>
            </trkpt>
            <trkpt lat="51.05751" lon="7.344398">
                <ele>259.0</ele>
                <name>Position 1003</name>
            </trkpt>
            <trkpt lat="51.057304" lon="7.343742">
                <ele>266.0</ele>
                <name>Position 1004</name>
            </trkpt>
            <trkpt lat="51.057625" lon="7.343414">
                <ele>259.8</ele>
                <name>Position 1005</name>
            </trkpt>
            <trkpt lat="51.057861" lon="7.343268">
                <ele>257.5</ele>
                <name>Position 1006</name>
            </trkpt>
            <trkpt lat="51.057896" lon="7.343025">
                <ele>257.8</ele>
                <name>Position 1007</name>
            </trkpt>
            <trkpt lat="51.057252" lon="7.339157">
                <ele>277.0</ele>
                <name>Position 1008</name>
            </trkpt>
            <trkpt lat="51.057135" lon="7.338235">
                <ele>282.0</ele>
                <name>Position 1009</name>
            </trkpt>
            <trkpt lat="51.057116" lon="7.336512">
                <ele>286.0</ele>
                <name>Position 1010</name>
            </trkpt>
            <trkpt lat="51.057022" lon="7.336366">
                <ele>285.0</ele>
                <name>Position 1011</name>
            </trkpt>
            <trkpt lat="51.055744" lon="7.337729">
                <ele>287.0</ele>
                <name>Position 1012</name>
            </trkpt>
            <trkpt lat="51.054862" lon="7.339037">
                <ele>289.0</ele>
                <name>Position 1013</name>
            </trkpt>
            <trkpt lat="51.053692" lon="7.34086">
                <ele>303.3</ele>
                <name>Position 1014</name>
            </trkpt>
            <trkpt lat="51.052993" lon="7.341179">
                <ele>306.0</ele>
                <name>Position 1015</name>
            </trkpt>
            <trkpt lat="51.052563" lon="7.34147">
                <ele>307.0</ele>
                <name>Position 1016</name>
            </trkpt>
            <trkpt lat="51.05191" lon="7.341946">
                <ele>303.5</ele>
                <name>Position 1017</name>
            </trkpt>
            <trkpt lat="51.051617" lon="7.341907">
                <ele>302.3</ele>
                <name>Position 1018</name>
            </trkpt>
            <trkpt lat="51.051367" lon="7.341573">
                <ele>301.0</ele>
                <name>Position 1019</name>
            </trkpt>
            <trkpt lat="51.051138" lon="7.34152">
                <ele>300.0</ele>
                <name>Position 1020</name>
            </trkpt>
            <trkpt lat="51.050291" lon="7.341917">
                <ele>295.3</ele>
                <name>Position 1021</name>
            </trkpt>
            <trkpt lat="51.048572" lon="7.341972">
                <ele>287.0</ele>
                <name>Position 1022</name>
            </trkpt>
            <trkpt lat="51.046773" lon="7.342397">
                <ele>284.0</ele>
                <name>Position 1023</name>
            </trkpt>
            <trkpt lat="51.046126" lon="7.342833">
                <ele>281.8</ele>
                <name>Position 1024</name>
            </trkpt>
            <trkpt lat="51.045113" lon="7.34384">
                <ele>275.0</ele>
                <name>Position 1025</name>
            </trkpt>
            <trkpt lat="51.044603" lon="7.344388">
                <ele>270.0</ele>
                <name>Position 1026</name>
            </trkpt>
            <trkpt lat="51.043786" lon="7.345268">
                <ele>262.0</ele>
                <name>Position 1027</name>
            </trkpt>
            <trkpt lat="51.043093" lon="7.345674">
                <ele>255.0</ele>
                <name>Position 1028</name>
            </trkpt>
            <trkpt lat="51.041861" lon="7.346267">
                <ele>249.0</ele>
                <name>Position 1029</name>
            </trkpt>
            <trkpt lat="51.040373" lon="7.34707">
                <ele>244.3</ele>
                <name>Position 1030</name>
            </trkpt>
            <trkpt lat="51.039713" lon="7.347863">
                <ele>240.0</ele>
                <name>Position 1031</name>
            </trkpt>
            <trkpt lat="51.039166" lon="7.348529">
                <ele>237.0</ele>
                <name>Position 1032</name>
            </trkpt>
            <trkpt lat="51.038831" lon="7.348847">
                <ele>235.0</ele>
                <name>Position 1033</name>
            </trkpt>
            <trkpt lat="51.038432" lon="7.349131">
                <ele>230.0</ele>
                <name>Position 1034</name>
            </trkpt>
            <trkpt lat="51.036633" lon="7.351386">
                <ele>215.0</ele>
                <name>Position 1035</name>
            </trkpt>
            <trkpt lat="51.035974" lon="7.351769">
                <ele>212.0</ele>
                <name>Position 1036</name>
            </trkpt>
            <trkpt lat="51.035016" lon="7.351665">
                <ele>206.0</ele>
                <name>Position 1037</name>
            </trkpt>
            <trkpt lat="51.034569" lon="7.35185">
                <ele>207.0</ele>
                <name>Position 1038</name>
            </trkpt>
            <trkpt lat="51.034325" lon="7.352049">
                <ele>207.0</ele>
                <name>Position 1039</name>
            </trkpt>
            <trkpt lat="51.033966" lon="7.35272">
                <ele>202.0</ele>
                <name>Position 1040</name>
            </trkpt>
            <trkpt lat="51.033466" lon="7.353122">
                <ele>200.5</ele>
                <name>Position 1041</name>
            </trkpt>
            <trkpt lat="51.033229" lon="7.353379">
                <ele>199.5</ele>
                <name>Position 1042</name>
            </trkpt>
            <trkpt lat="51.032705" lon="7.35416">
                <ele>198.0</ele>
                <name>Position 1043</name>
            </trkpt>
            <trkpt lat="51.032111" lon="7.354557">
                <ele>195.8</ele>
                <name>Position 1044</name>
            </trkpt>
            <trkpt lat="51.031317" lon="7.355329">
                <ele>194.0</ele>
                <name>Position 1045</name>
            </trkpt>
            <trkpt lat="51.031031" lon="7.355929">
                <ele>193.0</ele>
                <name>Position 1046</name>
            </trkpt>
            <trkpt lat="51.030604" lon="7.356866">
                <ele>189.5</ele>
                <name>Position 1047</name>
            </trkpt>
            <trkpt lat="51.030024" lon="7.357241">
                <ele>186.0</ele>
                <name>Position 1048</name>
            </trkpt>
            <trkpt lat="51.029648" lon="7.35772">
                <ele>181.0</ele>
                <name>Position 1049</name>
            </trkpt>
            <trkpt lat="51.029077" lon="7.358712">
                <ele>188.0</ele>
                <name>Position 1050</name>
            </trkpt>
            <trkpt lat="51.029794" lon="7.359853">
                <ele>190.0</ele>
                <name>Position 1051</name>
            </trkpt>
            <trkpt lat="51.029795" lon="7.359853">
                <ele>190.0</ele>
                <name>Position 1052</name>
            </trkpt>
            <trkpt lat="51.030243" lon="7.361419">
                <ele>196.3</ele>
                <name>Position 1053</name>
            </trkpt>
            <trkpt lat="51.031197" lon="7.362707">
                <ele>195.0</ele>
                <name>Position 1054</name>
            </trkpt>
            <trkpt lat="51.03218" lon="7.36283">
                <ele>188.0</ele>
                <name>Position 1055</name>
            </trkpt>
            <trkpt lat="51.0331" lon="7.363308">
                <ele>187.0</ele>
                <name>Position 1056</name>
            </trkpt>
            <trkpt lat="51.035123" lon="7.366268">
                <ele>199.0</ele>
                <name>Position 1057</name>
            </trkpt>
            <trkpt lat="51.036881" lon="7.368083">
                <ele>184.3</ele>
                <name>Position 1058</name>
            </trkpt>
            <trkpt lat="51.037381" lon="7.368279">
                <ele>182.0</ele>
                <name>Position 1059</name>
            </trkpt>
            <trkpt lat="51.037791" lon="7.368552">
                <ele>183.3</ele>
                <name>Position 1060</name>
            </trkpt>
            <trkpt lat="51.038472" lon="7.369542">
                <ele>186.3</ele>
                <name>Position 1061</name>
            </trkpt>
            <trkpt lat="51.03903" lon="7.370342">
                <ele>186.0</ele>
                <name>Position 1062</name>
            </trkpt>
            <trkpt lat="51.039452" lon="7.371031">
                <ele>187.0</ele>
                <name>Position 1063</name>
            </trkpt>
            <trkpt lat="51.040859" lon="7.373142">
                <ele>183.0</ele>
                <name>Position 1064</name>
            </trkpt>
            <trkpt lat="51.042691" lon="7.375932">
                <ele>188.0</ele>
                <name>Position 1065</name>
            </trkpt>
            <trkpt lat="51.04341" lon="7.37704">
                <ele>190.0</ele>
                <name>Position 1066</name>
            </trkpt>
            <trkpt lat="51.044914" lon="7.37937">
                <ele>191.8</ele>
                <name>Position 1067</name>
            </trkpt>
            <trkpt lat="51.046803" lon="7.382315">
                <ele>190.0</ele>
                <name>Position 1068</name>
            </trkpt>
            <trkpt lat="51.047498" lon="7.383376">
                <ele>192.0</ele>
                <name>Position 1069</name>
            </trkpt>
            <trkpt lat="51.048247" lon="7.384503">
                <ele>192.3</ele>
                <name>Position 1070</name>
            </trkpt>
            <trkpt lat="51.048961" lon="7.385615">
                <ele>194.3</ele>
                <name>Position 1071</name>
            </trkpt>
            <trkpt lat="51.049236" lon="7.386144">
                <ele>195.3</ele>
                <name>Position 1072</name>
            </trkpt>
            <trkpt lat="51.049196" lon="7.3867">
                <ele>196.0</ele>
                <name>Position 1073</name>
            </trkpt>
            <trkpt lat="51.049155" lon="7.387138">
                <ele>196.0</ele>
                <name>Position 1074</name>
            </trkpt>
            <trkpt lat="51.04913" lon="7.389997">
                <ele>194.8</ele>
                <name>Position 1075</name>
            </trkpt>
            <trkpt lat="51.049145" lon="7.39229">
                <ele>196.5</ele>
                <name>Position 1076</name>
            </trkpt>
            <trkpt lat="51.049496" lon="7.393406">
                <ele>198.0</ele>
                <name>Position 1077</name>
            </trkpt>
            <trkpt lat="51.050238" lon="7.394206">
                <ele>198.0</ele>
                <name>Position 1078</name>
            </trkpt>
            <trkpt lat="51.051708" lon="7.395811">
                <ele>201.0</ele>
                <name>Position 1079</name>
            </trkpt>
            <trkpt lat="51.0523816" lon="7.396587">
                <ele>202.5</ele>
                <time>2013-05-21T10:27:58.748Z</time>
                <name>L284, 51789 Lindlar, Deutschland</name>
            </trkpt>
            <trkpt lat="51.0534" lon="7.397643">
                <ele>205.0</ele>
                <name>Position 1081</name>
            </trkpt>
            <trkpt lat="51.05533" lon="7.399016">
                <ele>205.0</ele>
                <name>Position 1082</name>
            </trkpt>
            <trkpt lat="51.055817" lon="7.399568">
                <ele>208.0</ele>
                <name>Position 1083</name>
            </trkpt>
            <trkpt lat="51.056922" lon="7.401033">
                <ele>210.8</ele>
                <name>Position 1084</name>
            </trkpt>
            <trkpt lat="51.057652" lon="7.401889">
                <ele>210.0</ele>
                <name>Position 1085</name>
            </trkpt>
            <trkpt lat="51.059694" lon="7.403647">
                <ele>214.0</ele>
                <name>Position 1086</name>
            </trkpt>
            <trkpt lat="51.060557" lon="7.404249">
                <ele>213.0</ele>
                <name>Position 1087</name>
            </trkpt>
            <trkpt lat="51.062502" lon="7.404863">
                <ele>218.0</ele>
                <name>Position 1088</name>
            </trkpt>
            <trkpt lat="51.063801" lon="7.404295">
                <ele>221.0</ele>
                <name>Position 1089</name>
            </trkpt>
            <trkpt lat="51.065477" lon="7.403508">
                <ele>221.5</ele>
                <name>Position 1090</name>
            </trkpt>
            <trkpt lat="51.066327" lon="7.403093">
                <ele>225.0</ele>
                <name>Position 1091</name>
            </trkpt>
            <trkpt lat="51.067313" lon="7.402604">
                <ele>230.0</ele>
                <name>Position 1092</name>
            </trkpt>
            <trkpt lat="51.06824" lon="7.400876">
                <ele>237.0</ele>
                <name>Position 1093</name>
            </trkpt>
            <trkpt lat="51.068684" lon="7.399907">
                <ele>241.5</ele>
                <name>Position 1094</name>
            </trkpt>
            <trkpt lat="51.069122" lon="7.399767">
                <ele>243.0</ele>
                <name>Position 1095</name>
            </trkpt>
            <trkpt lat="51.070794" lon="7.400213">
                <ele>259.0</ele>
                <name>Position 1096</name>
            </trkpt>
            <trkpt lat="51.072738" lon="7.398497">
                <ele>268.0</ele>
                <name>Position 1097</name>
            </trkpt>
            <trkpt lat="51.072903" lon="7.398554">
                <ele>270.0</ele>
                <name>Position 1098</name>
            </trkpt>
            <trkpt lat="51.072891" lon="7.399103">
                <ele>269.0</ele>
                <name>Position 1099</name>
            </trkpt>
            <trkpt lat="51.072814" lon="7.399759">
                <ele>266.5</ele>
                <name>Position 1100</name>
            </trkpt>
            <trkpt lat="51.073012" lon="7.400564">
                <ele>268.0</ele>
                <name>Position 1101</name>
            </trkpt>
            <trkpt lat="51.074294" lon="7.401546">
                <ele>282.5</ele>
                <name>Position 1102</name>
            </trkpt>
            <trkpt lat="51.074686" lon="7.401446">
                <ele>288.5</ele>
                <name>Position 1103</name>
            </trkpt>
            <trkpt lat="51.074926" lon="7.401622">
                <ele>291.0</ele>
                <name>Position 1104</name>
            </trkpt>
            <trkpt lat="51.075004" lon="7.402213">
                <ele>288.0</ele>
                <name>Position 1105</name>
            </trkpt>
            <trkpt lat="51.0755" lon="7.403015">
                <ele>291.3</ele>
                <name>Position 1106</name>
            </trkpt>
            <trkpt lat="51.076016" lon="7.403156">
                <ele>295.3</ele>
                <name>Position 1107</name>
            </trkpt>
            <trkpt lat="51.077501" lon="7.402469">
                <ele>309.0</ele>
                <name>Position 1108</name>
            </trkpt>
            <trkpt lat="51.077771" lon="7.402445">
                <ele>310.0</ele>
                <name>Position 1109</name>
            </trkpt>
            <trkpt lat="51.079788" lon="7.402101">
                <ele>307.0</ele>
                <name>Position 1110</name>
            </trkpt>
            <trkpt lat="51.08001" lon="7.402241">
                <ele>306.3</ele>
                <name>Position 1111</name>
            </trkpt>
            <trkpt lat="51.080058" lon="7.402639">
                <ele>306.3</ele>
                <name>Position 1112</name>
            </trkpt>
            <trkpt lat="51.080116" lon="7.403156">
                <ele>307.0</ele>
                <name>Position 1113</name>
            </trkpt>
            <trkpt lat="51.080573" lon="7.403936">
                <ele>310.3</ele>
                <name>Position 1114</name>
            </trkpt>
            <trkpt lat="51.08115" lon="7.405168">
                <ele>316.0</ele>
                <name>Position 1115</name>
            </trkpt>
            <trkpt lat="51.081429" lon="7.406092">
                <ele>319.8</ele>
                <name>Position 1116</name>
            </trkpt>
            <trkpt lat="51.081513" lon="7.40672">
                <ele>321.5</ele>
                <name>Position 1117</name>
            </trkpt>
            <trkpt lat="51.081523" lon="7.407423">
                <ele>322.8</ele>
                <name>Position 1118</name>
            </trkpt>
            <trkpt lat="51.081755" lon="7.407739">
                <ele>323.5</ele>
                <name>Position 1119</name>
            </trkpt>
            <trkpt lat="51.081965" lon="7.407722">
                <ele>325.0</ele>
                <name>Position 1120</name>
            </trkpt>
            <trkpt lat="51.083636" lon="7.406499">
                <ele>334.0</ele>
                <name>Position 1121</name>
            </trkpt>
            <trkpt lat="51.084703" lon="7.406151">
                <ele>341.0</ele>
                <name>Position 1122</name>
            </trkpt>
            <trkpt lat="51.086006" lon="7.405253">
                <ele>344.0</ele>
                <name>Position 1123</name>
            </trkpt>
            <trkpt lat="51.086469" lon="7.40495">
                <ele>344.0</ele>
                <name>Position 1124</name>
            </trkpt>
            <trkpt lat="51.08707" lon="7.40455">
                <ele>345.0</ele>
                <name>Position 1125</name>
            </trkpt>
            <trkpt lat="51.088363" lon="7.403802">
                <ele>360.3</ele>
                <name>Position 1126</name>
            </trkpt>
            <trkpt lat="51.087606" lon="7.40081">
                <ele>351.5</ele>
                <name>Position 1127</name>
            </trkpt>
            <trkpt lat="51.087323" lon="7.399626">
                <ele>346.5</ele>
                <name>Position 1128</name>
            </trkpt>
            <trkpt lat="51.087261" lon="7.398322">
                <ele>348.0</ele>
                <name>Position 1129</name>
            </trkpt>
            <trkpt lat="51.087171" lon="7.396777">
                <ele>348.0</ele>
                <name>Position 1130</name>
            </trkpt>
            <trkpt lat="51.087127" lon="7.394384">
                <ele>342.0</ele>
                <name>Position 1131</name>
            </trkpt>
            <trkpt lat="51.08712" lon="7.394087">
                <ele>343.0</ele>
                <name>Position 1132</name>
            </trkpt>
            <trkpt lat="51.087107" lon="7.393605">
                <ele>343.0</ele>
                <name>Position 1133</name>
            </trkpt>
            <trkpt lat="51.087006" lon="7.39281">
                <ele>341.0</ele>
                <name>Position 1134</name>
            </trkpt>
            <trkpt lat="51.086183" lon="7.391166">
                <ele>341.0</ele>
                <name>Position 1135</name>
            </trkpt>
            <trkpt lat="51.085185" lon="7.388945">
                <ele>333.0</ele>
                <name>Position 1136</name>
            </trkpt>
            <trkpt lat="51.084722" lon="7.387918">
                <ele>324.5</ele>
                <name>Position 1137</name>
            </trkpt>
            <trkpt lat="51.084419" lon="7.387242">
                <ele>326.0</ele>
                <name>Position 1138</name>
            </trkpt>
            <trkpt lat="51.08442" lon="7.387242">
                <ele>326.0</ele>
                <name>Position 1139</name>
            </trkpt>
            <trkpt lat="51.08378" lon="7.385698">
                <ele>328.0</ele>
                <name>Position 1140</name>
            </trkpt>
            <trkpt lat="51.08351" lon="7.384554">
                <ele>325.0</ele>
                <name>Position 1141</name>
            </trkpt>
            <trkpt lat="51.083077" lon="7.38302">
                <ele>325.0</ele>
                <name>Position 1142</name>
            </trkpt>
            <trkpt lat="51.082475" lon="7.380345">
                <ele>320.0</ele>
                <name>Position 1143</name>
            </trkpt>
            <trkpt lat="51.082098" lon="7.378612">
                <ele>298.5</ele>
                <name>Position 1144</name>
            </trkpt>
            <trkpt lat="51.082115" lon="7.37815">
                <ele>295.5</ele>
                <name>Position 1145</name>
            </trkpt>
            <trkpt lat="51.082134" lon="7.377078">
                <ele>293.0</ele>
                <name>Position 1146</name>
            </trkpt>
            <trkpt lat="51.081877" lon="7.376073">
                <ele>297.0</ele>
                <name>Position 1147</name>
            </trkpt>
            <trkpt lat="51.081657" lon="7.375015">
                <ele>299.8</ele>
                <name>Position 1148</name>
            </trkpt>
            <trkpt lat="51.08143" lon="7.37374">
                <ele>298.0</ele>
                <name>Position 1149</name>
            </trkpt>
            <trkpt lat="51.081343" lon="7.371975">
                <ele>286.0</ele>
                <name>Position 1150</name>
            </trkpt>
            <trkpt lat="51.081066" lon="7.370709">
                <ele>281.0</ele>
                <name>Position 1151</name>
            </trkpt>
            <trkpt lat="51.082144" lon="7.371818">
                <ele>276.5</ele>
                <name>Position 1152</name>
            </trkpt>
            <trkpt lat="51.082787" lon="7.372263">
                <ele>276.0</ele>
                <name>Position 1153</name>
            </trkpt>
            <trkpt lat="51.083992" lon="7.373139">
                <ele>275.0</ele>
                <name>Position 1154</name>
            </trkpt>
            <trkpt lat="51.084991" lon="7.372725">
                <ele>268.8</ele>
                <name>Position 1155</name>
            </trkpt>
            <trkpt lat="51.084991" lon="7.372725">
                <ele>268.8</ele>
                <name>Position 1156</name>
            </trkpt>
            <trkpt lat="51.085755" lon="7.372227">
                <ele>256.0</ele>
                <name>Position 1157</name>
            </trkpt>
            <trkpt lat="51.086468" lon="7.371482">
                <ele>248.0</ele>
                <name>Position 1158</name>
            </trkpt>
            <trkpt lat="51.087596" lon="7.370366">
                <ele>241.5</ele>
                <name>Position 1159</name>
            </trkpt>
            <trkpt lat="51.087801" lon="7.369683">
                <ele>246.0</ele>
                <name>Position 1160</name>
            </trkpt>
            <trkpt lat="51.088683" lon="7.369378">
                <ele>253.0</ele>
                <name>Position 1161</name>
            </trkpt>
            <trkpt lat="51.089334" lon="7.369326">
                <ele>255.0</ele>
                <name>Position 1162</name>
            </trkpt>
            <trkpt lat="51.090816" lon="7.370164">
                <ele>258.8</ele>
                <name>Position 1163</name>
            </trkpt>
            <trkpt lat="51.091407" lon="7.370574">
                <ele>263.0</ele>
                <name>Position 1164</name>
            </trkpt>
            <trkpt lat="51.092479" lon="7.371323">
                <ele>257.0</ele>
                <name>Position 1165</name>
            </trkpt>
            <trkpt lat="51.095659" lon="7.373521">
                <ele>263.0</ele>
                <name>Position 1166</name>
            </trkpt>
            <trkpt lat="51.096222" lon="7.373687">
                <ele>266.3</ele>
                <name>Position 1167</name>
            </trkpt>
            <trkpt lat="51.096789" lon="7.373644">
                <ele>268.3</ele>
                <name>Position 1168</name>
            </trkpt>
            <trkpt lat="51.0976" lon="7.373544">
                <ele>269.0</ele>
                <name>Position 1169</name>
            </trkpt>
            <trkpt lat="51.098447" lon="7.373461">
                <ele>274.0</ele>
                <name>Position 1170</name>
            </trkpt>
            <trkpt lat="51.099639" lon="7.373339">
                <ele>279.5</ele>
                <name>Position 1171</name>
            </trkpt>
            <trkpt lat="51.100177" lon="7.37358">
                <ele>284.0</ele>
                <name>Position 1172</name>
            </trkpt>
            <trkpt lat="51.100395" lon="7.373894">
                <ele>286.0</ele>
                <name>Position 1173</name>
            </trkpt>
            <trkpt lat="51.10066" lon="7.374557">
                <ele>290.3</ele>
                <name>Position 1174</name>
            </trkpt>
            <trkpt lat="51.100963" lon="7.377844">
                <ele>310.0</ele>
                <name>Position 1175</name>
            </trkpt>
            <trkpt lat="51.101608" lon="7.381125">
                <ele>318.0</ele>
                <name>Position 1176</name>
            </trkpt>
            <trkpt lat="51.101855" lon="7.382223">
                <ele>315.5</ele>
                <name>Position 1177</name>
            </trkpt>
            <trkpt lat="51.102025" lon="7.382592">
                <ele>314.0</ele>
                <name>Position 1178</name>
            </trkpt>
            <trkpt lat="51.102322" lon="7.382722">
                <ele>313.0</ele>
                <name>Position 1179</name>
            </trkpt>
            <trkpt lat="51.102793" lon="7.382556">
                <ele>313.0</ele>
                <name>Position 1180</name>
            </trkpt>
            <trkpt lat="51.104468" lon="7.381804">
                <ele>308.0</ele>
                <name>Position 1181</name>
            </trkpt>
            <trkpt lat="51.106382" lon="7.381481">
                <ele>299.5</ele>
                <name>Position 1182</name>
            </trkpt>
            <trkpt lat="51.107029" lon="7.381223">
                <ele>300.0</ele>
                <name>Position 1183</name>
            </trkpt>
            <trkpt lat="51.107332" lon="7.381687">
                <ele>298.0</ele>
                <name>Position 1184</name>
            </trkpt>
            <trkpt lat="51.107739" lon="7.382275">
                <ele>295.0</ele>
                <name>Position 1185</name>
            </trkpt>
            <trkpt lat="51.108899" lon="7.38382">
                <ele>294.8</ele>
                <name>Position 1186</name>
            </trkpt>
            <trkpt lat="51.109348" lon="7.384558">
                <ele>293.5</ele>
                <name>Position 1187</name>
            </trkpt>
            <trkpt lat="51.109712" lon="7.38518">
                <ele>293.0</ele>
                <name>Position 1188</name>
            </trkpt>
            <trkpt lat="51.110449" lon="7.386335">
                <ele>291.0</ele>
                <name>Position 1189</name>
            </trkpt>
            <trkpt lat="51.111172" lon="7.386958">
                <ele>291.0</ele>
                <name>Position 1190</name>
            </trkpt>
            <trkpt lat="51.113351" lon="7.388506">
                <ele>282.0</ele>
                <name>Position 1191</name>
            </trkpt>
            <trkpt lat="51.114071" lon="7.389115">
                <ele>280.0</ele>
                <name>Position 1192</name>
            </trkpt>
            <trkpt lat="51.114443" lon="7.389534">
                <ele>280.0</ele>
                <name>Position 1193</name>
            </trkpt>
            <trkpt lat="51.114794" lon="7.389945">
                <ele>277.0</ele>
                <name>Position 1194</name>
            </trkpt>
            <trkpt lat="51.115332" lon="7.390538">
                <ele>275.0</ele>
                <name>Position 1195</name>
            </trkpt>
            <trkpt lat="51.115841" lon="7.391113">
                <ele>272.8</ele>
                <name>Position 1196</name>
            </trkpt>
            <trkpt lat="51.11597" lon="7.390559">
                <ele>272.5</ele>
                <name>Position 1197</name>
            </trkpt>
            <trkpt lat="51.116081" lon="7.390127">
                <ele>273.0</ele>
                <name>Position 1198</name>
            </trkpt>
            <trkpt lat="51.116138" lon="7.390025">
                <ele>273.0</ele>
                <name>Position 1199</name>
            </trkpt>
            <trkpt lat="51.116206" lon="7.389977">
                <ele>273.0</ele>
                <name>Position 1200</name>
            </trkpt>
            <trkpt lat="51.116351" lon="7.389971">
                <ele>271.8</ele>
                <name>Position 1201</name>
            </trkpt>
            <trkpt lat="51.116563" lon="7.389993">
                <ele>272.0</ele>
                <name>Position 1202</name>
            </trkpt>
            <trkpt lat="51.116578" lon="7.390075">
                <ele>272.0</ele>
                <name>Position 1203</name>
            </trkpt>
            <trkpt lat="51.11662" lon="7.39013">
                <ele>272.0</ele>
                <name>Position 1204</name>
            </trkpt>
            <trkpt lat="51.116686" lon="7.390135">
                <ele>271.0</ele>
                <name>Position 1205</name>
            </trkpt>
            <trkpt lat="51.116737" lon="7.390069">
                <ele>271.0</ele>
                <name>Position 1206</name>
            </trkpt>
            <trkpt lat="51.116795" lon="7.390022">
                <ele>272.0</ele>
                <name>Position 1207</name>
            </trkpt>
            <trkpt lat="51.117487" lon="7.390098">
                <ele>271.0</ele>
                <name>Position 1208</name>
            </trkpt>
            <trkpt lat="51.118138" lon="7.390277">
                <ele>273.0</ele>
                <name>Position 1209</name>
            </trkpt>
            <trkpt lat="51.118486" lon="7.390406">
                <ele>274.0</ele>
                <name>Position 1210</name>
            </trkpt>
            <trkpt lat="51.118827" lon="7.389972">
                <ele>274.8</ele>
                <name>Position 1211</name>
            </trkpt>
            <trkpt lat="51.119055" lon="7.389276">
                <ele>274.5</ele>
                <name>Position 1212</name>
            </trkpt>
            <trkpt lat="51.119567" lon="7.388247">
                <ele>275.0</ele>
                <name>Position 1213</name>
            </trkpt>
            <trkpt lat="51.120037" lon="7.387321">
                <ele>271.0</ele>
                <name>Position 1214</name>
            </trkpt>
            <trkpt lat="51.120286" lon="7.386799">
                <ele>271.3</ele>
                <name>Position 1215</name>
            </trkpt>
            <trkpt lat="51.120479" lon="7.386343">
                <ele>271.0</ele>
                <name>Position 1216</name>
            </trkpt>
            <trkpt lat="51.120628" lon="7.386083">
                <ele>270.0</ele>
                <name>Position 1217</name>
            </trkpt>
            <trkpt lat="51.121069" lon="7.385634">
                <ele>270.0</ele>
                <name>Position 1218</name>
            </trkpt>
            <trkpt lat="51.121251" lon="7.385496">
                <ele>271.0</ele>
                <name>Position 1219</name>
            </trkpt>
            <trkpt lat="51.121941" lon="7.384792">
                <ele>272.0</ele>
                <name>Position 1220</name>
            </trkpt>
            <trkpt lat="51.122226" lon="7.384329">
                <ele>272.0</ele>
                <name>Position 1221</name>
            </trkpt>
            <trkpt lat="51.122597" lon="7.383408">
                <ele>270.0</ele>
                <name>Position 1222</name>
            </trkpt>
            <trkpt lat="51.122808" lon="7.382451">
                <ele>269.0</ele>
                <name>Position 1223</name>
            </trkpt>
            <trkpt lat="51.12292" lon="7.382013">
                <ele>269.8</ele>
                <name>Position 1224</name>
            </trkpt>
            <trkpt lat="51.123024" lon="7.381685">
                <ele>271.0</ele>
                <name>Position 1225</name>
            </trkpt>
            <trkpt lat="51.123201" lon="7.381363">
                <ele>272.0</ele>
                <name>Position 1226</name>
            </trkpt>
            <trkpt lat="51.123684" lon="7.3809">
                <ele>274.0</ele>
                <name>Position 1227</name>
            </trkpt>
            <trkpt lat="51.124254" lon="7.380746">
                <ele>277.0</ele>
                <name>Position 1228</name>
            </trkpt>
            <trkpt lat="51.124863" lon="7.380294">
                <ele>279.5</ele>
                <name>Position 1229</name>
            </trkpt>
            <trkpt lat="51.125469" lon="7.379626">
                <ele>285.0</ele>
                <name>Position 1230</name>
            </trkpt>
            <trkpt lat="51.126734" lon="7.378024">
                <ele>293.0</ele>
                <name>Position 1231</name>
            </trkpt>
            <trkpt lat="51.127783" lon="7.376989">
                <ele>298.8</ele>
                <name>Position 1232</name>
            </trkpt>
            <trkpt lat="51.129067" lon="7.375896">
                <ele>304.0</ele>
                <name>Position 1233</name>
            </trkpt>
            <trkpt lat="51.129393" lon="7.375689">
                <ele>305.0</ele>
                <name>Position 1234</name>
            </trkpt>
            <trkpt lat="51.12953" lon="7.375676">
                <ele>305.0</ele>
                <name>Position 1235</name>
            </trkpt>
            <trkpt lat="51.129761" lon="7.375706">
                <ele>305.0</ele>
                <name>Position 1236</name>
            </trkpt>
            <trkpt lat="51.130938" lon="7.375936">
                <ele>308.0</ele>
                <name>Position 1237</name>
            </trkpt>
            <trkpt lat="51.131965" lon="7.376166">
                <ele>310.0</ele>
                <name>Position 1238</name>
            </trkpt>
            <trkpt lat="51.132687" lon="7.376488">
                <ele>309.0</ele>
                <name>Position 1239</name>
            </trkpt>
            <trkpt lat="51.133049" lon="7.376511">
                <ele>309.0</ele>
                <name>Position 1240</name>
            </trkpt>
            <trkpt lat="51.133393" lon="7.376338">
                <ele>310.0</ele>
                <name>Position 1241</name>
            </trkpt>
            <trkpt lat="51.133809" lon="7.376221">
                <ele>310.0</ele>
                <name>Position 1242</name>
            </trkpt>
            <trkpt lat="51.134163" lon="7.376327">
                <ele>310.0</ele>
                <name>Position 1243</name>
            </trkpt>
            <trkpt lat="51.13473" lon="7.376787">
                <ele>312.5</ele>
                <name>Position 1244</name>
            </trkpt>
            <trkpt lat="51.135623" lon="7.377363">
                <ele>315.5</ele>
                <name>Position 1245</name>
            </trkpt>
            <trkpt lat="51.136341" lon="7.377363">
                <ele>316.3</ele>
                <name>Position 1246</name>
            </trkpt>
            <trkpt lat="51.136753" lon="7.377443">
                <ele>316.3</ele>
                <name>Position 1247</name>
            </trkpt>
            <trkpt lat="51.137153" lon="7.377562">
                <ele>317.5</ele>
                <name>Position 1248</name>
            </trkpt>
            <trkpt lat="51.137561" lon="7.377752">
                <ele>318.8</ele>
                <name>Position 1249</name>
            </trkpt>
            <trkpt lat="51.137928" lon="7.377984">
                <ele>321.0</ele>
                <name>Position 1250</name>
            </trkpt>
            <trkpt lat="51.138277" lon="7.378289">
                <ele>321.5</ele>
                <name>Position 1251</name>
            </trkpt>
            <trkpt lat="51.138674" lon="7.378722">
                <ele>323.8</ele>
                <name>Position 1252</name>
            </trkpt>
            <trkpt lat="51.139258" lon="7.379285">
                <ele>328.0</ele>
                <name>Position 1253</name>
            </trkpt>
            <trkpt lat="51.139853" lon="7.379787">
                <ele>330.0</ele>
                <name>Position 1254</name>
            </trkpt>
            <trkpt lat="51.140005" lon="7.379902">
                <ele>329.5</ele>
                <name>Position 1255</name>
            </trkpt>
            <trkpt lat="51.140161" lon="7.379976">
                <ele>330.0</ele>
                <name>Position 1256</name>
            </trkpt>
            <trkpt lat="51.140282" lon="7.380027">
                <ele>330.0</ele>
                <name>Position 1257</name>
            </trkpt>
            <trkpt lat="51.140416" lon="7.380097">
                <ele>330.0</ele>
                <name>Position 1258</name>
            </trkpt>
            <trkpt lat="51.140531" lon="7.380213">
                <ele>330.0</ele>
                <name>Position 1259</name>
            </trkpt>
            <trkpt lat="51.140676" lon="7.380424">
                <ele>330.0</ele>
                <name>Position 1260</name>
            </trkpt>
            <trkpt lat="51.140901" lon="7.380812">
                <ele>330.0</ele>
                <name>Position 1261</name>
            </trkpt>
            <trkpt lat="51.141465" lon="7.381756">
                <ele>331.0</ele>
                <name>Position 1262</name>
            </trkpt>
            <trkpt lat="51.141804" lon="7.382442">
                <ele>331.0</ele>
                <name>Position 1263</name>
            </trkpt>
            <trkpt lat="51.142676" lon="7.384639">
                <ele>333.0</ele>
                <name>Position 1264</name>
            </trkpt>
            <trkpt lat="51.142952" lon="7.385295">
                <ele>333.0</ele>
                <name>Position 1265</name>
            </trkpt>
            <trkpt lat="51.143073" lon="7.385554">
                <ele>333.0</ele>
                <name>Position 1266</name>
            </trkpt>
            <trkpt lat="51.143171" lon="7.385726">
                <ele>333.0</ele>
                <name>Position 1267</name>
            </trkpt>
            <trkpt lat="51.143263" lon="7.385866">
                <ele>334.0</ele>
                <name>Position 1268</name>
            </trkpt>
            <trkpt lat="51.143399" lon="7.386055">
                <ele>334.0</ele>
                <name>Position 1269</name>
            </trkpt>
            <trkpt lat="51.143694" lon="7.38649">
                <ele>334.0</ele>
                <name>Position 1270</name>
            </trkpt>
            <trkpt lat="51.14382" lon="7.38671">
                <ele>335.0</ele>
                <name>Position 1271</name>
            </trkpt>
            <trkpt lat="51.144003" lon="7.387063">
                <ele>336.0</ele>
                <name>Position 1272</name>
            </trkpt>
            <trkpt lat="51.144259" lon="7.387521">
                <ele>337.0</ele>
                <name>Position 1273</name>
            </trkpt>
            <trkpt lat="51.144791" lon="7.388357">
                <ele>339.0</ele>
                <name>Position 1274</name>
            </trkpt>
            <trkpt lat="51.14527" lon="7.389052">
                <ele>343.0</ele>
                <name>Position 1275</name>
            </trkpt>
            <trkpt lat="51.145624" lon="7.389498">
                <ele>346.0</ele>
                <name>Position 1276</name>
            </trkpt>
            <trkpt lat="51.146344" lon="7.390128">
                <ele>354.0</ele>
                <name>Position 1277</name>
            </trkpt>
            <trkpt lat="51.146799" lon="7.390509">
                <ele>359.0</ele>
                <name>Position 1278</name>
            </trkpt>
            <trkpt lat="51.148028" lon="7.391426">
                <ele>358.5</ele>
                <name>Position 1279</name>
            </trkpt>
            <trkpt lat="51.149325" lon="7.39168">
                <ele>352.5</ele>
                <name>Position 1280</name>
            </trkpt>
            <trkpt lat="51.149788" lon="7.391129">
                <ele>351.0</ele>
                <name>Position 1281</name>
            </trkpt>
            <trkpt lat="51.150804" lon="7.390743">
                <ele>347.3</ele>
                <name>Position 1282</name>
            </trkpt>
            <trkpt lat="51.151472" lon="7.390525">
                <ele>346.0</ele>
                <name>Position 1283</name>
            </trkpt>
            <trkpt lat="51.151472" lon="7.390525">
                <ele>346.0</ele>
                <name>Position 1284</name>
            </trkpt>
            <trkpt lat="51.151641" lon="7.390353">
                <ele>345.0</ele>
                <name>Position 1285</name>
            </trkpt>
            <trkpt lat="51.151593" lon="7.390227">
                <ele>344.0</ele>
                <name>Position 1286</name>
            </trkpt>
            <trkpt lat="51.150907" lon="7.390075">
                <ele>341.8</ele>
                <name>Position 1287</name>
            </trkpt>
            <trkpt lat="51.150283" lon="7.389642">
                <ele>343.0</ele>
                <name>Position 1288</name>
            </trkpt>
            <trkpt lat="51.149644" lon="7.388572">
                <ele>342.0</ele>
                <name>Position 1289</name>
            </trkpt>
            <trkpt lat="51.148424" lon="7.386379">
                <ele>333.0</ele>
                <name>Position 1290</name>
            </trkpt>
            <trkpt lat="51.147518" lon="7.38418">
                <ele>319.0</ele>
                <name>Position 1291</name>
            </trkpt>
            <trkpt lat="51.146936" lon="7.382964">
                <ele>317.0</ele>
                <name>Position 1292</name>
            </trkpt>
            <trkpt lat="51.146447" lon="7.382068">
                <ele>313.0</ele>
                <name>Position 1293</name>
            </trkpt>
            <trkpt lat="51.144987" lon="7.38">
                <ele>313.0</ele>
                <name>Position 1294</name>
            </trkpt>
            <trkpt lat="51.144137" lon="7.378221">
                <ele>307.0</ele>
                <name>Position 1295</name>
            </trkpt>
            <trkpt lat="51.142844" lon="7.375213">
                <ele>307.8</ele>
                <name>Position 1296</name>
            </trkpt>
            <trkpt lat="51.142651" lon="7.374811">
                <ele>307.0</ele>
                <name>Position 1297</name>
            </trkpt>
            <trkpt lat="51.142473" lon="7.37458">
                <ele>306.0</ele>
                <name>Position 1298</name>
            </trkpt>
            <trkpt lat="51.142031" lon="7.374268">
                <ele>305.0</ele>
                <name>Position 1299</name>
            </trkpt>
            <trkpt lat="51.141371" lon="7.37379">
                <ele>307.0</ele>
                <name>Position 1300</name>
            </trkpt>
            <trkpt lat="51.140965" lon="7.373431">
                <ele>308.0</ele>
                <name>Position 1301</name>
            </trkpt>
            <trkpt lat="51.14147" lon="7.371362">
                <ele>294.0</ele>
                <name>Position 1302</name>
            </trkpt>
            <trkpt lat="51.142725" lon="7.367425">
                <ele>297.0</ele>
                <name>Position 1303</name>
            </trkpt>
            <trkpt lat="51.142896" lon="7.366552">
                <ele>297.0</ele>
                <name>Position 1304</name>
            </trkpt>
            <trkpt lat="51.143018" lon="7.365967">
                <ele>299.0</ele>
                <name>Position 1305</name>
            </trkpt>
            <trkpt lat="51.143063" lon="7.365704">
                <ele>299.3</ele>
                <name>Position 1306</name>
            </trkpt>
            <trkpt lat="51.143102" lon="7.365406">
                <ele>301.0</ele>
                <name>Position 1307</name>
            </trkpt>
            <trkpt lat="51.143116" lon="7.365049">
                <ele>301.5</ele>
                <name>Position 1308</name>
            </trkpt>
            <trkpt lat="51.14312" lon="7.364871">
                <ele>303.0</ele>
                <name>Position 1309</name>
            </trkpt>
            <trkpt lat="51.143013" lon="7.364154">
                <ele>309.0</ele>
                <name>Position 1310</name>
            </trkpt>
            <trkpt lat="51.143075" lon="7.363194">
                <ele>318.0</ele>
                <name>Position 1311</name>
            </trkpt>
            <trkpt lat="51.143363" lon="7.362006">
                <ele>317.0</ele>
                <name>Position 1312</name>
            </trkpt>
            <trkpt lat="51.143507" lon="7.361468">
                <ele>314.0</ele>
                <name>Position 1313</name>
            </trkpt>
            <trkpt lat="51.143723" lon="7.360772">
                <ele>313.0</ele>
                <name>Position 1314</name>
            </trkpt>
            <trkpt lat="51.14391" lon="7.360465">
                <ele>312.0</ele>
                <name>Position 1315</name>
            </trkpt>
            <trkpt lat="51.144117" lon="7.360266">
                <ele>312.0</ele>
                <name>Position 1316</name>
            </trkpt>
            <trkpt lat="51.144347" lon="7.360163">
                <ele>313.0</ele>
                <name>Position 1317</name>
            </trkpt>
            <trkpt lat="51.144751" lon="7.360074">
                <ele>315.0</ele>
                <name>Position 1318</name>
            </trkpt>
            <trkpt lat="51.145192" lon="7.359981">
                <ele>317.0</ele>
                <name>Position 1319</name>
            </trkpt>
            <trkpt lat="51.145192" lon="7.359981">
                <ele>317.0</ele>
                <name>Position 1320</name>
            </trkpt>
            <trkpt lat="51.145909" lon="7.359838">
                <ele>320.0</ele>
                <name>Position 1321</name>
            </trkpt>
            <trkpt lat="51.146625" lon="7.359784">
                <ele>323.0</ele>
                <name>Position 1322</name>
            </trkpt>
            <trkpt lat="51.146982" lon="7.360015">
                <ele>323.0</ele>
                <name>Position 1323</name>
            </trkpt>
            <trkpt lat="51.147249" lon="7.36023">
                <ele>322.0</ele>
                <name>Position 1324</name>
            </trkpt>
            <trkpt lat="51.147569" lon="7.360575">
                <ele>321.0</ele>
                <name>Position 1325</name>
            </trkpt>
            <trkpt lat="51.147764" lon="7.360875">
                <ele>321.0</ele>
                <name>Position 1326</name>
            </trkpt>
            <trkpt lat="51.148092" lon="7.361487">
                <ele>321.0</ele>
                <name>Position 1327</name>
            </trkpt>
            <trkpt lat="51.148605" lon="7.3621">
                <ele>319.0</ele>
                <name>Position 1328</name>
            </trkpt>
            <trkpt lat="51.148974" lon="7.362358">
                <ele>318.0</ele>
                <name>Position 1329</name>
            </trkpt>
            <trkpt lat="51.149322" lon="7.362467">
                <ele>318.0</ele>
                <name>Position 1330</name>
            </trkpt>
            <trkpt lat="51.150222" lon="7.362564">
                <ele>317.0</ele>
                <name>Position 1331</name>
            </trkpt>
            <trkpt lat="51.150397" lon="7.362642">
                <ele>317.0</ele>
                <name>Position 1332</name>
            </trkpt>
            <trkpt lat="51.151247" lon="7.363241">
                <ele>319.0</ele>
                <name>Position 1333</name>
            </trkpt>
            <trkpt lat="51.152225" lon="7.363868">
                <ele>320.0</ele>
                <name>Position 1334</name>
            </trkpt>
            <trkpt lat="51.152642" lon="7.364087">
                <ele>320.0</ele>
                <name>Position 1335</name>
            </trkpt>
            <trkpt lat="51.153836" lon="7.364114">
                <ele>315.0</ele>
                <name>Position 1336</name>
            </trkpt>
            <trkpt lat="51.154395" lon="7.364107">
                <ele>314.0</ele>
                <name>Position 1337</name>
            </trkpt>
            <trkpt lat="51.154652" lon="7.363959">
                <ele>314.0</ele>
                <name>Position 1338</name>
            </trkpt>
            <trkpt lat="51.154855" lon="7.363967">
                <ele>314.0</ele>
                <name>Position 1339</name>
            </trkpt>
            <trkpt lat="51.155646" lon="7.364303">
                <ele>312.0</ele>
                <name>Position 1340</name>
            </trkpt>
            <trkpt lat="51.156114" lon="7.364511">
                <ele>311.0</ele>
                <name>Position 1341</name>
            </trkpt>
            <trkpt lat="51.156115" lon="7.364511">
                <ele>311.0</ele>
                <name>Position 1342</name>
            </trkpt>
            <trkpt lat="51.156576" lon="7.364613">
                <ele>309.0</ele>
                <name>Position 1343</name>
            </trkpt>
            <trkpt lat="51.156522" lon="7.364164">
                <ele>309.0</ele>
                <name>Position 1344</name>
            </trkpt>
            <trkpt lat="51.156539" lon="7.363329">
                <ele>307.0</ele>
                <name>Position 1345</name>
            </trkpt>
            <trkpt lat="51.156619" lon="7.362738">
                <ele>308.0</ele>
                <name>Position 1346</name>
            </trkpt>
            <trkpt lat="51.156803" lon="7.36192">
                <ele>312.0</ele>
                <name>Position 1347</name>
            </trkpt>
            <trkpt lat="51.157128" lon="7.360705">
                <ele>315.0</ele>
                <name>Position 1348</name>
            </trkpt>
            <trkpt lat="51.157337" lon="7.359706">
                <ele>314.0</ele>
                <name>Position 1349</name>
            </trkpt>
            <trkpt lat="51.157356" lon="7.358086">
                <ele>309.0</ele>
                <name>Position 1350</name>
            </trkpt>
            <trkpt lat="51.157091" lon="7.356911">
                <ele>308.5</ele>
                <name>Position 1351</name>
            </trkpt>
            <trkpt lat="51.155463" lon="7.354002">
                <ele>291.5</ele>
                <name>Position 1352</name>
            </trkpt>
            <trkpt lat="51.154991" lon="7.353285">
                <ele>285.0</ele>
                <name>Position 1353</name>
            </trkpt>
            <trkpt lat="51.154564" lon="7.352784">
                <ele>283.0</ele>
                <name>Position 1354</name>
            </trkpt>
            <trkpt lat="51.154003" lon="7.352105">
                <ele>280.0</ele>
                <name>Position 1355</name>
            </trkpt>
            <trkpt lat="51.153754" lon="7.351776">
                <ele>278.8</ele>
                <name>Position 1356</name>
            </trkpt>
            <trkpt lat="51.153527" lon="7.351362">
                <ele>277.8</ele>
                <name>Position 1357</name>
            </trkpt>
            <trkpt lat="51.153228" lon="7.350612">
                <ele>274.0</ele>
                <name>Position 1358</name>
            </trkpt>
            <trkpt lat="51.153077" lon="7.349919">
                <ele>273.0</ele>
                <name>Position 1359</name>
            </trkpt>
            <trkpt lat="51.152991" lon="7.349251">
                <ele>272.0</ele>
                <name>Position 1360</name>
            </trkpt>
            <trkpt lat="51.152898" lon="7.348525">
                <ele>273.0</ele>
                <name>Position 1361</name>
            </trkpt>
            <trkpt lat="51.152874" lon="7.348295">
                <ele>273.0</ele>
                <name>Position 1362</name>
            </trkpt>
            <trkpt lat="51.152785" lon="7.347935">
                <ele>273.0</ele>
                <name>Position 1363</name>
            </trkpt>
            <trkpt lat="51.152634" lon="7.347496">
                <ele>274.0</ele>
                <name>Position 1364</name>
            </trkpt>
            <trkpt lat="51.152476" lon="7.347098">
                <ele>271.0</ele>
                <name>Position 1365</name>
            </trkpt>
            <trkpt lat="51.152324" lon="7.346735">
                <ele>268.0</ele>
                <name>Position 1366</name>
            </trkpt>
            <trkpt lat="51.152213" lon="7.346398">
                <ele>266.8</ele>
                <name>Position 1367</name>
            </trkpt>
            <trkpt lat="51.152174" lon="7.346244">
                <ele>266.0</ele>
                <name>Position 1368</name>
            </trkpt>
            <trkpt lat="51.152159" lon="7.346075">
                <ele>265.3</ele>
                <name>Position 1369</name>
            </trkpt>
            <trkpt lat="51.152167" lon="7.345878">
                <ele>264.5</ele>
                <name>Position 1370</name>
            </trkpt>
            <trkpt lat="51.152198" lon="7.345689">
                <ele>264.0</ele>
                <name>Position 1371</name>
            </trkpt>
            <trkpt lat="51.152228" lon="7.345583">
                <ele>263.8</ele>
                <name>Position 1372</name>
            </trkpt>
            <trkpt lat="51.152307" lon="7.345381">
                <ele>263.8</ele>
                <name>Position 1373</name>
            </trkpt>
            <trkpt lat="51.152378" lon="7.345267">
                <ele>263.8</ele>
                <name>Position 1374</name>
            </trkpt>
            <trkpt lat="51.15245" lon="7.345181">
                <ele>264.0</ele>
                <name>Position 1375</name>
            </trkpt>
            <trkpt lat="51.152564" lon="7.34512">
                <ele>264.8</ele>
                <name>Position 1376</name>
            </trkpt>
            <trkpt lat="51.152704" lon="7.34514">
                <ele>266.0</ele>
                <name>Position 1377</name>
            </trkpt>
            <trkpt lat="51.152769" lon="7.345093">
                <ele>267.0</ele>
                <name>Position 1378</name>
            </trkpt>
            <trkpt lat="51.152906" lon="7.344841">
                <ele>266.5</ele>
                <name>Position 1379</name>
            </trkpt>
            <trkpt lat="51.153328" lon="7.344123">
                <ele>266.0</ele>
                <name>Position 1380</name>
            </trkpt>
            <trkpt lat="51.153676" lon="7.343411">
                <ele>262.0</ele>
                <name>Position 1381</name>
            </trkpt>
            <trkpt lat="51.153702" lon="7.343291">
                <ele>261.0</ele>
                <name>Position 1382</name>
            </trkpt>
            <trkpt lat="51.153708" lon="7.343219">
                <ele>260.0</ele>
                <name>Position 1383</name>
            </trkpt>
            <trkpt lat="51.153711" lon="7.343135">
                <ele>259.8</ele>
                <name>Position 1384</name>
            </trkpt>
            <trkpt lat="51.153704" lon="7.342989">
                <ele>259.0</ele>
                <name>Position 1385</name>
            </trkpt>
            <trkpt lat="51.153691" lon="7.342902">
                <ele>259.0</ele>
                <name>Position 1386</name>
            </trkpt>
            <trkpt lat="51.15366" lon="7.342737">
                <ele>258.0</ele>
                <name>Position 1387</name>
            </trkpt>
            <trkpt lat="51.153451" lon="7.342288">
                <ele>258.0</ele>
                <name>Position 1388</name>
            </trkpt>
            <trkpt lat="51.153291" lon="7.341902">
                <ele>259.0</ele>
                <name>Position 1389</name>
            </trkpt>
            <trkpt lat="51.153186" lon="7.341427">
                <ele>259.3</ele>
                <name>Position 1390</name>
            </trkpt>
            <trkpt lat="51.153063" lon="7.340964">
                <ele>260.0</ele>
                <name>Position 1391</name>
            </trkpt>
            <trkpt lat="51.153066" lon="7.340741">
                <ele>261.0</ele>
                <name>Position 1392</name>
            </trkpt>
            <trkpt lat="51.153082" lon="7.340581">
                <ele>262.0</ele>
                <name>Position 1393</name>
            </trkpt>
            <trkpt lat="51.153053" lon="7.340459">
                <ele>263.0</ele>
                <name>Position 1394</name>
            </trkpt>
            <trkpt lat="51.152953" lon="7.340342">
                <ele>265.0</ele>
                <name>Position 1395</name>
            </trkpt>
            <trkpt lat="51.152872" lon="7.340335">
                <ele>266.0</ele>
                <name>Position 1396</name>
            </trkpt>
            <trkpt lat="51.152765" lon="7.340434">
                <ele>265.0</ele>
                <name>Position 1397</name>
            </trkpt>
            <trkpt lat="51.152723" lon="7.340621">
                <ele>264.0</ele>
                <name>Position 1398</name>
            </trkpt>
            <trkpt lat="51.152503" lon="7.340704">
                <ele>264.0</ele>
                <name>Position 1399</name>
            </trkpt>
            <trkpt lat="51.152252" lon="7.340678">
                <ele>265.0</ele>
                <name>Position 1400</name>
            </trkpt>
            <trkpt lat="51.152032" lon="7.340466">
                <ele>266.0</ele>
                <name>Position 1401</name>
            </trkpt>
            <trkpt lat="51.151784" lon="7.339991">
                <ele>268.0</ele>
                <name>Position 1402</name>
            </trkpt>
            <trkpt lat="51.151132" lon="7.339341">
                <ele>273.0</ele>
                <name>Position 1403</name>
            </trkpt>
            <trkpt lat="51.149373" lon="7.337642">
                <ele>271.5</ele>
                <name>Position 1404</name>
            </trkpt>
            <trkpt lat="51.148957" lon="7.336859">
                <ele>274.0</ele>
                <name>Position 1405</name>
            </trkpt>
            <trkpt lat="51.148885" lon="7.336577">
                <ele>274.5</ele>
                <name>Position 1406</name>
            </trkpt>
            <trkpt lat="51.148859" lon="7.336405">
                <ele>275.0</ele>
                <name>Position 1407</name>
            </trkpt>
            <trkpt lat="51.148853" lon="7.336006">
                <ele>276.0</ele>
                <name>Position 1408</name>
            </trkpt>
            <trkpt lat="51.148859" lon="7.335465">
                <ele>275.8</ele>
                <name>Position 1409</name>
            </trkpt>
            <trkpt lat="51.148838" lon="7.335142">
                <ele>276.0</ele>
                <name>Position 1410</name>
            </trkpt>
            <trkpt lat="51.148736" lon="7.334803">
                <ele>277.0</ele>
                <name>Position 1411</name>
            </trkpt>
            <trkpt lat="51.148656" lon="7.334642">
                <ele>278.0</ele>
                <name>Position 1412</name>
            </trkpt>
            <trkpt lat="51.148572" lon="7.334513">
                <ele>279.0</ele>
                <name>Position 1413</name>
            </trkpt>
            <trkpt lat="51.148392" lon="7.334305">
                <ele>279.0</ele>
                <name>Position 1414</name>
            </trkpt>
            <trkpt lat="51.147988" lon="7.333991">
                <ele>282.0</ele>
                <name>Position 1415</name>
            </trkpt>
            <trkpt lat="51.147693" lon="7.333706">
                <ele>283.0</ele>
                <name>Position 1416</name>
            </trkpt>
            <trkpt lat="51.147519" lon="7.333484">
                <ele>282.0</ele>
                <name>Position 1417</name>
            </trkpt>
            <trkpt lat="51.147364" lon="7.333185">
                <ele>282.0</ele>
                <name>Position 1418</name>
            </trkpt>
            <trkpt lat="51.146747" lon="7.331638">
                <ele>286.0</ele>
                <name>Position 1419</name>
            </trkpt>
            <trkpt lat="51.146221" lon="7.328797">
                <ele>293.0</ele>
                <name>Position 1420</name>
            </trkpt>
            <trkpt lat="51.146093" lon="7.32735">
                <ele>296.0</ele>
                <name>Position 1421</name>
            </trkpt>
            <trkpt lat="51.146168" lon="7.326519">
                <ele>298.0</ele>
                <name>Position 1422</name>
            </trkpt>
            <trkpt lat="51.146231" lon="7.325313">
                <ele>301.8</ele>
                <name>Position 1423</name>
            </trkpt>
            <trkpt lat="51.146146" lon="7.324196">
                <ele>306.0</ele>
                <name>Position 1424</name>
            </trkpt>
            <trkpt lat="51.145941" lon="7.323121">
                <ele>308.0</ele>
                <name>Position 1425</name>
            </trkpt>
            <trkpt lat="51.145619" lon="7.322478">
                <ele>309.0</ele>
                <name>Position 1426</name>
            </trkpt>
            <trkpt lat="51.145102" lon="7.321892">
                <ele>312.0</ele>
                <name>Position 1427</name>
            </trkpt>
            <trkpt lat="51.143996" lon="7.319604">
                <ele>320.0</ele>
                <name>Position 1428</name>
            </trkpt>
            <trkpt lat="51.143763" lon="7.319113">
                <ele>319.0</ele>
                <name>Position 1429</name>
            </trkpt>
            <trkpt lat="51.143692" lon="7.318863">
                <ele>320.0</ele>
                <name>Position 1430</name>
            </trkpt>
            <trkpt lat="51.143488" lon="7.316838">
                <ele>326.0</ele>
                <name>Position 1431</name>
            </trkpt>
            <trkpt lat="51.143397" lon="7.315888">
                <ele>330.0</ele>
                <name>Position 1432</name>
            </trkpt>
            <trkpt lat="51.143358" lon="7.315221">
                <ele>333.0</ele>
                <name>Position 1433</name>
            </trkpt>
            <trkpt lat="51.143382" lon="7.314778">
                <ele>335.0</ele>
                <name>Position 1434</name>
            </trkpt>
            <trkpt lat="51.143439" lon="7.314405">
                <ele>337.0</ele>
                <name>Position 1435</name>
            </trkpt>
            <trkpt lat="51.143544" lon="7.314053">
                <ele>339.0</ele>
                <name>Position 1436</name>
            </trkpt>
            <trkpt lat="51.143629" lon="7.313862">
                <ele>340.0</ele>
                <name>Position 1437</name>
            </trkpt>
            <trkpt lat="51.143752" lon="7.313654">
                <ele>342.0</ele>
                <name>Position 1438</name>
            </trkpt>
            <trkpt lat="51.143882" lon="7.313475">
                <ele>343.0</ele>
                <name>Position 1439</name>
            </trkpt>
            <trkpt lat="51.143805" lon="7.313269">
                <ele>343.0</ele>
                <name>Position 1440</name>
            </trkpt>
            <trkpt lat="51.143665" lon="7.312948">
                <ele>342.0</ele>
                <name>Position 1441</name>
            </trkpt>
            <trkpt lat="51.143529" lon="7.312641">
                <ele>342.0</ele>
                <name>Position 1442</name>
            </trkpt>
            <trkpt lat="51.141686" lon="7.310767">
                <ele>346.0</ele>
                <name>Position 1443</name>
            </trkpt>
            <trkpt lat="51.141597" lon="7.310679">
                <ele>346.0</ele>
                <name>Position 1444</name>
            </trkpt>
            <trkpt lat="51.140646" lon="7.309705">
                <ele>347.0</ele>
                <name>Position 1445</name>
            </trkpt>
            <trkpt lat="51.140126" lon="7.308796">
                <ele>348.0</ele>
                <name>Position 1446</name>
            </trkpt>
            <trkpt lat="51.139662" lon="7.307362">
                <ele>342.5</ele>
                <name>Position 1447</name>
            </trkpt>
            <trkpt lat="51.139476" lon="7.30647">
                <ele>342.0</ele>
                <name>Position 1448</name>
            </trkpt>
            <trkpt lat="51.139436" lon="7.30625">
                <ele>342.0</ele>
                <name>Position 1449</name>
            </trkpt>
            <trkpt lat="51.139377" lon="7.305967">
                <ele>341.5</ele>
                <name>Position 1450</name>
            </trkpt>
            <trkpt lat="51.13888" lon="7.303433">
                <ele>339.0</ele>
                <name>Position 1451</name>
            </trkpt>
            <trkpt lat="51.138657" lon="7.302378">
                <ele>340.5</ele>
                <name>Position 1452</name>
            </trkpt>
            <trkpt lat="51.138149" lon="7.301208">
                <ele>342.0</ele>
                <name>Position 1453</name>
            </trkpt>
            <trkpt lat="51.137859" lon="7.300542">
                <ele>341.0</ele>
                <name>Position 1454</name>
            </trkpt>
            <trkpt lat="51.13772" lon="7.299931">
                <ele>337.3</ele>
                <name>Position 1455</name>
            </trkpt>
            <trkpt lat="51.137678" lon="7.299504">
                <ele>336.5</ele>
                <name>Position 1456</name>
            </trkpt>
            <trkpt lat="51.13767" lon="7.298919">
                <ele>335.0</ele>
                <name>Position 1457</name>
            </trkpt>
            <trkpt lat="51.137757" lon="7.298568">
                <ele>334.3</ele>
                <name>Position 1458</name>
            </trkpt>
            <trkpt lat="51.137924" lon="7.298112">
                <ele>333.8</ele>
                <name>Position 1459</name>
            </trkpt>
            <trkpt lat="51.137745" lon="7.297437">
                <ele>332.8</ele>
                <name>Position 1460</name>
            </trkpt>
            <trkpt lat="51.137595" lon="7.296731">
                <ele>333.0</ele>
                <name>Position 1461</name>
            </trkpt>
            <trkpt lat="51.13745" lon="7.295981">
                <ele>332.0</ele>
                <name>Position 1462</name>
            </trkpt>
            <trkpt lat="51.137331" lon="7.295436">
                <ele>331.8</ele>
                <name>Position 1463</name>
            </trkpt>
            <trkpt lat="51.136535" lon="7.293627">
                <ele>336.0</ele>
                <name>Position 1464</name>
            </trkpt>
            <trkpt lat="51.135987" lon="7.292317">
                <ele>336.0</ele>
                <name>Position 1465</name>
            </trkpt>
            <trkpt lat="51.135687" lon="7.2916">
                <ele>334.8</ele>
                <name>Position 1466</name>
            </trkpt>
            <trkpt lat="51.135579" lon="7.291134">
                <ele>334.0</ele>
                <name>Position 1467</name>
            </trkpt>
            <trkpt lat="51.134681" lon="7.290667">
                <ele>334.0</ele>
                <name>Position 1468</name>
            </trkpt>
            <trkpt lat="51.134681" lon="7.290667">
                <ele>334.0</ele>
                <name>Position 1469</name>
            </trkpt>
            <trkpt lat="51.133914" lon="7.291299">
                <ele>330.0</ele>
                <name>Position 1470</name>
            </trkpt>
            <trkpt lat="51.133247" lon="7.291672">
                <ele>323.8</ele>
                <name>Position 1471</name>
            </trkpt>
            <trkpt lat="51.131766" lon="7.291765">
                <ele>319.5</ele>
                <name>Position 1472</name>
            </trkpt>
            <trkpt lat="51.13094" lon="7.291642">
                <ele>319.5</ele>
                <name>Position 1473</name>
            </trkpt>
            <trkpt lat="51.129096" lon="7.291129">
                <ele>321.0</ele>
                <name>Position 1474</name>
            </trkpt>
            <trkpt lat="51.128425" lon="7.290961">
                <ele>322.0</ele>
                <name>Position 1475</name>
            </trkpt>
            <trkpt lat="51.128388" lon="7.290951">
                <ele>322.0</ele>
                <name>Position 1476</name>
            </trkpt>
            <trkpt lat="51.128061" lon="7.290866">
                <ele>323.0</ele>
                <name>Position 1477</name>
            </trkpt>
            <trkpt lat="51.12731" lon="7.290654">
                <ele>324.0</ele>
                <name>Position 1478</name>
            </trkpt>
            <trkpt lat="51.124925" lon="7.290305">
                <ele>324.0</ele>
                <name>Position 1479</name>
            </trkpt>
            <trkpt lat="51.124591" lon="7.290411">
                <ele>324.0</ele>
                <name>Position 1480</name>
            </trkpt>
            <trkpt lat="51.124235" lon="7.290659">
                <ele>322.8</ele>
                <name>Position 1481</name>
            </trkpt>
            <trkpt lat="51.123859" lon="7.290782">
                <ele>323.0</ele>
                <name>Position 1482</name>
            </trkpt>
            <trkpt lat="51.123603" lon="7.290711">
                <ele>322.0</ele>
                <name>Position 1483</name>
            </trkpt>
            <trkpt lat="51.123015" lon="7.291015">
                <ele>323.0</ele>
                <name>Position 1484</name>
            </trkpt>
            <trkpt lat="51.121041" lon="7.293042">
                <ele>317.0</ele>
                <name>Position 1485</name>
            </trkpt>
            <trkpt lat="51.120743" lon="7.293348">
                <ele>315.0</ele>
                <name>Position 1486</name>
            </trkpt>
            <trkpt lat="51.120353" lon="7.29404">
                <ele>312.0</ele>
                <name>Position 1487</name>
            </trkpt>
            <trkpt lat="51.120148" lon="7.294874">
                <ele>309.0</ele>
                <name>Position 1488</name>
            </trkpt>
            <trkpt lat="51.119872" lon="7.295693">
                <ele>306.0</ele>
                <name>Position 1489</name>
            </trkpt>
            <trkpt lat="51.118792" lon="7.296878">
                <ele>302.8</ele>
                <name>Position 1490</name>
            </trkpt>
            <trkpt lat="51.118479" lon="7.297915">
                <ele>299.3</ele>
                <name>Position 1491</name>
            </trkpt>
            <trkpt lat="51.118288" lon="7.298535">
                <ele>299.5</ele>
                <name>Position 1492</name>
            </trkpt>
            <trkpt lat="51.117624" lon="7.299379">
                <ele>297.3</ele>
                <name>Position 1493</name>
            </trkpt>
            <trkpt lat="51.11726" lon="7.299899">
                <ele>295.5</ele>
                <name>Position 1494</name>
            </trkpt>
            <trkpt lat="51.115412" lon="7.301386">
                <ele>289.0</ele>
                <name>Position 1495</name>
            </trkpt>
            <trkpt lat="51.114975" lon="7.301668">
                <ele>292.0</ele>
                <name>Position 1496</name>
            </trkpt>
            <trkpt lat="51.113957" lon="7.301917">
                <ele>290.0</ele>
                <name>Position 1497</name>
            </trkpt>
            <trkpt lat="51.113354" lon="7.301723">
                <ele>288.0</ele>
                <name>Position 1498</name>
            </trkpt>
            <trkpt lat="51.112263" lon="7.300908">
                <ele>282.0</ele>
                <name>Position 1499</name>
            </trkpt>
            <trkpt lat="51.111279" lon="7.300541">
                <ele>277.0</ele>
                <name>Position 1500</name>
            </trkpt>
            <trkpt lat="51.110526" lon="7.300578">
                <ele>270.0</ele>
                <name>Position 1501</name>
            </trkpt>
            <trkpt lat="51.110029" lon="7.300974">
                <ele>262.0</ele>
                <name>Position 1502</name>
            </trkpt>
            <trkpt lat="51.110045" lon="7.301156">
                <ele>259.0</ele>
                <name>Position 1503</name>
            </trkpt>
            <trkpt lat="51.110503" lon="7.30106">
                <ele>265.0</ele>
                <name>Position 1504</name>
            </trkpt>
            <trkpt lat="51.110821" lon="7.301653">
                <ele>261.0</ele>
                <name>Position 1505</name>
            </trkpt>
            <trkpt lat="51.11083" lon="7.301952">
                <ele>255.0</ele>
                <name>Position 1506</name>
            </trkpt>
            <trkpt lat="51.110727" lon="7.30199">
                <ele>253.0</ele>
                <name>Position 1507</name>
            </trkpt>
            <trkpt lat="51.110419" lon="7.301555">
                <ele>258.0</ele>
                <name>Position 1508</name>
            </trkpt>
            <trkpt lat="51.109142" lon="7.30237">
                <ele>227.0</ele>
                <name>Position 1509</name>
            </trkpt>
            <trkpt lat="51.107897" lon="7.302528">
                <ele>220.0</ele>
                <name>Position 1510</name>
            </trkpt>
            <trkpt lat="51.107263" lon="7.302557">
                <ele>219.0</ele>
                <name>Position 1511</name>
            </trkpt>
            <trkpt lat="51.106983" lon="7.302691">
                <ele>217.0</ele>
                <name>Position 1512</name>
            </trkpt>
            <trkpt lat="51.106858" lon="7.303277">
                <ele>215.0</ele>
                <name>Position 1513</name>
            </trkpt>
            <trkpt lat="51.106845" lon="7.303431">
                <ele>216.0</ele>
                <name>Position 1514</name>
            </trkpt>
            <trkpt lat="51.106818" lon="7.303801">
                <ele>220.0</ele>
                <name>Position 1515</name>
            </trkpt>
            <trkpt lat="51.106606" lon="7.304998">
                <ele>240.0</ele>
                <name>Position 1516</name>
            </trkpt>
            <trkpt lat="51.106267" lon="7.306516">
                <ele>254.0</ele>
                <name>Position 1517</name>
            </trkpt>
            <trkpt lat="51.106101" lon="7.306457">
                <ele>253.3</ele>
                <name>Position 1518</name>
            </trkpt>
            <trkpt lat="51.10589" lon="7.305786">
                <ele>252.5</ele>
                <name>Position 1519</name>
            </trkpt>
            <trkpt lat="51.105709" lon="7.30458">
                <ele>253.0</ele>
                <name>Position 1520</name>
            </trkpt>
            <trkpt lat="51.105252" lon="7.303982">
                <ele>259.0</ele>
                <name>Position 1521</name>
            </trkpt>
            <trkpt lat="51.104607" lon="7.303778">
                <ele>269.0</ele>
                <name>Position 1522</name>
            </trkpt>
            <trkpt lat="51.10369" lon="7.303245">
                <ele>276.0</ele>
                <name>Position 1523</name>
            </trkpt>
            <trkpt lat="51.102852" lon="7.303102">
                <ele>275.0</ele>
                <name>Position 1524</name>
            </trkpt>
            <trkpt lat="51.101508" lon="7.302956">
                <ele>273.0</ele>
                <name>Position 1525</name>
            </trkpt>
            <trkpt lat="51.100341" lon="7.303941">
                <ele>264.0</ele>
                <name>Position 1526</name>
            </trkpt>
            <trkpt lat="51.099932" lon="7.30397">
                <ele>261.0</ele>
                <name>Position 1527</name>
            </trkpt>
            <trkpt lat="51.099612" lon="7.303503">
                <ele>257.0</ele>
                <name>Position 1528</name>
            </trkpt>
            <trkpt lat="51.099435" lon="7.302281">
                <ele>257.0</ele>
                <name>Position 1529</name>
            </trkpt>
            <trkpt lat="51.099373" lon="7.301883">
                <ele>255.5</ele>
                <name>Position 1530</name>
            </trkpt>
            <trkpt lat="51.099007" lon="7.301309">
                <ele>253.5</ele>
                <name>Position 1531</name>
            </trkpt>
            <trkpt lat="51.097814" lon="7.301448">
                <ele>236.0</ele>
                <name>Position 1532</name>
            </trkpt>
            <trkpt lat="51.097427" lon="7.301378">
                <ele>231.0</ele>
                <name>Position 1533</name>
            </trkpt>
            <trkpt lat="51.0965" lon="7.300433">
                <ele>222.0</ele>
                <name>Position 1534</name>
            </trkpt>
            <trkpt lat="51.096291" lon="7.300685">
                <ele>217.0</ele>
                <name>Position 1535</name>
            </trkpt>
            <trkpt lat="51.096872" lon="7.302183">
                <ele>216.0</ele>
                <name>Position 1536</name>
            </trkpt>
            <trkpt lat="51.09704" lon="7.303235">
                <ele>217.5</ele>
                <name>Position 1537</name>
            </trkpt>
            <trkpt lat="51.097018" lon="7.303662">
                <ele>218.0</ele>
                <name>Position 1538</name>
            </trkpt>
            <trkpt lat="51.096881" lon="7.304967">
                <ele>226.8</ele>
                <name>Position 1539</name>
            </trkpt>
            <trkpt lat="51.09721" lon="7.306238">
                <ele>234.3</ele>
                <name>Position 1540</name>
            </trkpt>
            <trkpt lat="51.097686" lon="7.307985">
                <ele>248.8</ele>
                <name>Position 1541</name>
            </trkpt>
            <trkpt lat="51.098453" lon="7.309177">
                <ele>254.0</ele>
                <name>Position 1542</name>
            </trkpt>
            <trkpt lat="51.098832" lon="7.310135">
                <ele>256.0</ele>
                <name>Position 1543</name>
            </trkpt>
            <trkpt lat="51.098947" lon="7.310723">
                <ele>261.0</ele>
                <name>Position 1544</name>
            </trkpt>
            <trkpt lat="51.09876" lon="7.311603">
                <ele>275.0</ele>
                <name>Position 1545</name>
            </trkpt>
            <trkpt lat="51.098948" lon="7.312971">
                <ele>280.0</ele>
                <name>Position 1546</name>
            </trkpt>
            <trkpt lat="51.098994" lon="7.314296">
                <ele>282.0</ele>
                <name>Position 1547</name>
            </trkpt>
            <trkpt lat="51.098823" lon="7.315183">
                <ele>285.0</ele>
                <name>Position 1548</name>
            </trkpt>
            <trkpt lat="51.098405" lon="7.315395">
                <ele>285.0</ele>
                <name>Position 1549</name>
            </trkpt>
            <trkpt lat="51.09722" lon="7.316067">
                <ele>285.0</ele>
                <name>Position 1550</name>
            </trkpt>
            <trkpt lat="51.096911" lon="7.316425">
                <ele>286.5</ele>
                <name>Position 1551</name>
            </trkpt>
            <trkpt lat="51.096672" lon="7.316991">
                <ele>291.0</ele>
                <name>Position 1552</name>
            </trkpt>
            <trkpt lat="51.096581" lon="7.317843">
                <ele>292.8</ele>
                <name>Position 1553</name>
            </trkpt>
            <trkpt lat="51.096466" lon="7.318205">
                <ele>294.0</ele>
                <name>Position 1554</name>
            </trkpt>
            <trkpt lat="51.09627" lon="7.319165">
                <ele>295.0</ele>
                <name>Position 1555</name>
            </trkpt>
            <trkpt lat="51.095887" lon="7.320362">
                <ele>295.5</ele>
                <name>Position 1556</name>
            </trkpt>
            <trkpt lat="51.095404" lon="7.320923">
                <ele>296.0</ele>
                <name>Position 1557</name>
            </trkpt>
            <trkpt lat="51.095078" lon="7.320499">
                <ele>295.0</ele>
                <name>Position 1558</name>
            </trkpt>
            <trkpt lat="51.094417" lon="7.31889">
                <ele>293.0</ele>
                <name>Position 1559</name>
            </trkpt>
            <trkpt lat="51.09331" lon="7.31696">
                <ele>294.0</ele>
                <name>Position 1560</name>
            </trkpt>
            <trkpt lat="51.092637" lon="7.316077">
                <ele>297.0</ele>
                <name>Position 1561</name>
            </trkpt>
            <trkpt lat="51.092471" lon="7.315856">
                <ele>298.0</ele>
                <name>Position 1562</name>
            </trkpt>
            <trkpt lat="51.091877" lon="7.315123">
                <ele>295.5</ele>
                <name>Position 1563</name>
            </trkpt>
            <trkpt lat="51.091568" lon="7.314742">
                <ele>295.0</ele>
                <name>Position 1564</name>
            </trkpt>
            <trkpt lat="51.090717" lon="7.313392">
                <ele>291.0</ele>
                <name>Position 1565</name>
            </trkpt>
            <trkpt lat="51.09021" lon="7.312209">
                <ele>291.0</ele>
                <name>Position 1566</name>
            </trkpt>
            <trkpt lat="51.089578" lon="7.309483">
                <ele>291.0</ele>
                <name>Position 1567</name>
            </trkpt>
            <trkpt lat="51.089218" lon="7.30824">
                <ele>292.5</ele>
                <name>Position 1568</name>
            </trkpt>
            <trkpt lat="51.088903" lon="7.307585">
                <ele>294.0</ele>
                <name>Position 1569</name>
            </trkpt>
            <trkpt lat="51.088512" lon="7.307103">
                <ele>295.0</ele>
                <name>Position 1570</name>
            </trkpt>
            <trkpt lat="51.088044" lon="7.306665">
                <ele>297.0</ele>
                <name>Position 1571</name>
            </trkpt>
            <trkpt lat="51.087709" lon="7.306488">
                <ele>298.0</ele>
                <name>Position 1572</name>
            </trkpt>
            <trkpt lat="51.087156" lon="7.30632">
                <ele>300.0</ele>
                <name>Position 1573</name>
            </trkpt>
            <trkpt lat="51.086013" lon="7.306241">
                <ele>303.0</ele>
                <name>Position 1574</name>
            </trkpt>
            <trkpt lat="51.085225" lon="7.30625">
                <ele>301.0</ele>
                <name>Position 1575</name>
            </trkpt>
            <trkpt lat="51.083587" lon="7.306397">
                <ele>299.0</ele>
                <name>Position 1576</name>
            </trkpt>
            <trkpt lat="51.082681" lon="7.306228">
                <ele>299.0</ele>
                <name>Position 1577</name>
            </trkpt>
            <trkpt lat="51.082682" lon="7.306228">
                <ele>299.0</ele>
                <name>Position 1578</name>
            </trkpt>
            <trkpt lat="51.08208" lon="7.306018">
                <ele>299.0</ele>
                <name>Position 1579</name>
            </trkpt>
            <trkpt lat="51.081194" lon="7.305702">
                <ele>299.0</ele>
                <name>Position 1580</name>
            </trkpt>
            <trkpt lat="51.080542" lon="7.305252">
                <ele>300.0</ele>
                <name>Position 1581</name>
            </trkpt>
            <trkpt lat="51.079962" lon="7.30437">
                <ele>302.0</ele>
                <name>Position 1582</name>
            </trkpt>
            <trkpt lat="51.079734" lon="7.303797">
                <ele>300.5</ele>
                <name>Position 1583</name>
            </trkpt>
            <trkpt lat="51.079511" lon="7.302835">
                <ele>300.5</ele>
                <name>Position 1584</name>
            </trkpt>
            <trkpt lat="51.079372" lon="7.30211">
                <ele>299.5</ele>
                <name>Position 1585</name>
            </trkpt>
            <trkpt lat="51.078764" lon="7.300275">
                <ele>294.0</ele>
                <name>Position 1586</name>
            </trkpt>
            <trkpt lat="51.078407" lon="7.299105">
                <ele>292.0</ele>
                <name>Position 1587</name>
            </trkpt>
            <trkpt lat="51.078138" lon="7.297487">
                <ele>288.0</ele>
                <name>Position 1588</name>
            </trkpt>
            <trkpt lat="51.078093" lon="7.296825">
                <ele>285.5</ele>
                <name>Position 1589</name>
            </trkpt>
            <trkpt lat="51.078076" lon="7.294495">
                <ele>285.0</ele>
                <name>Position 1590</name>
            </trkpt>
            <trkpt lat="51.078069" lon="7.29396">
                <ele>284.8</ele>
                <name>Position 1591</name>
            </trkpt>
            <trkpt lat="51.078034" lon="7.293016">
                <ele>286.0</ele>
                <name>Position 1592</name>
            </trkpt>
            <trkpt lat="51.077994" lon="7.292276">
                <ele>284.0</ele>
                <name>Position 1593</name>
            </trkpt>
            <trkpt lat="51.077867" lon="7.289738">
                <ele>276.5</ele>
                <name>Position 1594</name>
            </trkpt>
            <trkpt lat="51.077833" lon="7.288055">
                <ele>273.3</ele>
                <name>Position 1595</name>
            </trkpt>
            <trkpt lat="51.078054" lon="7.286853">
                <ele>272.0</ele>
                <name>Position 1596</name>
            </trkpt>
            <trkpt lat="51.078514" lon="7.285373">
                <ele>276.0</ele>
                <name>Position 1597</name>
            </trkpt>
            <trkpt lat="51.078625" lon="7.284575">
                <ele>276.5</ele>
                <name>Position 1598</name>
            </trkpt>
            <trkpt lat="51.078609" lon="7.283702">
                <ele>279.0</ele>
                <name>Position 1599</name>
            </trkpt>
            <trkpt lat="51.077905" lon="7.28086">
                <ele>279.0</ele>
                <name>Position 1600</name>
            </trkpt>
            <trkpt lat="51.077544" lon="7.279373">
                <ele>272.0</ele>
                <name>Position 1601</name>
            </trkpt>
            <trkpt lat="51.077466" lon="7.278187">
                <ele>268.8</ele>
                <name>Position 1602</name>
            </trkpt>
            <trkpt lat="51.07829" lon="7.278153">
                <ele>260.0</ele>
                <name>Position 1603</name>
            </trkpt>
            <trkpt lat="51.078605" lon="7.278103">
                <ele>258.0</ele>
                <name>Position 1604</name>
            </trkpt>
            <trkpt lat="51.078881" lon="7.277954">
                <ele>256.0</ele>
                <name>Position 1605</name>
            </trkpt>
            <trkpt lat="51.0788928" lon="7.2779354">
                <ele>255.8</ele>
                <time>2013-03-20T08:26:32.735Z</time>
                <name>L409, 51515 Kürten, Deutschland</name>
            </trkpt>
            <trkpt lat="51.078954" lon="7.277888">
                <ele>255.0</ele>
                <name>Position 1607</name>
            </trkpt>
            <trkpt lat="51.079128" lon="7.277681">
                <ele>254.0</ele>
                <name>Position 1608</name>
            </trkpt>
            <trkpt lat="51.079361" lon="7.277202">
                <ele>252.0</ele>
                <name>Position 1609</name>
            </trkpt>
            <trkpt lat="51.079448" lon="7.27681">
                <ele>248.8</ele>
                <name>Position 1610</name>
            </trkpt>
            <trkpt lat="51.079475" lon="7.276514">
                <ele>247.0</ele>
                <name>Position 1611</name>
            </trkpt>
            <trkpt lat="51.079469" lon="7.276177">
                <ele>246.0</ele>
                <name>Position 1612</name>
            </trkpt>
            <trkpt lat="51.079433" lon="7.27586">
                <ele>245.0</ele>
                <name>Position 1613</name>
            </trkpt>
            <trkpt lat="51.079346" lon="7.275219">
                <ele>243.3</ele>
                <name>Position 1614</name>
            </trkpt>
            <trkpt lat="51.079363" lon="7.27479">
                <ele>243.0</ele>
                <name>Position 1615</name>
            </trkpt>
            <trkpt lat="51.079468" lon="7.274389">
                <ele>244.0</ele>
                <name>Position 1616</name>
            </trkpt>
            <trkpt lat="51.079818" lon="7.273815">
                <ele>245.0</ele>
                <name>Position 1617</name>
            </trkpt>
            <trkpt lat="51.080169" lon="7.27322">
                <ele>240.0</ele>
                <name>Position 1618</name>
            </trkpt>
            <trkpt lat="51.080279" lon="7.273102">
                <ele>239.0</ele>
                <name>Position 1619</name>
            </trkpt>
            <trkpt lat="51.080371" lon="7.273053">
                <ele>239.0</ele>
                <name>Position 1620</name>
            </trkpt>
            <trkpt lat="51.08051" lon="7.27305">
                <ele>239.0</ele>
                <name>Position 1621</name>
            </trkpt>
            <trkpt lat="51.080808" lon="7.273291">
                <ele>243.3</ele>
                <name>Position 1622</name>
            </trkpt>
            <trkpt lat="51.080944" lon="7.273387">
                <ele>245.0</ele>
                <name>Position 1623</name>
            </trkpt>
            <trkpt lat="51.081045" lon="7.273382">
                <ele>245.8</ele>
                <name>Position 1624</name>
            </trkpt>
            <trkpt lat="51.08115" lon="7.273267">
                <ele>245.8</ele>
                <name>Position 1625</name>
            </trkpt>
            <trkpt lat="51.081204" lon="7.273024">
                <ele>244.0</ele>
                <name>Position 1626</name>
            </trkpt>
            <trkpt lat="51.081219" lon="7.272388">
                <ele>237.0</ele>
                <name>Position 1627</name>
            </trkpt>
            <trkpt lat="51.081244" lon="7.27209">
                <ele>232.8</ele>
                <name>Position 1628</name>
            </trkpt>
            <trkpt lat="51.081325" lon="7.271645">
                <ele>228.5</ele>
                <name>Position 1629</name>
            </trkpt>
            <trkpt lat="51.081549" lon="7.270984">
                <ele>224.0</ele>
                <name>Position 1630</name>
            </trkpt>
            <trkpt lat="51.081685" lon="7.270808">
                <ele>222.0</ele>
                <name>Position 1631</name>
            </trkpt>
            <trkpt lat="51.081833" lon="7.270792">
                <ele>222.3</ele>
                <name>Position 1632</name>
            </trkpt>
            <trkpt lat="51.082001" lon="7.270953">
                <ele>224.0</ele>
                <name>Position 1633</name>
            </trkpt>
            <trkpt lat="51.08221" lon="7.271293">
                <ele>227.8</ele>
                <name>Position 1634</name>
            </trkpt>
            <trkpt lat="51.082881" lon="7.271998">
                <ele>226.5</ele>
                <name>Position 1635</name>
            </trkpt>
            <trkpt lat="51.083105" lon="7.272368">
                <ele>226.0</ele>
                <name>Position 1636</name>
            </trkpt>
            <trkpt lat="51.083246" lon="7.272554">
                <ele>224.3</ele>
                <name>Position 1637</name>
            </trkpt>
            <trkpt lat="51.083362" lon="7.272519">
                <ele>221.0</ele>
                <name>Position 1638</name>
            </trkpt>
            <trkpt lat="51.083533" lon="7.272413">
                <ele>215.0</ele>
                <name>Position 1639</name>
            </trkpt>
            <trkpt lat="51.08367" lon="7.272494">
                <ele>211.0</ele>
                <name>Position 1640</name>
            </trkpt>
            <trkpt lat="51.083781" lon="7.272763">
                <ele>210.0</ele>
                <name>Position 1641</name>
            </trkpt>
            <trkpt lat="51.083907" lon="7.273389">
                <ele>210.0</ele>
                <name>Position 1642</name>
            </trkpt>
            <trkpt lat="51.084019" lon="7.273903">
                <ele>213.0</ele>
                <name>Position 1643</name>
            </trkpt>
            <trkpt lat="51.084181" lon="7.274321">
                <ele>213.5</ele>
                <name>Position 1644</name>
            </trkpt>
            <trkpt lat="51.084472" lon="7.275057">
                <ele>212.3</ele>
                <name>Position 1645</name>
            </trkpt>
            <trkpt lat="51.084546" lon="7.275318">
                <ele>212.5</ele>
                <name>Position 1646</name>
            </trkpt>
            <trkpt lat="51.0846" lon="7.275407">
                <ele>213.0</ele>
                <name>Position 1647</name>
            </trkpt>
            <trkpt lat="51.084673" lon="7.275459">
                <ele>211.0</ele>
                <name>Position 1648</name>
            </trkpt>
            <trkpt lat="51.084895" lon="7.275474">
                <ele>205.0</ele>
                <name>Position 1649</name>
            </trkpt>
            <trkpt lat="51.085235" lon="7.275662">
                <ele>201.0</ele>
                <name>Position 1650</name>
            </trkpt>
            <trkpt lat="51.085699" lon="7.276091">
                <ele>195.0</ele>
                <name>Position 1651</name>
            </trkpt>
            <trkpt lat="51.085915" lon="7.276401">
                <ele>195.0</ele>
                <name>Position 1652</name>
            </trkpt>
            <trkpt lat="51.086047" lon="7.276704">
                <ele>195.0</ele>
                <name>Position 1653</name>
            </trkpt>
            <trkpt lat="51.086144" lon="7.277081">
                <ele>192.0</ele>
                <name>Position 1654</name>
            </trkpt>
            <trkpt lat="51.086357" lon="7.278004">
                <ele>188.0</ele>
                <name>Position 1655</name>
            </trkpt>
            <trkpt lat="51.086507" lon="7.278668">
                <ele>190.0</ele>
                <name>Position 1656</name>
            </trkpt>
            <trkpt lat="51.086618" lon="7.278969">
                <ele>191.3</ele>
                <name>Position 1657</name>
            </trkpt>
            <trkpt lat="51.086864" lon="7.279258">
                <ele>190.8</ele>
                <name>Position 1658</name>
            </trkpt>
            <trkpt lat="51.08714" lon="7.279392">
                <ele>188.5</ele>
                <name>Position 1659</name>
            </trkpt>
            <trkpt lat="51.087404" lon="7.279406">
                <ele>185.8</ele>
                <name>Position 1660</name>
            </trkpt>
            <trkpt lat="51.087587" lon="7.279353">
                <ele>185.8</ele>
                <name>Position 1661</name>
            </trkpt>
            <trkpt lat="51.088027" lon="7.278927">
                <ele>190.0</ele>
                <name>Position 1662</name>
            </trkpt>
            <trkpt lat="51.08849" lon="7.278377">
                <ele>195.5</ele>
                <name>Position 1663</name>
            </trkpt>
            <trkpt lat="51.088984" lon="7.278274">
                <ele>197.8</ele>
                <name>Position 1664</name>
            </trkpt>
            <trkpt lat="51.089451" lon="7.278308">
                <ele>199.8</ele>
                <name>Position 1665</name>
            </trkpt>
            <trkpt lat="51.08985" lon="7.27832">
                <ele>203.0</ele>
                <name>Position 1666</name>
            </trkpt>
            <trkpt lat="51.090263" lon="7.278079">
                <ele>205.8</ele>
                <name>Position 1667</name>
            </trkpt>
            <trkpt lat="51.090604" lon="7.277666">
                <ele>208.0</ele>
                <name>Position 1668</name>
            </trkpt>
            <trkpt lat="51.090847" lon="7.277096">
                <ele>209.3</ele>
                <name>Position 1669</name>
            </trkpt>
            <trkpt lat="51.090996" lon="7.276338">
                <ele>213.0</ele>
                <name>Position 1670</name>
            </trkpt>
            <trkpt lat="51.091199" lon="7.276257">
                <ele>214.0</ele>
                <name>Position 1671</name>
            </trkpt>
            <trkpt lat="51.091543" lon="7.276468">
                <ele>213.0</ele>
                <name>Position 1672</name>
            </trkpt>
            <trkpt lat="51.091972" lon="7.276818">
                <ele>212.3</ele>
                <name>Position 1673</name>
            </trkpt>
            <trkpt lat="51.092709" lon="7.276885">
                <ele>216.0</ele>
                <name>Position 1674</name>
            </trkpt>
            <trkpt lat="51.093635" lon="7.276863">
                <ele>220.0</ele>
                <name>Position 1675</name>
            </trkpt>
            <trkpt lat="51.093964" lon="7.276896">
                <ele>219.8</ele>
                <name>Position 1676</name>
            </trkpt>
            <trkpt lat="51.094159" lon="7.276753">
                <ele>222.0</ele>
                <name>Position 1677</name>
            </trkpt>
            <trkpt lat="51.094328" lon="7.276432">
                <ele>223.5</ele>
                <name>Position 1678</name>
            </trkpt>
            <trkpt lat="51.094386" lon="7.276016">
                <ele>228.0</ele>
                <name>Position 1679</name>
            </trkpt>
            <trkpt lat="51.0946" lon="7.275925">
                <ele>227.5</ele>
                <name>Position 1680</name>
            </trkpt>
            <trkpt lat="51.095156" lon="7.276069">
                <ele>228.0</ele>
                <name>Position 1681</name>
            </trkpt>
            <trkpt lat="51.095367" lon="7.276302">
                <ele>228.8</ele>
                <name>Position 1682</name>
            </trkpt>
            <trkpt lat="51.095441" lon="7.276502">
                <ele>229.0</ele>
                <name>Position 1683</name>
            </trkpt>
            <trkpt lat="51.095856" lon="7.276722">
                <ele>233.0</ele>
                <name>Position 1684</name>
            </trkpt>
            <trkpt lat="51.09613" lon="7.277084">
                <ele>235.0</ele>
                <name>Position 1685</name>
            </trkpt>
            <trkpt lat="51.096241" lon="7.277614">
                <ele>235.0</ele>
                <name>Position 1686</name>
            </trkpt>
            <trkpt lat="51.096254" lon="7.278155">
                <ele>236.0</ele>
                <name>Position 1687</name>
            </trkpt>
            <trkpt lat="51.096425" lon="7.278422">
                <ele>239.0</ele>
                <name>Position 1688</name>
            </trkpt>
            <trkpt lat="51.096707" lon="7.27855">
                <ele>243.0</ele>
                <name>Position 1689</name>
            </trkpt>
            <trkpt lat="51.09708" lon="7.2785">
                <ele>245.0</ele>
                <name>Position 1690</name>
            </trkpt>
            <trkpt lat="51.097337" lon="7.278471">
                <ele>246.0</ele>
                <name>Position 1691</name>
            </trkpt>
            <trkpt lat="51.097515" lon="7.27843">
                <ele>247.0</ele>
                <name>Position 1692</name>
            </trkpt>
            <trkpt lat="51.097664" lon="7.278285">
                <ele>247.0</ele>
                <name>Position 1693</name>
            </trkpt>
            <trkpt lat="51.09776" lon="7.27814">
                <ele>248.0</ele>
                <name>Position 1694</name>
            </trkpt>
            <trkpt lat="51.097868" lon="7.277955">
                <ele>248.0</ele>
                <name>Position 1695</name>
            </trkpt>
            <trkpt lat="51.09799" lon="7.277539">
                <ele>248.5</ele>
                <name>Position 1696</name>
            </trkpt>
            <trkpt lat="51.098002" lon="7.277065">
                <ele>251.0</ele>
                <name>Position 1697</name>
            </trkpt>
            <trkpt lat="51.097989" lon="7.276013">
                <ele>254.0</ele>
                <name>Position 1698</name>
            </trkpt>
            <trkpt lat="51.097966" lon="7.275247">
                <ele>256.8</ele>
                <name>Position 1699</name>
            </trkpt>
            <trkpt lat="51.097795" lon="7.274061">
                <ele>264.0</ele>
                <name>Position 1700</name>
            </trkpt>
            <trkpt lat="51.097806" lon="7.273135">
                <ele>266.0</ele>
                <name>Position 1701</name>
            </trkpt>
            <trkpt lat="51.098017" lon="7.272624">
                <ele>267.0</ele>
                <name>Position 1702</name>
            </trkpt>
            <trkpt lat="51.09844" lon="7.272246">
                <ele>268.0</ele>
                <name>Position 1703</name>
            </trkpt>
            <trkpt lat="51.098638" lon="7.272102">
                <ele>269.0</ele>
                <name>Position 1704</name>
            </trkpt>
            <trkpt lat="51.099228" lon="7.271562">
                <ele>272.0</ele>
                <name>Position 1705</name>
            </trkpt>
            <trkpt lat="51.10017" lon="7.271004">
                <ele>275.0</ele>
                <name>Position 1706</name>
            </trkpt>
            <trkpt lat="51.100654" lon="7.270521">
                <ele>275.0</ele>
                <name>Position 1707</name>
            </trkpt>
            <trkpt lat="51.100751" lon="7.270406">
                <ele>276.0</ele>
                <name>Position 1708</name>
            </trkpt>
            <trkpt lat="51.100999" lon="7.27009">
                <ele>275.0</ele>
                <name>Position 1709</name>
            </trkpt>
            <trkpt lat="51.10117" lon="7.269939">
                <ele>275.0</ele>
                <name>Position 1710</name>
            </trkpt>
            <trkpt lat="51.10151" lon="7.269842">
                <ele>274.5</ele>
                <name>Position 1711</name>
            </trkpt>
            <trkpt lat="51.102223" lon="7.269937">
                <ele>279.0</ele>
                <name>Position 1712</name>
            </trkpt>
            <trkpt lat="51.102432" lon="7.269776">
                <ele>279.0</ele>
                <name>Position 1713</name>
            </trkpt>
            <trkpt lat="51.102502" lon="7.269357">
                <ele>278.0</ele>
                <name>Position 1714</name>
            </trkpt>
            <trkpt lat="51.102366" lon="7.268346">
                <ele>277.0</ele>
                <name>Position 1715</name>
            </trkpt>
            <trkpt lat="51.102461" lon="7.267749">
                <ele>276.0</ele>
                <name>Position 1716</name>
            </trkpt>
            <trkpt lat="51.10285" lon="7.267292">
                <ele>276.8</ele>
                <name>Position 1717</name>
            </trkpt>
            <trkpt lat="51.103102" lon="7.266782">
                <ele>276.8</ele>
                <name>Position 1718</name>
            </trkpt>
            <trkpt lat="51.103376" lon="7.265737">
                <ele>276.0</ele>
                <name>Position 1719</name>
            </trkpt>
            <trkpt lat="51.103396" lon="7.265363">
                <ele>274.0</ele>
                <name>Position 1720</name>
            </trkpt>
            <trkpt lat="51.103322" lon="7.265152">
                <ele>272.5</ele>
                <name>Position 1721</name>
            </trkpt>
            <trkpt lat="51.103186" lon="7.264885">
                <ele>272.0</ele>
                <name>Position 1722</name>
            </trkpt>
            <trkpt lat="51.102922" lon="7.264388">
                <ele>271.8</ele>
                <name>Position 1723</name>
            </trkpt>
            <trkpt lat="51.102845" lon="7.264196">
                <ele>271.5</ele>
                <name>Position 1724</name>
            </trkpt>
            <trkpt lat="51.102816" lon="7.263945">
                <ele>271.0</ele>
                <name>Position 1725</name>
            </trkpt>
            <trkpt lat="51.102852" lon="7.263612">
                <ele>269.8</ele>
                <name>Position 1726</name>
            </trkpt>
            <trkpt lat="51.102949" lon="7.263275">
                <ele>269.0</ele>
                <name>Position 1727</name>
            </trkpt>
            <trkpt lat="51.10315" lon="7.262886">
                <ele>267.0</ele>
                <name>Position 1728</name>
            </trkpt>
            <trkpt lat="51.103295" lon="7.262656">
                <ele>266.0</ele>
                <name>Position 1729</name>
            </trkpt>
            <trkpt lat="51.103486" lon="7.262426">
                <ele>267.0</ele>
                <name>Position 1730</name>
            </trkpt>
            <trkpt lat="51.103661" lon="7.262305">
                <ele>266.0</ele>
                <name>Position 1731</name>
            </trkpt>
            <trkpt lat="51.103819" lon="7.262249">
                <ele>266.0</ele>
                <name>Position 1732</name>
            </trkpt>
            <trkpt lat="51.104426" lon="7.262298">
                <ele>264.0</ele>
                <name>Position 1733</name>
            </trkpt>
            <trkpt lat="51.10462" lon="7.262167">
                <ele>262.0</ele>
                <name>Position 1734</name>
            </trkpt>
            <trkpt lat="51.10478" lon="7.261952">
                <ele>261.0</ele>
                <name>Position 1735</name>
            </trkpt>
            <trkpt lat="51.105029" lon="7.261215">
                <ele>258.0</ele>
                <name>Position 1736</name>
            </trkpt>
            <trkpt lat="51.105207" lon="7.260627">
                <ele>252.5</ele>
                <name>Position 1737</name>
            </trkpt>
            <trkpt lat="51.105254" lon="7.260309">
                <ele>252.0</ele>
                <name>Position 1738</name>
            </trkpt>
            <trkpt lat="51.10526" lon="7.25982">
                <ele>248.8</ele>
                <name>Position 1739</name>
            </trkpt>
            <trkpt lat="51.105108" lon="7.258956">
                <ele>246.0</ele>
                <name>Position 1740</name>
            </trkpt>
            <trkpt lat="51.104949" lon="7.258153">
                <ele>244.0</ele>
                <name>Position 1741</name>
            </trkpt>
            <trkpt lat="51.104816" lon="7.257834">
                <ele>240.0</ele>
                <name>Position 1742</name>
            </trkpt>
            <trkpt lat="51.104558" lon="7.257472">
                <ele>237.0</ele>
                <name>Position 1743</name>
            </trkpt>
            <trkpt lat="51.104337" lon="7.257396">
                <ele>237.0</ele>
                <name>Position 1744</name>
            </trkpt>
            <trkpt lat="51.104121" lon="7.257445">
                <ele>237.0</ele>
                <name>Position 1745</name>
            </trkpt>
            <trkpt lat="51.103905" lon="7.257649">
                <ele>236.0</ele>
                <name>Position 1746</name>
            </trkpt>
            <trkpt lat="51.103683" lon="7.258104">
                <ele>236.5</ele>
                <name>Position 1747</name>
            </trkpt>
            <trkpt lat="51.103495" lon="7.25837">
                <ele>238.0</ele>
                <name>Position 1748</name>
            </trkpt>
            <trkpt lat="51.103374" lon="7.25835">
                <ele>237.0</ele>
                <name>Position 1749</name>
            </trkpt>
            <trkpt lat="51.103348" lon="7.258182">
                <ele>234.8</ele>
                <name>Position 1750</name>
            </trkpt>
            <trkpt lat="51.103411" lon="7.258003">
                <ele>233.8</ele>
                <name>Position 1751</name>
            </trkpt>
            <trkpt lat="51.103712" lon="7.257456">
                <ele>231.8</ele>
                <name>Position 1752</name>
            </trkpt>
            <trkpt lat="51.104081" lon="7.256407">
                <ele>227.0</ele>
                <name>Position 1753</name>
            </trkpt>
            <trkpt lat="51.104218" lon="7.256105">
                <ele>224.8</ele>
                <name>Position 1754</name>
            </trkpt>
            <trkpt lat="51.104357" lon="7.256023">
                <ele>222.8</ele>
                <name>Position 1755</name>
            </trkpt>
            <trkpt lat="51.104493" lon="7.256147">
                <ele>223.0</ele>
                <name>Position 1756</name>
            </trkpt>
            <trkpt lat="51.104974" lon="7.256823">
                <ele>229.0</ele>
                <name>Position 1757</name>
            </trkpt>
            <trkpt lat="51.105488" lon="7.257463">
                <ele>226.0</ele>
                <name>Position 1758</name>
            </trkpt>
            <trkpt lat="51.106624" lon="7.258304">
                <ele>210.8</ele>
                <name>Position 1759</name>
            </trkpt>
            <trkpt lat="51.106882" lon="7.258557">
                <ele>212.0</ele>
                <name>Position 1760</name>
            </trkpt>
            <trkpt lat="51.106974" lon="7.258636">
                <ele>211.8</ele>
                <name>Position 1761</name>
            </trkpt>
            <trkpt lat="51.107049" lon="7.258652">
                <ele>211.0</ele>
                <name>Position 1762</name>
            </trkpt>
            <trkpt lat="51.107133" lon="7.258613">
                <ele>211.0</ele>
                <name>Position 1763</name>
            </trkpt>
            <trkpt lat="51.107209" lon="7.258506">
                <ele>210.0</ele>
                <name>Position 1764</name>
            </trkpt>
            <trkpt lat="51.107269" lon="7.258378">
                <ele>209.3</ele>
                <name>Position 1765</name>
            </trkpt>
            <trkpt lat="51.107342" lon="7.258168">
                <ele>209.3</ele>
                <name>Position 1766</name>
            </trkpt>
            <trkpt lat="51.107422" lon="7.257859">
                <ele>210.0</ele>
                <name>Position 1767</name>
            </trkpt>
            <trkpt lat="51.107432" lon="7.257689">
                <ele>211.0</ele>
                <name>Position 1768</name>
            </trkpt>
            <trkpt lat="51.107382" lon="7.257529">
                <ele>211.0</ele>
                <name>Position 1769</name>
            </trkpt>
            <trkpt lat="51.107057" lon="7.256927">
                <ele>212.0</ele>
                <name>Position 1770</name>
            </trkpt>
            <trkpt lat="51.106423" lon="7.255862">
                <ele>213.5</ele>
                <name>Position 1771</name>
            </trkpt>
            <trkpt lat="51.106607" lon="7.255788">
                <ele>217.0</ele>
                <name>Position 1772</name>
            </trkpt>
            <trkpt lat="51.106609" lon="7.255789">
                <ele>217.0</ele>
                <name>Position 1773</name>
            </trkpt>
            <trkpt lat="51.106792" lon="7.255882">
                <ele>219.0</ele>
                <name>Position 1774</name>
            </trkpt>
            <trkpt lat="51.106985" lon="7.25606">
                <ele>219.0</ele>
                <name>Position 1775</name>
            </trkpt>
            <trkpt lat="51.107368" lon="7.256442">
                <ele>221.0</ele>
                <name>Position 1776</name>
            </trkpt>
            <trkpt lat="51.107571" lon="7.256467">
                <ele>223.0</ele>
                <name>Position 1777</name>
            </trkpt>
            <trkpt lat="51.107923" lon="7.256337">
                <ele>225.8</ele>
                <name>Position 1778</name>
            </trkpt>
            <trkpt lat="51.108165" lon="7.25632">
                <ele>227.5</ele>
                <name>Position 1779</name>
            </trkpt>
            <trkpt lat="51.108416" lon="7.256444">
                <ele>229.0</ele>
                <name>Position 1780</name>
            </trkpt>
            <trkpt lat="51.108647" lon="7.256657">
                <ele>228.5</ele>
                <name>Position 1781</name>
            </trkpt>
            <trkpt lat="51.109001" lon="7.256973">
                <ele>230.0</ele>
                <name>Position 1782</name>
            </trkpt>
            <trkpt lat="51.109119" lon="7.256961">
                <ele>231.0</ele>
                <name>Position 1783</name>
            </trkpt>
            <trkpt lat="51.109239" lon="7.256829">
                <ele>232.3</ele>
                <name>Position 1784</name>
            </trkpt>
            <trkpt lat="51.109473" lon="7.256565">
                <ele>234.0</ele>
                <name>Position 1785</name>
            </trkpt>
            <trkpt lat="51.10982" lon="7.256163">
                <ele>236.5</ele>
                <name>Position 1786</name>
            </trkpt>
            <trkpt lat="51.109956" lon="7.255933">
                <ele>237.5</ele>
                <name>Position 1787</name>
            </trkpt>
            <trkpt lat="51.110098" lon="7.25549">
                <ele>240.0</ele>
                <name>Position 1788</name>
            </trkpt>
            <trkpt lat="51.110277" lon="7.254919">
                <ele>243.0</ele>
                <name>Position 1789</name>
            </trkpt>
            <trkpt lat="51.110502" lon="7.254607">
                <ele>246.0</ele>
                <name>Position 1790</name>
            </trkpt>
            <trkpt lat="51.110604" lon="7.254563">
                <ele>246.0</ele>
                <name>Position 1791</name>
            </trkpt>
            <trkpt lat="51.110731" lon="7.254603">
                <ele>247.0</ele>
                <name>Position 1792</name>
            </trkpt>
            <trkpt lat="51.111082" lon="7.254893">
                <ele>248.0</ele>
                <name>Position 1793</name>
            </trkpt>
            <trkpt lat="51.111325" lon="7.254949">
                <ele>250.0</ele>
                <name>Position 1794</name>
            </trkpt>
            <trkpt lat="51.11199" lon="7.254696">
                <ele>256.0</ele>
                <name>Position 1795</name>
            </trkpt>
            <trkpt lat="51.112505" lon="7.254722">
                <ele>259.0</ele>
                <name>Position 1796</name>
            </trkpt>
            <trkpt lat="51.113269" lon="7.255091">
                <ele>262.0</ele>
                <name>Position 1797</name>
            </trkpt>
            <trkpt lat="51.113379" lon="7.255282">
                <ele>261.8</ele>
                <name>Position 1798</name>
            </trkpt>
            <trkpt lat="51.113491" lon="7.255759">
                <ele>261.8</ele>
                <name>Position 1799</name>
            </trkpt>
            <trkpt lat="51.113576" lon="7.256093">
                <ele>261.8</ele>
                <name>Position 1800</name>
            </trkpt>
            <trkpt lat="51.113669" lon="7.256187">
                <ele>262.8</ele>
                <name>Position 1801</name>
            </trkpt>
            <trkpt lat="51.113748" lon="7.256114">
                <ele>265.0</ele>
                <name>Position 1802</name>
            </trkpt>
            <trkpt lat="51.113788" lon="7.255857">
                <ele>266.0</ele>
                <name>Position 1803</name>
            </trkpt>
            <trkpt lat="51.113824" lon="7.255082">
                <ele>268.0</ele>
                <name>Position 1804</name>
            </trkpt>
            <trkpt lat="51.113857" lon="7.254512">
                <ele>270.0</ele>
                <name>Position 1805</name>
            </trkpt>
            <trkpt lat="51.113941" lon="7.25397">
                <ele>272.0</ele>
                <name>Position 1806</name>
            </trkpt>
            <trkpt lat="51.11405" lon="7.253826">
                <ele>273.0</ele>
                <name>Position 1807</name>
            </trkpt>
            <trkpt lat="51.114405" lon="7.25371">
                <ele>275.0</ele>
                <name>Position 1808</name>
            </trkpt>
            <trkpt lat="51.114766" lon="7.253524">
                <ele>278.0</ele>
                <name>Position 1809</name>
            </trkpt>
            <trkpt lat="51.115757" lon="7.252483">
                <ele>279.0</ele>
                <name>Position 1810</name>
            </trkpt>
            <trkpt lat="51.116066" lon="7.252276">
                <ele>278.0</ele>
                <name>Position 1811</name>
            </trkpt>
            <trkpt lat="51.116237" lon="7.252282">
                <ele>279.0</ele>
                <name>Position 1812</name>
            </trkpt>
            <trkpt lat="51.11642" lon="7.252463">
                <ele>282.0</ele>
                <name>Position 1813</name>
            </trkpt>
            <trkpt lat="51.116609" lon="7.25291">
                <ele>285.0</ele>
                <name>Position 1814</name>
            </trkpt>
            <trkpt lat="51.11685" lon="7.253007">
                <ele>286.0</ele>
                <name>Position 1815</name>
            </trkpt>
            <trkpt lat="51.117185" lon="7.252862">
                <ele>287.0</ele>
                <name>Position 1816</name>
            </trkpt>
            <trkpt lat="51.117657" lon="7.252681">
                <ele>290.0</ele>
                <name>Position 1817</name>
            </trkpt>
            <trkpt lat="51.117917" lon="7.25252">
                <ele>292.0</ele>
                <name>Position 1818</name>
            </trkpt>
            <trkpt lat="51.118271" lon="7.25208">
                <ele>293.0</ele>
                <name>Position 1819</name>
            </trkpt>
            <trkpt lat="51.119506" lon="7.250401">
                <ele>299.0</ele>
                <name>Position 1820</name>
            </trkpt>
            <trkpt lat="51.120267" lon="7.249375">
                <ele>300.3</ele>
                <name>Position 1821</name>
            </trkpt>
            <trkpt lat="51.120799" lon="7.248803">
                <ele>303.8</ele>
                <name>Position 1822</name>
            </trkpt>
            <trkpt lat="51.121253" lon="7.248319">
                <ele>304.0</ele>
                <name>Position 1823</name>
            </trkpt>
            <trkpt lat="51.121355" lon="7.24816">
                <ele>305.0</ele>
                <name>Position 1824</name>
            </trkpt>
            <trkpt lat="51.121483" lon="7.247864">
                <ele>305.3</ele>
                <name>Position 1825</name>
            </trkpt>
            <trkpt lat="51.121572" lon="7.247757">
                <ele>305.8</ele>
                <name>Position 1826</name>
            </trkpt>
            <trkpt lat="51.121715" lon="7.247734">
                <ele>306.8</ele>
                <name>Position 1827</name>
            </trkpt>
            <trkpt lat="51.121802" lon="7.247748">
                <ele>306.8</ele>
                <name>Position 1828</name>
            </trkpt>
            <trkpt lat="51.121839" lon="7.247806">
                <ele>306.8</ele>
                <name>Position 1829</name>
            </trkpt>
            <trkpt lat="51.121912" lon="7.247822">
                <ele>307.0</ele>
                <name>Position 1830</name>
            </trkpt>
            <trkpt lat="51.121967" lon="7.247764">
                <ele>307.0</ele>
                <name>Position 1831</name>
            </trkpt>
            <trkpt lat="51.121988" lon="7.247672">
                <ele>307.3</ele>
                <name>Position 1832</name>
            </trkpt>
            <trkpt lat="51.121975" lon="7.247588">
                <ele>307.3</ele>
                <name>Position 1833</name>
            </trkpt>
            <trkpt lat="51.121936" lon="7.247528">
                <ele>307.3</ele>
                <name>Position 1834</name>
            </trkpt>
            <trkpt lat="51.121938" lon="7.247401">
                <ele>307.3</ele>
                <name>Position 1835</name>
            </trkpt>
            <trkpt lat="51.121936" lon="7.247043">
                <ele>308.0</ele>
                <name>Position 1836</name>
            </trkpt>
            <trkpt lat="51.121907" lon="7.246698">
                <ele>308.0</ele>
                <name>Position 1837</name>
            </trkpt>
            <trkpt lat="51.121848" lon="7.24644">
                <ele>308.0</ele>
                <name>Position 1838</name>
            </trkpt>
            <trkpt lat="51.121848" lon="7.246441">
                <ele>308.0</ele>
                <name>Position 1839</name>
            </trkpt>
            <trkpt lat="51.121796" lon="7.246213">
                <ele>308.0</ele>
                <name>Position 1840</name>
            </trkpt>
            <trkpt lat="51.121687" lon="7.2458">
                <ele>308.0</ele>
                <name>Position 1841</name>
            </trkpt>
            <trkpt lat="51.121544" lon="7.24521">
                <ele>306.0</ele>
                <name>Position 1842</name>
            </trkpt>
            <trkpt lat="51.121358" lon="7.244043">
                <ele>303.0</ele>
                <name>Position 1843</name>
            </trkpt>
            <trkpt lat="51.12128" lon="7.24366">
                <ele>304.3</ele>
                <name>Position 1844</name>
            </trkpt>
            <trkpt lat="51.121006" lon="7.242834">
                <ele>307.0</ele>
                <name>Position 1845</name>
            </trkpt>
            <trkpt lat="51.120348" lon="7.240935">
                <ele>311.0</ele>
                <name>Position 1846</name>
            </trkpt>
            <trkpt lat="51.1198" lon="7.240023">
                <ele>308.0</ele>
                <name>Position 1847</name>
            </trkpt>
            <trkpt lat="51.11894" lon="7.239102">
                <ele>301.3</ele>
                <name>Position 1848</name>
            </trkpt>
            <trkpt lat="51.118457" lon="7.238743">
                <ele>304.0</ele>
                <name>Position 1849</name>
            </trkpt>
            <trkpt lat="51.117264" lon="7.237756">
                <ele>298.0</ele>
                <name>Position 1850</name>
            </trkpt>
            <trkpt lat="51.116254" lon="7.236911">
                <ele>289.0</ele>
                <name>Position 1851</name>
            </trkpt>
            <trkpt lat="51.115911" lon="7.236552">
                <ele>288.0</ele>
                <name>Position 1852</name>
            </trkpt>
            <trkpt lat="51.115616" lon="7.236085">
                <ele>287.0</ele>
                <name>Position 1853</name>
            </trkpt>
            <trkpt lat="51.115155" lon="7.235288">
                <ele>286.0</ele>
                <name>Position 1854</name>
            </trkpt>
            <trkpt lat="51.114883" lon="7.234967">
                <ele>287.0</ele>
                <name>Position 1855</name>
            </trkpt>
            <trkpt lat="51.114032" lon="7.234608">
                <ele>287.0</ele>
                <name>Position 1856</name>
            </trkpt>
            <trkpt lat="51.113584" lon="7.234389">
                <ele>285.0</ele>
                <name>Position 1857</name>
            </trkpt>
            <trkpt lat="51.113394" lon="7.234182">
                <ele>284.0</ele>
                <name>Position 1858</name>
            </trkpt>
            <trkpt lat="51.112623" lon="7.232933">
                <ele>276.0</ele>
                <name>Position 1859</name>
            </trkpt>
            <trkpt lat="51.112286" lon="7.232397">
                <ele>276.0</ele>
                <name>Position 1860</name>
            </trkpt>
            <trkpt lat="51.111805" lon="7.231905">
                <ele>277.0</ele>
                <name>Position 1861</name>
            </trkpt>
            <trkpt lat="51.110767" lon="7.230954">
                <ele>277.0</ele>
                <name>Position 1862</name>
            </trkpt>
            <trkpt lat="51.110546" lon="7.230707">
                <ele>275.3</ele>
                <name>Position 1863</name>
            </trkpt>
            <trkpt lat="51.110155" lon="7.230112">
                <ele>274.5</ele>
                <name>Position 1864</name>
            </trkpt>
            <trkpt lat="51.109693" lon="7.22942">
                <ele>278.0</ele>
                <name>Position 1865</name>
            </trkpt>
            <trkpt lat="51.109391" lon="7.228719">
                <ele>279.0</ele>
                <name>Position 1866</name>
            </trkpt>
            <trkpt lat="51.108196" lon="7.226332">
                <ele>283.0</ele>
                <name>Position 1867</name>
            </trkpt>
            <trkpt lat="51.108084" lon="7.226105">
                <ele>281.8</ele>
                <name>Position 1868</name>
            </trkpt>
            <trkpt lat="51.107888" lon="7.225693">
                <ele>281.3</ele>
                <name>Position 1869</name>
            </trkpt>
            <trkpt lat="51.107189" lon="7.224454">
                <ele>281.0</ele>
                <name>Position 1870</name>
            </trkpt>
            <trkpt lat="51.10641" lon="7.223327">
                <ele>281.0</ele>
                <name>Position 1871</name>
            </trkpt>
            <trkpt lat="51.105496" lon="7.222063">
                <ele>282.0</ele>
                <name>Position 1872</name>
            </trkpt>
            <trkpt lat="51.104865" lon="7.221174">
                <ele>283.0</ele>
                <name>Position 1873</name>
            </trkpt>
            <trkpt lat="51.104393" lon="7.220556">
                <ele>283.8</ele>
                <name>Position 1874</name>
            </trkpt>
            <trkpt lat="51.10341" lon="7.219447">
                <ele>288.0</ele>
                <name>Position 1875</name>
            </trkpt>
            <trkpt lat="51.102321" lon="7.218188">
                <ele>288.5</ele>
                <name>Position 1876</name>
            </trkpt>
            <trkpt lat="51.101729" lon="7.217487">
                <ele>291.0</ele>
                <name>Position 1877</name>
            </trkpt>
            <trkpt lat="51.101609" lon="7.217376">
                <ele>290.0</ele>
                <name>Position 1878</name>
            </trkpt>
            <trkpt lat="51.101102" lon="7.217342">
                <ele>291.0</ele>
                <name>Position 1879</name>
            </trkpt>
            <trkpt lat="51.100987" lon="7.217266">
                <ele>290.0</ele>
                <name>Position 1880</name>
            </trkpt>
            <trkpt lat="51.100758" lon="7.216745">
                <ele>289.0</ele>
                <name>Position 1881</name>
            </trkpt>
            <trkpt lat="51.10032" lon="7.215635">
                <ele>290.0</ele>
                <name>Position 1882</name>
            </trkpt>
            <trkpt lat="51.100088" lon="7.214944">
                <ele>289.8</ele>
                <name>Position 1883</name>
            </trkpt>
            <trkpt lat="51.09969" lon="7.212977">
                <ele>288.5</ele>
                <name>Position 1884</name>
            </trkpt>
            <trkpt lat="51.099188" lon="7.210936">
                <ele>284.8</ele>
                <name>Position 1885</name>
            </trkpt>
            <trkpt lat="51.098811" lon="7.209848">
                <ele>285.0</ele>
                <name>Position 1886</name>
            </trkpt>
            <trkpt lat="51.098062" lon="7.208002">
                <ele>284.0</ele>
                <name>Position 1887</name>
            </trkpt>
            <trkpt lat="51.097778" lon="7.207335">
                <ele>283.0</ele>
                <name>Position 1888</name>
            </trkpt>
            <trkpt lat="51.097641" lon="7.207032">
                <ele>283.0</ele>
                <name>Position 1889</name>
            </trkpt>
            <trkpt lat="51.097052" lon="7.205692">
                <ele>281.0</ele>
                <name>Position 1890</name>
            </trkpt>
            <trkpt lat="51.096623" lon="7.204694">
                <ele>279.0</ele>
                <name>Position 1891</name>
            </trkpt>
            <trkpt lat="51.096067" lon="7.202757">
                <ele>273.0</ele>
                <name>Position 1892</name>
            </trkpt>
            <trkpt lat="51.09583" lon="7.201038">
                <ele>266.5</ele>
                <name>Position 1893</name>
            </trkpt>
            <trkpt lat="51.095825" lon="7.199099">
                <ele>262.8</ele>
                <name>Position 1894</name>
            </trkpt>
            <trkpt lat="51.095994" lon="7.197229">
                <ele>259.8</ele>
                <name>Position 1895</name>
            </trkpt>
            <trkpt lat="51.096142" lon="7.195365">
                <ele>257.0</ele>
                <name>Position 1896</name>
            </trkpt>
            <trkpt lat="51.096156" lon="7.19439">
                <ele>253.8</ele>
                <name>Position 1897</name>
            </trkpt>
            <trkpt lat="51.096132" lon="7.193766">
                <ele>254.0</ele>
                <name>Position 1898</name>
            </trkpt>
            <trkpt lat="51.096043" lon="7.192957">
                <ele>254.0</ele>
                <name>Position 1899</name>
            </trkpt>
            <trkpt lat="51.095734" lon="7.191509">
                <ele>251.5</ele>
                <name>Position 1900</name>
            </trkpt>
            <trkpt lat="51.095037" lon="7.189698">
                <ele>246.0</ele>
                <name>Position 1901</name>
            </trkpt>
            <trkpt lat="51.094185" lon="7.188558">
                <ele>244.3</ele>
                <name>Position 1902</name>
            </trkpt>
            <trkpt lat="51.093623" lon="7.187989">
                <ele>245.0</ele>
                <name>Position 1903</name>
            </trkpt>
            <trkpt lat="51.092788" lon="7.187246">
                <ele>241.8</ele>
                <name>Position 1904</name>
            </trkpt>
            <trkpt lat="51.093059" lon="7.186708">
                <ele>241.8</ele>
                <name>Position 1905</name>
            </trkpt>
            <trkpt lat="51.0931095" lon="7.1865763">
                <ele>241.6</ele>
                <name>Hilgener Straße 22, 42929 Wermelskirchen, Deutschland</name>
            </trkpt>
            <trkpt lat="51.093227" lon="7.186325">
                <ele>242.0</ele>
                <name>Position 1907</name>
            </trkpt>
            <trkpt lat="51.093422" lon="7.185783">
                <ele>241.5</ele>
                <name>Position 1908</name>
            </trkpt>
            <trkpt lat="51.093724" lon="7.18498">
                <ele>241.0</ele>
                <name>Position 1909</name>
            </trkpt>
            <trkpt lat="51.093949" lon="7.184735">
                <ele>241.0</ele>
                <name>Position 1910</name>
            </trkpt>
            <trkpt lat="51.094698" lon="7.184865">
                <ele>237.0</ele>
                <name>Position 1911</name>
            </trkpt>
            <trkpt lat="51.095359" lon="7.184736">
                <ele>233.0</ele>
                <name>Position 1912</name>
            </trkpt>
            <trkpt lat="51.095586" lon="7.184415">
                <ele>233.0</ele>
                <name>Position 1913</name>
            </trkpt>
            <trkpt lat="51.095922" lon="7.183563">
                <ele>230.5</ele>
                <name>Position 1914</name>
            </trkpt>
            <trkpt lat="51.095952" lon="7.182824">
                <ele>228.8</ele>
                <name>Position 1915</name>
            </trkpt>
            <trkpt lat="51.096107" lon="7.181783">
                <ele>224.0</ele>
                <name>Position 1916</name>
            </trkpt>
            <trkpt lat="51.096057" lon="7.181104">
                <ele>218.0</ele>
                <name>Position 1917</name>
            </trkpt>
            <trkpt lat="51.095641" lon="7.180351">
                <ele>219.0</ele>
                <name>Position 1918</name>
            </trkpt>
            <trkpt lat="51.095409" lon="7.179748">
                <ele>217.8</ele>
                <name>Position 1919</name>
            </trkpt>
            <trkpt lat="51.095112" lon="7.178852">
                <ele>216.0</ele>
                <name>Position 1920</name>
            </trkpt>
            <trkpt lat="51.094994" lon="7.178455">
                <ele>215.0</ele>
                <name>Position 1921</name>
            </trkpt>
            <trkpt lat="51.095078" lon="7.178155">
                <ele>210.5</ele>
                <name>Position 1922</name>
            </trkpt>
            <trkpt lat="51.095307" lon="7.17815">
                <ele>205.3</ele>
                <name>Position 1923</name>
            </trkpt>
            <trkpt lat="51.095428" lon="7.178494">
                <ele>206.0</ele>
                <name>Position 1924</name>
            </trkpt>
            <trkpt lat="51.095502" lon="7.179086">
                <ele>209.0</ele>
                <name>Position 1925</name>
            </trkpt>
            <trkpt lat="51.0957" lon="7.179801">
                <ele>210.8</ele>
                <name>Position 1926</name>
            </trkpt>
            <trkpt lat="51.096103" lon="7.180183">
                <ele>203.8</ele>
                <name>Position 1927</name>
            </trkpt>
            <trkpt lat="51.096627" lon="7.180606">
                <ele>194.3</ele>
                <name>Position 1928</name>
            </trkpt>
            <trkpt lat="51.097281" lon="7.181172">
                <ele>188.0</ele>
                <name>Position 1929</name>
            </trkpt>
            <trkpt lat="51.09765" lon="7.181371">
                <ele>187.0</ele>
                <name>Position 1930</name>
            </trkpt>
            <trkpt lat="51.097981" lon="7.181374">
                <ele>190.0</ele>
                <name>Position 1931</name>
            </trkpt>
            <trkpt lat="51.098335" lon="7.181252">
                <ele>190.0</ele>
                <name>Position 1932</name>
            </trkpt>
            <trkpt lat="51.098809" lon="7.181122">
                <ele>189.0</ele>
                <name>Position 1933</name>
            </trkpt>
            <trkpt lat="51.099209" lon="7.18111">
                <ele>189.0</ele>
                <name>Position 1934</name>
            </trkpt>
            <trkpt lat="51.099417" lon="7.180697">
                <ele>182.0</ele>
                <name>Position 1935</name>
            </trkpt>
            <trkpt lat="51.099413" lon="7.180272">
                <ele>184.0</ele>
                <name>Position 1936</name>
            </trkpt>
            <trkpt lat="51.099301" lon="7.180007">
                <ele>184.0</ele>
                <name>Position 1937</name>
            </trkpt>
            <trkpt lat="51.098709" lon="7.179473">
                <ele>188.0</ele>
                <name>Position 1938</name>
            </trkpt>
            <trkpt lat="51.098147" lon="7.178787">
                <ele>186.8</ele>
                <name>Position 1939</name>
            </trkpt>
            <trkpt lat="51.098033" lon="7.178253">
                <ele>189.0</ele>
                <name>Position 1940</name>
            </trkpt>
            <trkpt lat="51.097924" lon="7.176862">
                <ele>195.0</ele>
                <name>Position 1941</name>
            </trkpt>
            <trkpt lat="51.09787" lon="7.176221">
                <ele>196.0</ele>
                <name>Position 1942</name>
            </trkpt>
            <trkpt lat="51.097803" lon="7.175617">
                <ele>195.0</ele>
                <name>Position 1943</name>
            </trkpt>
            <trkpt lat="51.097803" lon="7.175268">
                <ele>196.0</ele>
                <name>Position 1944</name>
            </trkpt>
            <trkpt lat="51.097974" lon="7.175058">
                <ele>199.0</ele>
                <name>Position 1945</name>
            </trkpt>
            <trkpt lat="51.098314" lon="7.174892">
                <ele>203.0</ele>
                <name>Position 1946</name>
            </trkpt>
            <trkpt lat="51.098673" lon="7.174777">
                <ele>203.0</ele>
                <name>Position 1947</name>
            </trkpt>
            <trkpt lat="51.099364" lon="7.174754">
                <ele>206.0</ele>
                <name>Position 1948</name>
            </trkpt>
            <trkpt lat="51.100435" lon="7.174826">
                <ele>208.0</ele>
                <name>Position 1949</name>
            </trkpt>
            <trkpt lat="51.100829" lon="7.174654">
                <ele>206.0</ele>
                <name>Position 1950</name>
            </trkpt>
            <trkpt lat="51.101892" lon="7.17373">
                <ele>206.0</ele>
                <name>Position 1951</name>
            </trkpt>
            <trkpt lat="51.102427" lon="7.173328">
                <ele>208.3</ele>
                <name>Position 1952</name>
            </trkpt>
            <trkpt lat="51.10258" lon="7.172776">
                <ele>209.0</ele>
                <name>Position 1953</name>
            </trkpt>
            <trkpt lat="51.102435" lon="7.172156">
                <ele>207.0</ele>
                <name>Position 1954</name>
            </trkpt>
            <trkpt lat="51.102296" lon="7.171622">
                <ele>205.8</ele>
                <name>Position 1955</name>
            </trkpt>
            <trkpt lat="51.102135" lon="7.170721">
                <ele>206.5</ele>
                <name>Position 1956</name>
            </trkpt>
            <trkpt lat="51.102156" lon="7.170396">
                <ele>206.8</ele>
                <name>Position 1957</name>
            </trkpt>
            <trkpt lat="51.102283" lon="7.169491">
                <ele>208.0</ele>
                <name>Position 1958</name>
            </trkpt>
            <trkpt lat="51.102509" lon="7.168612">
                <ele>208.0</ele>
                <name>Position 1959</name>
            </trkpt>
            <trkpt lat="51.103007" lon="7.167265">
                <ele>211.8</ele>
                <name>Position 1960</name>
            </trkpt>
            <trkpt lat="51.103563" lon="7.166519">
                <ele>213.3</ele>
                <name>Position 1961</name>
            </trkpt>
            <trkpt lat="51.103908" lon="7.165979">
                <ele>213.0</ele>
                <name>Position 1962</name>
            </trkpt>
            <trkpt lat="51.104159" lon="7.164912">
                <ele>215.0</ele>
                <name>Position 1963</name>
            </trkpt>
            <trkpt lat="51.10444" lon="7.163839">
                <ele>221.0</ele>
                <name>Position 1964</name>
            </trkpt>
            <trkpt lat="51.104689" lon="7.163385">
                <ele>224.0</ele>
                <name>Position 1965</name>
            </trkpt>
            <trkpt lat="51.105097" lon="7.163129">
                <ele>225.8</ele>
                <name>Position 1966</name>
            </trkpt>
            <trkpt lat="51.105923" lon="7.162727">
                <ele>227.8</ele>
                <name>Position 1967</name>
            </trkpt>
            <trkpt lat="51.105374" lon="7.161266">
                <ele>232.0</ele>
                <name>Position 1968</name>
            </trkpt>
            <trkpt lat="51.104863" lon="7.159903">
                <ele>234.0</ele>
                <name>Position 1969</name>
            </trkpt>
        </trkseg>
    </trk>
</gpx>
