<?xml version="1.0" encoding="UTF-8" standalone="yes"?>
<gpx xmlns:gpxtpx1="http://www.garmin.com/xmlschemas/TrackPointExtension/v1" xmlns="http://www.topografix.com/GPX/1/1" xmlns:trp="http://www.garmin.com/xmlschemas/TripExtensions/v1" xmlns:gpxx="http://www.garmin.com/xmlschemas/GpxExtensions/v3" xmlns:gpxtpx="http://www.garmin.com/xmlschemas/TrackPointExtension/v2" version="1.1" creator="RouteConverter 2.28">
    <metadata>
        <name>NBT_Eifel_1N</name>
        <time>2020-10-20T09:54:06.247Z</time>
    </metadata>
    <trk>
        <name>NBT-Eifel1 ADAC Motorrad Tourenkarte Nordeifel</name>
        <trkseg>
            <trkpt lat="50.6332369" lon="6.4813609">
                <ele>222.0</ele>
                <time>2013-11-11T11:37:24.584Z</time>
                <name>NBT-Eifel1 ADAC Motorrad Tourenkarte Nordeifel Hengebachstraße 52-54, 52396 Heimbach, Deutschland</name>
            </trkpt>
            <trkpt lat="50.633275" lon="6.481174">
                <ele>221.0</ele>
                <name>Position 2</name>
            </trkpt>
            <trkpt lat="50.633337" lon="6.480953">
                <ele>220.0</ele>
                <name>Position 3</name>
            </trkpt>
            <trkpt lat="50.633399" lon="6.480691">
                <ele>221.0</ele>
                <name>Position 4</name>
            </trkpt>
            <trkpt lat="50.633489" lon="6.480394">
                <ele>222.0</ele>
                <name>Position 5</name>
            </trkpt>
            <trkpt lat="50.633697" lon="6.47987">
                <ele>222.8</ele>
                <name>Position 6</name>
            </trkpt>
            <trkpt lat="50.633748" lon="6.479683">
                <ele>223.0</ele>
                <name>Position 7</name>
            </trkpt>
            <trkpt lat="50.633777" lon="6.479274">
                <ele>222.0</ele>
                <name>Position 8</name>
            </trkpt>
            <trkpt lat="50.633754" lon="6.478375">
                <ele>215.5</ele>
                <name>Position 9</name>
            </trkpt>
            <trkpt lat="50.63375" lon="6.47795">
                <ele>214.0</ele>
                <name>Position 10</name>
            </trkpt>
            <trkpt lat="50.633733" lon="6.477787">
                <ele>214.0</ele>
                <name>Position 11</name>
            </trkpt>
            <trkpt lat="50.633665" lon="6.477632">
                <ele>212.0</ele>
                <name>Position 12</name>
            </trkpt>
            <trkpt lat="50.633551" lon="6.477395">
                <ele>211.0</ele>
                <name>Position 13</name>
            </trkpt>
            <trkpt lat="50.633454" lon="6.477059">
                <ele>209.5</ele>
                <name>Position 14</name>
            </trkpt>
            <trkpt lat="50.633439" lon="6.476904">
                <ele>210.0</ele>
                <name>Position 15</name>
            </trkpt>
            <trkpt lat="50.633444" lon="6.476793">
                <ele>210.0</ele>
                <name>Position 16</name>
            </trkpt>
            <trkpt lat="50.633467" lon="6.476622">
                <ele>210.0</ele>
                <name>Position 17</name>
            </trkpt>
            <trkpt lat="50.633495" lon="6.476464">
                <ele>210.0</ele>
                <name>Position 18</name>
            </trkpt>
            <trkpt lat="50.633672" lon="6.475569">
                <ele>212.0</ele>
                <name>Position 19</name>
            </trkpt>
            <trkpt lat="50.633766" lon="6.475262">
                <ele>212.0</ele>
                <name>Position 20</name>
            </trkpt>
            <trkpt lat="50.633856" lon="6.475009">
                <ele>211.5</ele>
                <name>Position 21</name>
            </trkpt>
            <trkpt lat="50.633926" lon="6.474868">
                <ele>212.0</ele>
                <name>Position 22</name>
            </trkpt>
            <trkpt lat="50.634038" lon="6.474705">
                <ele>212.0</ele>
                <name>Position 23</name>
            </trkpt>
            <trkpt lat="50.634246" lon="6.474533">
                <ele>211.0</ele>
                <name>Position 24</name>
            </trkpt>
            <trkpt lat="50.634386" lon="6.474474">
                <ele>212.0</ele>
                <name>Position 25</name>
            </trkpt>
            <trkpt lat="50.634757" lon="6.474335">
                <ele>212.0</ele>
                <name>Position 26</name>
            </trkpt>
            <trkpt lat="50.634925" lon="6.474278">
                <ele>212.0</ele>
                <name>Position 27</name>
            </trkpt>
            <trkpt lat="50.635087" lon="6.474187">
                <ele>212.0</ele>
                <name>Position 28</name>
            </trkpt>
            <trkpt lat="50.635192" lon="6.474067">
                <ele>213.0</ele>
                <name>Position 29</name>
            </trkpt>
            <trkpt lat="50.635333" lon="6.473822">
                <ele>212.0</ele>
                <name>Position 30</name>
            </trkpt>
            <trkpt lat="50.635442" lon="6.473638">
                <ele>211.0</ele>
                <name>Position 31</name>
            </trkpt>
            <trkpt lat="50.635514" lon="6.473618">
                <ele>211.0</ele>
                <name>Position 32</name>
            </trkpt>
            <trkpt lat="50.635566" lon="6.473529">
                <ele>211.0</ele>
                <name>Position 33</name>
            </trkpt>
            <trkpt lat="50.63557" lon="6.47344">
                <ele>210.0</ele>
                <name>Position 34</name>
            </trkpt>
            <trkpt lat="50.635546" lon="6.473363">
                <ele>210.3</ele>
                <name>Position 35</name>
            </trkpt>
            <trkpt lat="50.635531" lon="6.473247">
                <ele>210.0</ele>
                <name>Position 36</name>
            </trkpt>
            <trkpt lat="50.63559" lon="6.472886">
                <ele>214.0</ele>
                <name>Position 37</name>
            </trkpt>
            <trkpt lat="50.635715" lon="6.472611">
                <ele>216.0</ele>
                <name>Position 38</name>
            </trkpt>
            <trkpt lat="50.635792" lon="6.472484">
                <ele>217.0</ele>
                <name>Position 39</name>
            </trkpt>
            <trkpt lat="50.635903" lon="6.472362">
                <ele>218.0</ele>
                <name>Position 40</name>
            </trkpt>
            <trkpt lat="50.636057" lon="6.472217">
                <ele>219.3</ele>
                <name>Position 41</name>
            </trkpt>
            <trkpt lat="50.636263" lon="6.472118">
                <ele>218.0</ele>
                <name>Position 42</name>
            </trkpt>
            <trkpt lat="50.636471" lon="6.471908">
                <ele>218.5</ele>
                <name>Position 43</name>
            </trkpt>
            <trkpt lat="50.63659" lon="6.471701">
                <ele>220.0</ele>
                <name>Position 44</name>
            </trkpt>
            <trkpt lat="50.63667" lon="6.471478">
                <ele>220.0</ele>
                <name>Position 45</name>
            </trkpt>
            <trkpt lat="50.636725" lon="6.471177">
                <ele>220.0</ele>
                <name>Position 46</name>
            </trkpt>
            <trkpt lat="50.63676" lon="6.470902">
                <ele>219.5</ele>
                <name>Position 47</name>
            </trkpt>
            <trkpt lat="50.636785" lon="6.470616">
                <ele>221.0</ele>
                <name>Position 48</name>
            </trkpt>
            <trkpt lat="50.636807" lon="6.469996">
                <ele>222.0</ele>
                <name>Position 49</name>
            </trkpt>
            <trkpt lat="50.636623" lon="6.468954">
                <ele>226.0</ele>
                <name>Position 50</name>
            </trkpt>
            <trkpt lat="50.63636" lon="6.46774">
                <ele>232.3</ele>
                <name>Position 51</name>
            </trkpt>
            <trkpt lat="50.636298" lon="6.467086">
                <ele>235.0</ele>
                <name>Position 52</name>
            </trkpt>
            <trkpt lat="50.636346" lon="6.466296">
                <ele>241.0</ele>
                <name>Position 53</name>
            </trkpt>
            <trkpt lat="50.63644" lon="6.465837">
                <ele>243.3</ele>
                <name>Position 54</name>
            </trkpt>
            <trkpt lat="50.63661" lon="6.465528">
                <ele>242.3</ele>
                <name>Position 55</name>
            </trkpt>
            <trkpt lat="50.637048" lon="6.464801">
                <ele>240.0</ele>
                <name>Position 56</name>
            </trkpt>
            <trkpt lat="50.637083" lon="6.464455">
                <ele>242.0</ele>
                <name>Position 57</name>
            </trkpt>
            <trkpt lat="50.636993" lon="6.464145">
                <ele>245.0</ele>
                <name>Position 58</name>
            </trkpt>
            <trkpt lat="50.636857" lon="6.463901">
                <ele>246.0</ele>
                <name>Position 59</name>
            </trkpt>
            <trkpt lat="50.63669" lon="6.463752">
                <ele>245.0</ele>
                <name>Position 60</name>
            </trkpt>
            <trkpt lat="50.636494" lon="6.463744">
                <ele>248.0</ele>
                <name>Position 61</name>
            </trkpt>
            <trkpt lat="50.636198" lon="6.463809">
                <ele>252.0</ele>
                <name>Position 62</name>
            </trkpt>
            <trkpt lat="50.636036" lon="6.463714">
                <ele>253.0</ele>
                <name>Position 63</name>
            </trkpt>
            <trkpt lat="50.635827" lon="6.463162">
                <ele>251.0</ele>
                <name>Position 64</name>
            </trkpt>
            <trkpt lat="50.635677" lon="6.462578">
                <ele>251.0</ele>
                <name>Position 65</name>
            </trkpt>
            <trkpt lat="50.635628" lon="6.462269">
                <ele>251.0</ele>
                <name>Position 66</name>
            </trkpt>
            <trkpt lat="50.63564" lon="6.461723">
                <ele>250.5</ele>
                <name>Position 67</name>
            </trkpt>
            <trkpt lat="50.635751" lon="6.461231">
                <ele>251.5</ele>
                <name>Position 68</name>
            </trkpt>
            <trkpt lat="50.636172" lon="6.46068">
                <ele>253.5</ele>
                <name>Position 69</name>
            </trkpt>
            <trkpt lat="50.636638" lon="6.460063">
                <ele>258.0</ele>
                <name>Position 70</name>
            </trkpt>
            <trkpt lat="50.637952" lon="6.458932">
                <ele>261.0</ele>
                <name>Position 71</name>
            </trkpt>
            <trkpt lat="50.638244" lon="6.458809">
                <ele>261.0</ele>
                <name>Position 72</name>
            </trkpt>
            <trkpt lat="50.638789" lon="6.458814">
                <ele>263.0</ele>
                <name>Position 73</name>
            </trkpt>
            <trkpt lat="50.639175" lon="6.458826">
                <ele>264.0</ele>
                <name>Position 74</name>
            </trkpt>
            <trkpt lat="50.639383" lon="6.458913">
                <ele>266.0</ele>
                <name>Position 75</name>
            </trkpt>
            <trkpt lat="50.639985" lon="6.459178">
                <ele>271.8</ele>
                <name>Position 76</name>
            </trkpt>
            <trkpt lat="50.640348" lon="6.459265">
                <ele>276.5</ele>
                <name>Position 77</name>
            </trkpt>
            <trkpt lat="50.640563" lon="6.459273">
                <ele>280.0</ele>
                <name>Position 78</name>
            </trkpt>
            <trkpt lat="50.640949" lon="6.45907">
                <ele>283.8</ele>
                <name>Position 79</name>
            </trkpt>
            <trkpt lat="50.641179" lon="6.458741">
                <ele>286.0</ele>
                <name>Position 80</name>
            </trkpt>
            <trkpt lat="50.64129" lon="6.458448">
                <ele>287.8</ele>
                <name>Position 81</name>
            </trkpt>
            <trkpt lat="50.641407" lon="6.457683">
                <ele>289.8</ele>
                <name>Position 82</name>
            </trkpt>
            <trkpt lat="50.641646" lon="6.456078">
                <ele>297.0</ele>
                <name>Position 83</name>
            </trkpt>
            <trkpt lat="50.641752" lon="6.455726">
                <ele>302.0</ele>
                <name>Position 84</name>
            </trkpt>
            <trkpt lat="50.641837" lon="6.455734">
                <ele>305.0</ele>
                <name>Position 85</name>
            </trkpt>
            <trkpt lat="50.641979" lon="6.456105">
                <ele>309.0</ele>
                <name>Position 86</name>
            </trkpt>
            <trkpt lat="50.642087" lon="6.456611">
                <ele>311.0</ele>
                <name>Position 87</name>
            </trkpt>
            <trkpt lat="50.64211" lon="6.456926">
                <ele>310.8</ele>
                <name>Position 88</name>
            </trkpt>
            <trkpt lat="50.642083" lon="6.457406">
                <ele>309.8</ele>
                <name>Position 89</name>
            </trkpt>
            <trkpt lat="50.64206" lon="6.457841">
                <ele>309.0</ele>
                <name>Position 90</name>
            </trkpt>
            <trkpt lat="50.642086" lon="6.457933">
                <ele>310.0</ele>
                <name>Position 91</name>
            </trkpt>
            <trkpt lat="50.642136" lon="6.45795">
                <ele>311.8</ele>
                <name>Position 92</name>
            </trkpt>
            <trkpt lat="50.642171" lon="6.457932">
                <ele>313.0</ele>
                <name>Position 93</name>
            </trkpt>
            <trkpt lat="50.64221" lon="6.457861">
                <ele>314.3</ele>
                <name>Position 94</name>
            </trkpt>
            <trkpt lat="50.642268" lon="6.45755">
                <ele>316.0</ele>
                <name>Position 95</name>
            </trkpt>
            <trkpt lat="50.642381" lon="6.457208">
                <ele>319.8</ele>
                <name>Position 96</name>
            </trkpt>
            <trkpt lat="50.642467" lon="6.456955">
                <ele>322.8</ele>
                <name>Position 97</name>
            </trkpt>
            <trkpt lat="50.642486" lon="6.456727">
                <ele>323.5</ele>
                <name>Position 98</name>
            </trkpt>
            <trkpt lat="50.642448" lon="6.45645">
                <ele>325.0</ele>
                <name>Position 99</name>
            </trkpt>
            <trkpt lat="50.641982" lon="6.454678">
                <ele>318.0</ele>
                <name>Position 100</name>
            </trkpt>
            <trkpt lat="50.64194" lon="6.454471">
                <ele>317.0</ele>
                <name>Position 101</name>
            </trkpt>
            <trkpt lat="50.64194" lon="6.454271">
                <ele>318.0</ele>
                <name>Position 102</name>
            </trkpt>
            <trkpt lat="50.641972" lon="6.454151">
                <ele>319.0</ele>
                <name>Position 103</name>
            </trkpt>
            <trkpt lat="50.642018" lon="6.454068">
                <ele>320.0</ele>
                <name>Position 104</name>
            </trkpt>
            <trkpt lat="50.64212" lon="6.454072">
                <ele>322.0</ele>
                <name>Position 105</name>
            </trkpt>
            <trkpt lat="50.642311" lon="6.454138">
                <ele>325.0</ele>
                <name>Position 106</name>
            </trkpt>
            <trkpt lat="50.642656" lon="6.454384">
                <ele>332.0</ele>
                <name>Position 107</name>
            </trkpt>
            <trkpt lat="50.643568" lon="6.454841">
                <ele>350.0</ele>
                <name>Position 108</name>
            </trkpt>
            <trkpt lat="50.643724" lon="6.454734">
                <ele>352.0</ele>
                <name>Position 109</name>
            </trkpt>
            <trkpt lat="50.64374" lon="6.454272">
                <ele>349.0</ele>
                <name>Position 110</name>
            </trkpt>
            <trkpt lat="50.643435" lon="6.452895">
                <ele>352.0</ele>
                <name>Position 111</name>
            </trkpt>
            <trkpt lat="50.643318" lon="6.452056">
                <ele>356.0</ele>
                <name>Position 112</name>
            </trkpt>
            <trkpt lat="50.643285" lon="6.451378">
                <ele>356.0</ele>
                <name>Position 113</name>
            </trkpt>
            <trkpt lat="50.643316" lon="6.451073">
                <ele>356.0</ele>
                <name>Position 114</name>
            </trkpt>
            <trkpt lat="50.64344" lon="6.450929">
                <ele>359.0</ele>
                <name>Position 115</name>
            </trkpt>
            <trkpt lat="50.643776" lon="6.450835">
                <ele>366.0</ele>
                <name>Position 116</name>
            </trkpt>
            <trkpt lat="50.644018" lon="6.450586">
                <ele>370.0</ele>
                <name>Position 117</name>
            </trkpt>
            <trkpt lat="50.644202" lon="6.450259">
                <ele>372.0</ele>
                <name>Position 118</name>
            </trkpt>
            <trkpt lat="50.644285" lon="6.449906">
                <ele>373.0</ele>
                <name>Position 119</name>
            </trkpt>
            <trkpt lat="50.644254" lon="6.449346">
                <ele>372.0</ele>
                <name>Position 120</name>
            </trkpt>
            <trkpt lat="50.644272" lon="6.449168">
                <ele>372.0</ele>
                <name>Position 121</name>
            </trkpt>
            <trkpt lat="50.64437" lon="6.44897">
                <ele>373.0</ele>
                <name>Position 122</name>
            </trkpt>
            <trkpt lat="50.644533" lon="6.448887">
                <ele>375.0</ele>
                <name>Position 123</name>
            </trkpt>
            <trkpt lat="50.644953" lon="6.448715">
                <ele>381.0</ele>
                <name>Position 124</name>
            </trkpt>
            <trkpt lat="50.645215" lon="6.448448">
                <ele>385.0</ele>
                <name>Position 125</name>
            </trkpt>
            <trkpt lat="50.645328" lon="6.447769">
                <ele>385.8</ele>
                <name>Position 126</name>
            </trkpt>
            <trkpt lat="50.645491" lon="6.447147">
                <ele>390.0</ele>
                <name>Position 127</name>
            </trkpt>
            <trkpt lat="50.645597" lon="6.447243">
                <ele>392.0</ele>
                <name>Position 128</name>
            </trkpt>
            <trkpt lat="50.645737" lon="6.44784">
                <ele>395.0</ele>
                <name>Position 129</name>
            </trkpt>
            <trkpt lat="50.646003" lon="6.448801">
                <ele>400.5</ele>
                <name>Position 130</name>
            </trkpt>
            <trkpt lat="50.646152" lon="6.449507">
                <ele>403.3</ele>
                <name>Position 131</name>
            </trkpt>
            <trkpt lat="50.64661" lon="6.4505">
                <ele>408.0</ele>
                <name>Position 132</name>
            </trkpt>
            <trkpt lat="50.647072" lon="6.451367">
                <ele>410.0</ele>
                <name>Position 133</name>
            </trkpt>
            <trkpt lat="50.647461" lon="6.451643">
                <ele>410.0</ele>
                <name>Position 134</name>
            </trkpt>
            <trkpt lat="50.647826" lon="6.451721">
                <ele>408.0</ele>
                <name>Position 135</name>
            </trkpt>
            <trkpt lat="50.648201" lon="6.451464">
                <ele>408.0</ele>
                <name>Position 136</name>
            </trkpt>
            <trkpt lat="50.649332" lon="6.450324">
                <ele>415.0</ele>
                <name>Position 137</name>
            </trkpt>
            <trkpt lat="50.650155" lon="6.449506">
                <ele>416.0</ele>
                <name>Position 138</name>
            </trkpt>
            <trkpt lat="50.650344" lon="6.449184">
                <ele>414.5</ele>
                <name>Position 139</name>
            </trkpt>
            <trkpt lat="50.650434" lon="6.448739">
                <ele>415.0</ele>
                <name>Position 140</name>
            </trkpt>
            <trkpt lat="50.650569" lon="6.447723">
                <ele>414.0</ele>
                <name>Position 141</name>
            </trkpt>
            <trkpt lat="50.650721" lon="6.447135">
                <ele>413.0</ele>
                <name>Position 142</name>
            </trkpt>
            <trkpt lat="50.651708" lon="6.445333">
                <ele>401.0</ele>
                <name>Position 143</name>
            </trkpt>
            <trkpt lat="50.652338" lon="6.44418">
                <ele>398.0</ele>
                <name>Position 144</name>
            </trkpt>
            <trkpt lat="50.652649" lon="6.443623">
                <ele>396.0</ele>
                <name>Position 145</name>
            </trkpt>
            <trkpt lat="50.65285" lon="6.443131">
                <ele>396.5</ele>
                <name>Position 146</name>
            </trkpt>
            <trkpt lat="50.652934" lon="6.442692">
                <ele>397.0</ele>
                <name>Position 147</name>
            </trkpt>
            <trkpt lat="50.652951" lon="6.44211">
                <ele>399.0</ele>
                <name>Position 148</name>
            </trkpt>
            <trkpt lat="50.652982" lon="6.440779">
                <ele>405.0</ele>
                <name>Position 149</name>
            </trkpt>
            <trkpt lat="50.653044" lon="6.439712">
                <ele>408.0</ele>
                <name>Position 150</name>
            </trkpt>
            <trkpt lat="50.653182" lon="6.438906">
                <ele>408.8</ele>
                <name>Position 151</name>
            </trkpt>
            <trkpt lat="50.653603" lon="6.437359">
                <ele>410.0</ele>
                <name>Position 152</name>
            </trkpt>
            <trkpt lat="50.654071" lon="6.435698">
                <ele>405.8</ele>
                <name>Position 153</name>
            </trkpt>
            <trkpt lat="50.654468" lon="6.43468">
                <ele>406.0</ele>
                <name>Position 154</name>
            </trkpt>
            <trkpt lat="50.654976" lon="6.433584">
                <ele>404.8</ele>
                <name>Position 155</name>
            </trkpt>
            <trkpt lat="50.655264" lon="6.432954">
                <ele>405.0</ele>
                <name>Position 156</name>
            </trkpt>
            <trkpt lat="50.655549" lon="6.432374">
                <ele>406.0</ele>
                <name>Position 157</name>
            </trkpt>
            <trkpt lat="50.655627" lon="6.432171">
                <ele>407.0</ele>
                <name>Position 158</name>
            </trkpt>
            <trkpt lat="50.655708" lon="6.431854">
                <ele>409.0</ele>
                <name>Position 159</name>
            </trkpt>
            <trkpt lat="50.655741" lon="6.431453">
                <ele>411.0</ele>
                <name>Position 160</name>
            </trkpt>
            <trkpt lat="50.655754" lon="6.430447">
                <ele>414.0</ele>
                <name>Position 161</name>
            </trkpt>
            <trkpt lat="50.655763" lon="6.427521">
                <ele>417.0</ele>
                <name>Position 162</name>
            </trkpt>
            <trkpt lat="50.655684" lon="6.427078">
                <ele>417.0</ele>
                <name>Position 163</name>
            </trkpt>
            <trkpt lat="50.655517" lon="6.426451">
                <ele>418.0</ele>
                <name>Position 164</name>
            </trkpt>
            <trkpt lat="50.655473" lon="6.426025">
                <ele>418.0</ele>
                <name>Position 165</name>
            </trkpt>
            <trkpt lat="50.655506" lon="6.42521">
                <ele>419.0</ele>
                <name>Position 166</name>
            </trkpt>
            <trkpt lat="50.655656" lon="6.423501">
                <ele>418.8</ele>
                <name>Position 167</name>
            </trkpt>
            <trkpt lat="50.655874" lon="6.421847">
                <ele>424.0</ele>
                <name>Position 168</name>
            </trkpt>
            <trkpt lat="50.655898" lon="6.421469">
                <ele>425.0</ele>
                <name>Position 169</name>
            </trkpt>
            <trkpt lat="50.655896" lon="6.420072">
                <ele>427.5</ele>
                <name>Position 170</name>
            </trkpt>
            <trkpt lat="50.655872" lon="6.419458">
                <ele>428.5</ele>
                <name>Position 171</name>
            </trkpt>
            <trkpt lat="50.65583" lon="6.418995">
                <ele>430.0</ele>
                <name>Position 172</name>
            </trkpt>
            <trkpt lat="50.655702" lon="6.418182">
                <ele>431.0</ele>
                <name>Position 173</name>
            </trkpt>
            <trkpt lat="50.655546" lon="6.417402">
                <ele>432.0</ele>
                <name>Position 174</name>
            </trkpt>
            <trkpt lat="50.655532" lon="6.417112">
                <ele>431.5</ele>
                <name>Position 175</name>
            </trkpt>
            <trkpt lat="50.655589" lon="6.416743">
                <ele>433.0</ele>
                <name>Position 176</name>
            </trkpt>
            <trkpt lat="50.65569" lon="6.416459">
                <ele>434.0</ele>
                <name>Position 177</name>
            </trkpt>
            <trkpt lat="50.655886" lon="6.4161">
                <ele>434.0</ele>
                <name>Position 178</name>
            </trkpt>
            <trkpt lat="50.656129" lon="6.41567">
                <ele>434.0</ele>
                <name>Position 179</name>
            </trkpt>
            <trkpt lat="50.656541" lon="6.414142">
                <ele>437.0</ele>
                <name>Position 180</name>
            </trkpt>
            <trkpt lat="50.656791" lon="6.413229">
                <ele>440.0</ele>
                <name>Position 181</name>
            </trkpt>
            <trkpt lat="50.656889" lon="6.413084">
                <ele>439.5</ele>
                <name>Position 182</name>
            </trkpt>
            <trkpt lat="50.657289" lon="6.412848">
                <ele>441.0</ele>
                <name>Position 183</name>
            </trkpt>
            <trkpt lat="50.657502" lon="6.412693">
                <ele>442.0</ele>
                <name>Position 184</name>
            </trkpt>
            <trkpt lat="50.657962" lon="6.411654">
                <ele>447.0</ele>
                <name>Position 185</name>
            </trkpt>
            <trkpt lat="50.658657" lon="6.410373">
                <ele>453.0</ele>
                <name>Position 186</name>
            </trkpt>
            <trkpt lat="50.658876" lon="6.409801">
                <ele>454.5</ele>
                <name>Position 187</name>
            </trkpt>
            <trkpt lat="50.658966" lon="6.409376">
                <ele>455.5</ele>
                <name>Position 188</name>
            </trkpt>
            <trkpt lat="50.659113" lon="6.408692">
                <ele>458.0</ele>
                <name>Position 189</name>
            </trkpt>
            <trkpt lat="50.659133" lon="6.408432">
                <ele>457.8</ele>
                <name>Position 190</name>
            </trkpt>
            <trkpt lat="50.659103" lon="6.40809">
                <ele>458.5</ele>
                <name>Position 191</name>
            </trkpt>
            <trkpt lat="50.659024" lon="6.407884">
                <ele>460.0</ele>
                <name>Position 192</name>
            </trkpt>
            <trkpt lat="50.658849" lon="6.40769">
                <ele>459.8</ele>
                <name>Position 193</name>
            </trkpt>
            <trkpt lat="50.658529" lon="6.40745">
                <ele>462.0</ele>
                <name>Position 194</name>
            </trkpt>
            <trkpt lat="50.658387" lon="6.407304">
                <ele>463.0</ele>
                <name>Position 195</name>
            </trkpt>
            <trkpt lat="50.658197" lon="6.40703">
                <ele>463.0</ele>
                <name>Position 196</name>
            </trkpt>
            <trkpt lat="50.658112" lon="6.406869">
                <ele>462.5</ele>
                <name>Position 197</name>
            </trkpt>
            <trkpt lat="50.658035" lon="6.406688">
                <ele>464.0</ele>
                <name>Position 198</name>
            </trkpt>
            <trkpt lat="50.657998" lon="6.406535">
                <ele>464.0</ele>
                <name>Position 199</name>
            </trkpt>
            <trkpt lat="50.657979" lon="6.406335">
                <ele>463.5</ele>
                <name>Position 200</name>
            </trkpt>
            <trkpt lat="50.657911" lon="6.403361">
                <ele>471.0</ele>
                <name>Position 201</name>
            </trkpt>
            <trkpt lat="50.657876" lon="6.402896">
                <ele>472.0</ele>
                <name>Position 202</name>
            </trkpt>
            <trkpt lat="50.657719" lon="6.401734">
                <ele>474.5</ele>
                <name>Position 203</name>
            </trkpt>
            <trkpt lat="50.65765" lon="6.401226">
                <ele>477.0</ele>
                <name>Position 204</name>
            </trkpt>
            <trkpt lat="50.657609" lon="6.400877">
                <ele>478.0</ele>
                <name>Position 205</name>
            </trkpt>
            <trkpt lat="50.657593" lon="6.400425">
                <ele>480.0</ele>
                <name>Position 206</name>
            </trkpt>
            <trkpt lat="50.65761" lon="6.400172">
                <ele>481.0</ele>
                <name>Position 207</name>
            </trkpt>
            <trkpt lat="50.657667" lon="6.39992">
                <ele>482.0</ele>
                <name>Position 208</name>
            </trkpt>
            <trkpt lat="50.657778" lon="6.39964">
                <ele>482.0</ele>
                <name>Position 209</name>
            </trkpt>
            <trkpt lat="50.65835" lon="6.398605">
                <ele>482.0</ele>
                <name>Position 210</name>
            </trkpt>
            <trkpt lat="50.658027" lon="6.398333">
                <ele>483.3</ele>
                <name>Position 211</name>
            </trkpt>
            <trkpt lat="50.657445" lon="6.397701">
                <ele>487.0</ele>
                <name>Position 212</name>
            </trkpt>
            <trkpt lat="50.656899" lon="6.397041">
                <ele>487.0</ele>
                <name>Position 213</name>
            </trkpt>
            <trkpt lat="50.656602" lon="6.396628">
                <ele>487.8</ele>
                <name>Position 214</name>
            </trkpt>
            <trkpt lat="50.656275" lon="6.396139">
                <ele>487.5</ele>
                <name>Position 215</name>
            </trkpt>
            <trkpt lat="50.655563" lon="6.394878">
                <ele>489.0</ele>
                <name>Position 216</name>
            </trkpt>
            <trkpt lat="50.655325" lon="6.394394">
                <ele>490.0</ele>
                <name>Position 217</name>
            </trkpt>
            <trkpt lat="50.654953" lon="6.393519">
                <ele>491.5</ele>
                <name>Position 218</name>
            </trkpt>
            <trkpt lat="50.654754" lon="6.39296">
                <ele>492.0</ele>
                <name>Position 219</name>
            </trkpt>
            <trkpt lat="50.654374" lon="6.391736">
                <ele>493.0</ele>
                <name>Position 220</name>
            </trkpt>
            <trkpt lat="50.654165" lon="6.390838">
                <ele>494.0</ele>
                <name>Position 221</name>
            </trkpt>
            <trkpt lat="50.653968" lon="6.389791">
                <ele>491.0</ele>
                <name>Position 222</name>
            </trkpt>
            <trkpt lat="50.653862" lon="6.388658">
                <ele>489.0</ele>
                <name>Position 223</name>
            </trkpt>
            <trkpt lat="50.65381" lon="6.387692">
                <ele>485.0</ele>
                <name>Position 224</name>
            </trkpt>
            <trkpt lat="50.653821" lon="6.386476">
                <ele>480.8</ele>
                <name>Position 225</name>
            </trkpt>
            <trkpt lat="50.653956" lon="6.384976">
                <ele>479.0</ele>
                <name>Position 226</name>
            </trkpt>
            <trkpt lat="50.65418" lon="6.383594">
                <ele>480.0</ele>
                <name>Position 227</name>
            </trkpt>
            <trkpt lat="50.654528" lon="6.381986">
                <ele>480.0</ele>
                <name>Position 228</name>
            </trkpt>
            <trkpt lat="50.654775" lon="6.380499">
                <ele>480.5</ele>
                <name>Position 229</name>
            </trkpt>
            <trkpt lat="50.654804" lon="6.379286">
                <ele>482.0</ele>
                <name>Position 230</name>
            </trkpt>
            <trkpt lat="50.654734" lon="6.378472">
                <ele>484.0</ele>
                <name>Position 231</name>
            </trkpt>
            <trkpt lat="50.654574" lon="6.377608">
                <ele>484.3</ele>
                <name>Position 232</name>
            </trkpt>
            <trkpt lat="50.654507" lon="6.37731">
                <ele>484.8</ele>
                <name>Position 233</name>
            </trkpt>
            <trkpt lat="50.654052" lon="6.375665">
                <ele>487.5</ele>
                <name>Position 234</name>
            </trkpt>
            <trkpt lat="50.653796" lon="6.374684">
                <ele>490.5</ele>
                <name>Position 235</name>
            </trkpt>
            <trkpt lat="50.653538" lon="6.373436">
                <ele>498.0</ele>
                <name>Position 236</name>
            </trkpt>
            <trkpt lat="50.653352" lon="6.372074">
                <ele>499.0</ele>
                <name>Position 237</name>
            </trkpt>
            <trkpt lat="50.653221" lon="6.37005">
                <ele>500.0</ele>
                <name>Position 238</name>
            </trkpt>
            <trkpt lat="50.653297" lon="6.368068">
                <ele>503.0</ele>
                <name>Position 239</name>
            </trkpt>
            <trkpt lat="50.653512" lon="6.364915">
                <ele>500.5</ele>
                <name>Position 240</name>
            </trkpt>
            <trkpt lat="50.653442" lon="6.363765">
                <ele>503.0</ele>
                <name>Position 241</name>
            </trkpt>
            <trkpt lat="50.653309" lon="6.363024">
                <ele>503.0</ele>
                <name>Position 242</name>
            </trkpt>
            <trkpt lat="50.652997" lon="6.36202">
                <ele>504.8</ele>
                <name>Position 243</name>
            </trkpt>
            <trkpt lat="50.652697" lon="6.361291">
                <ele>506.0</ele>
                <name>Position 244</name>
            </trkpt>
            <trkpt lat="50.65216" lon="6.360413">
                <ele>505.3</ele>
                <name>Position 245</name>
            </trkpt>
            <trkpt lat="50.651495" lon="6.359474">
                <ele>505.0</ele>
                <name>Position 246</name>
            </trkpt>
            <trkpt lat="50.65035" lon="6.357939">
                <ele>508.5</ele>
                <name>Position 247</name>
            </trkpt>
            <trkpt lat="50.649037" lon="6.356182">
                <ele>509.3</ele>
                <name>Position 248</name>
            </trkpt>
            <trkpt lat="50.646552" lon="6.352921">
                <ele>513.0</ele>
                <name>Position 249</name>
            </trkpt>
            <trkpt lat="50.645681" lon="6.351665">
                <ele>515.5</ele>
                <name>Position 250</name>
            </trkpt>
            <trkpt lat="50.644447" lon="6.34991">
                <ele>520.0</ele>
                <name>Position 251</name>
            </trkpt>
            <trkpt lat="50.643663" lon="6.349074">
                <ele>521.0</ele>
                <name>Position 252</name>
            </trkpt>
            <trkpt lat="50.642766" lon="6.347878">
                <ele>520.0</ele>
                <name>Position 253</name>
            </trkpt>
            <trkpt lat="50.642329" lon="6.347296">
                <ele>519.0</ele>
                <name>Position 254</name>
            </trkpt>
            <trkpt lat="50.641647" lon="6.346499">
                <ele>517.0</ele>
                <name>Position 255</name>
            </trkpt>
            <trkpt lat="50.641142" lon="6.346004">
                <ele>516.0</ele>
                <name>Position 256</name>
            </trkpt>
            <trkpt lat="50.640662" lon="6.345599">
                <ele>516.0</ele>
                <name>Position 257</name>
            </trkpt>
            <trkpt lat="50.640156" lon="6.345262">
                <ele>515.0</ele>
                <name>Position 258</name>
            </trkpt>
            <trkpt lat="50.639349" lon="6.344856">
                <ele>515.0</ele>
                <name>Position 259</name>
            </trkpt>
            <trkpt lat="50.638188" lon="6.344289">
                <ele>516.0</ele>
                <name>Position 260</name>
            </trkpt>
            <trkpt lat="50.635908" lon="6.343205">
                <ele>519.0</ele>
                <name>Position 261</name>
            </trkpt>
            <trkpt lat="50.634047" lon="6.342293">
                <ele>521.8</ele>
                <name>Position 262</name>
            </trkpt>
            <trkpt lat="50.633586" lon="6.341886">
                <ele>523.0</ele>
                <name>Position 263</name>
            </trkpt>
            <trkpt lat="50.632773" lon="6.340871">
                <ele>525.0</ele>
                <name>Position 264</name>
            </trkpt>
            <trkpt lat="50.631743" lon="6.339567">
                <ele>528.0</ele>
                <name>Position 265</name>
            </trkpt>
            <trkpt lat="50.631046" lon="6.339052">
                <ele>529.5</ele>
                <name>Position 266</name>
            </trkpt>
            <trkpt lat="50.630923" lon="6.339002">
                <ele>529.8</ele>
                <name>Position 267</name>
            </trkpt>
            <trkpt lat="50.630459" lon="6.338869">
                <ele>531.0</ele>
                <name>Position 268</name>
            </trkpt>
            <trkpt lat="50.630026" lon="6.338725">
                <ele>531.0</ele>
                <name>Position 269</name>
            </trkpt>
            <trkpt lat="50.629665" lon="6.338445">
                <ele>530.8</ele>
                <name>Position 270</name>
            </trkpt>
            <trkpt lat="50.628879" lon="6.337657">
                <ele>533.0</ele>
                <name>Position 271</name>
            </trkpt>
            <trkpt lat="50.628218" lon="6.33696">
                <ele>535.0</ele>
                <name>Position 272</name>
            </trkpt>
            <trkpt lat="50.628017" lon="6.336817">
                <ele>535.0</ele>
                <name>Position 273</name>
            </trkpt>
            <trkpt lat="50.627733" lon="6.336716">
                <ele>535.0</ele>
                <name>Position 274</name>
            </trkpt>
            <trkpt lat="50.627148" lon="6.336598">
                <ele>533.5</ele>
                <name>Position 275</name>
            </trkpt>
            <trkpt lat="50.626333" lon="6.336222">
                <ele>534.0</ele>
                <name>Position 276</name>
            </trkpt>
            <trkpt lat="50.626086" lon="6.336094">
                <ele>535.0</ele>
                <name>Position 277</name>
            </trkpt>
            <trkpt lat="50.625937" lon="6.335947">
                <ele>535.0</ele>
                <name>Position 278</name>
            </trkpt>
            <trkpt lat="50.625808" lon="6.335768">
                <ele>534.0</ele>
                <name>Position 279</name>
            </trkpt>
            <trkpt lat="50.625222" lon="6.334909">
                <ele>533.0</ele>
                <name>Position 280</name>
            </trkpt>
            <trkpt lat="50.624953" lon="6.334457">
                <ele>531.8</ele>
                <name>Position 281</name>
            </trkpt>
            <trkpt lat="50.624414" lon="6.333454">
                <ele>530.8</ele>
                <name>Position 282</name>
            </trkpt>
            <trkpt lat="50.623731" lon="6.332017">
                <ele>531.0</ele>
                <name>Position 283</name>
            </trkpt>
            <trkpt lat="50.623175" lon="6.330702">
                <ele>529.8</ele>
                <name>Position 284</name>
            </trkpt>
            <trkpt lat="50.622804" lon="6.329704">
                <ele>528.5</ele>
                <name>Position 285</name>
            </trkpt>
            <trkpt lat="50.622663" lon="6.329282">
                <ele>529.0</ele>
                <name>Position 286</name>
            </trkpt>
            <trkpt lat="50.622595" lon="6.328995">
                <ele>528.5</ele>
                <name>Position 287</name>
            </trkpt>
            <trkpt lat="50.622557" lon="6.328642">
                <ele>528.5</ele>
                <name>Position 288</name>
            </trkpt>
            <trkpt lat="50.622525" lon="6.327975">
                <ele>528.8</ele>
                <name>Position 289</name>
            </trkpt>
            <trkpt lat="50.622489" lon="6.327452">
                <ele>530.0</ele>
                <name>Position 290</name>
            </trkpt>
            <trkpt lat="50.62238" lon="6.326501">
                <ele>530.0</ele>
                <name>Position 291</name>
            </trkpt>
            <trkpt lat="50.622221" lon="6.324941">
                <ele>530.0</ele>
                <name>Position 292</name>
            </trkpt>
            <trkpt lat="50.6222088" lon="6.324846">
                <ele>529.5</ele>
                <time>2013-11-11T11:35:41.411Z</time>
                <name>Bikertreff Biker Ranch Eifel</name>
            </trkpt>
            <trkpt lat="50.622158" lon="6.324445">
                <ele>530.0</ele>
                <name>Position 294</name>
            </trkpt>
            <trkpt lat="50.622185" lon="6.324327">
                <ele>530.0</ele>
                <name>Position 295</name>
            </trkpt>
            <trkpt lat="50.622223" lon="6.324184">
                <ele>529.0</ele>
                <name>Position 296</name>
            </trkpt>
            <trkpt lat="50.622188" lon="6.324045">
                <ele>529.0</ele>
                <name>Position 297</name>
            </trkpt>
            <trkpt lat="50.622127" lon="6.323988">
                <ele>530.0</ele>
                <name>Position 298</name>
            </trkpt>
            <trkpt lat="50.622057" lon="6.32399">
                <ele>530.0</ele>
                <name>Position 299</name>
            </trkpt>
            <trkpt lat="50.621767" lon="6.323253">
                <ele>531.0</ele>
                <name>Position 300</name>
            </trkpt>
            <trkpt lat="50.621475" lon="6.322365">
                <ele>530.8</ele>
                <name>Position 301</name>
            </trkpt>
            <trkpt lat="50.621386" lon="6.321957">
                <ele>532.0</ele>
                <name>Position 302</name>
            </trkpt>
            <trkpt lat="50.621255" lon="6.32084">
                <ele>532.0</ele>
                <name>Position 303</name>
            </trkpt>
            <trkpt lat="50.621183" lon="6.320442">
                <ele>531.0</ele>
                <name>Position 304</name>
            </trkpt>
            <trkpt lat="50.621047" lon="6.320014">
                <ele>531.0</ele>
                <name>Position 305</name>
            </trkpt>
            <trkpt lat="50.62082" lon="6.319641">
                <ele>530.5</ele>
                <name>Position 306</name>
            </trkpt>
            <trkpt lat="50.620593" lon="6.319319">
                <ele>532.0</ele>
                <name>Position 307</name>
            </trkpt>
            <trkpt lat="50.620268" lon="6.318696">
                <ele>533.0</ele>
                <name>Position 308</name>
            </trkpt>
            <trkpt lat="50.619167" lon="6.316947">
                <ele>538.0</ele>
                <name>Position 309</name>
            </trkpt>
            <trkpt lat="50.6184" lon="6.31576">
                <ele>537.0</ele>
                <name>Position 310</name>
            </trkpt>
            <trkpt lat="50.617911" lon="6.315085">
                <ele>538.0</ele>
                <name>Position 311</name>
            </trkpt>
            <trkpt lat="50.617488" lon="6.314531">
                <ele>538.0</ele>
                <name>Position 312</name>
            </trkpt>
            <trkpt lat="50.616669" lon="6.31375">
                <ele>538.0</ele>
                <name>Position 313</name>
            </trkpt>
            <trkpt lat="50.616227" lon="6.313309">
                <ele>540.0</ele>
                <name>Position 314</name>
            </trkpt>
            <trkpt lat="50.616014" lon="6.312851">
                <ele>541.0</ele>
                <name>Position 315</name>
            </trkpt>
            <trkpt lat="50.615673" lon="6.311961">
                <ele>540.0</ele>
                <name>Position 316</name>
            </trkpt>
            <trkpt lat="50.615491" lon="6.311604">
                <ele>539.0</ele>
                <name>Position 317</name>
            </trkpt>
            <trkpt lat="50.615269" lon="6.311293">
                <ele>539.0</ele>
                <name>Position 318</name>
            </trkpt>
            <trkpt lat="50.61496" lon="6.310961">
                <ele>538.0</ele>
                <name>Position 319</name>
            </trkpt>
            <trkpt lat="50.614438" lon="6.310607">
                <ele>537.0</ele>
                <name>Position 320</name>
            </trkpt>
            <trkpt lat="50.613495" lon="6.309922">
                <ele>533.0</ele>
                <name>Position 321</name>
            </trkpt>
            <trkpt lat="50.613187" lon="6.309635">
                <ele>533.0</ele>
                <name>Position 322</name>
            </trkpt>
            <trkpt lat="50.612904" lon="6.309381">
                <ele>532.0</ele>
                <name>Position 323</name>
            </trkpt>
            <trkpt lat="50.612444" lon="6.309146">
                <ele>530.0</ele>
                <name>Position 324</name>
            </trkpt>
            <trkpt lat="50.611862" lon="6.308831">
                <ele>527.5</ele>
                <name>Position 325</name>
            </trkpt>
            <trkpt lat="50.611515" lon="6.308538">
                <ele>526.5</ele>
                <name>Position 326</name>
            </trkpt>
            <trkpt lat="50.61119" lon="6.308202">
                <ele>525.8</ele>
                <name>Position 327</name>
            </trkpt>
            <trkpt lat="50.611049" lon="6.307978">
                <ele>526.0</ele>
                <name>Position 328</name>
            </trkpt>
            <trkpt lat="50.610772" lon="6.307444">
                <ele>524.0</ele>
                <name>Position 329</name>
            </trkpt>
            <trkpt lat="50.610548" lon="6.306931">
                <ele>522.5</ele>
                <name>Position 330</name>
            </trkpt>
            <trkpt lat="50.610234" lon="6.306144">
                <ele>523.0</ele>
                <name>Position 331</name>
            </trkpt>
            <trkpt lat="50.609774" lon="6.304991">
                <ele>525.0</ele>
                <name>Position 332</name>
            </trkpt>
            <trkpt lat="50.609194" lon="6.303611">
                <ele>531.0</ele>
                <name>Position 333</name>
            </trkpt>
            <trkpt lat="50.60901" lon="6.303118">
                <ele>532.5</ele>
                <name>Position 334</name>
            </trkpt>
            <trkpt lat="50.608982" lon="6.302877">
                <ele>535.0</ele>
                <name>Position 335</name>
            </trkpt>
            <trkpt lat="50.609039" lon="6.302498">
                <ele>536.0</ele>
                <name>Position 336</name>
            </trkpt>
            <trkpt lat="50.609118" lon="6.302206">
                <ele>536.0</ele>
                <name>Position 337</name>
            </trkpt>
            <trkpt lat="50.609156" lon="6.301978">
                <ele>536.0</ele>
                <name>Position 338</name>
            </trkpt>
            <trkpt lat="50.609193" lon="6.301838">
                <ele>535.5</ele>
                <name>Position 339</name>
            </trkpt>
            <trkpt lat="50.609235" lon="6.301698">
                <ele>535.5</ele>
                <name>Position 340</name>
            </trkpt>
            <trkpt lat="50.609209" lon="6.301568">
                <ele>535.5</ele>
                <name>Position 341</name>
            </trkpt>
            <trkpt lat="50.609148" lon="6.3015">
                <ele>537.0</ele>
                <name>Position 342</name>
            </trkpt>
            <trkpt lat="50.609074" lon="6.301496">
                <ele>537.0</ele>
                <name>Position 343</name>
            </trkpt>
            <trkpt lat="50.609011" lon="6.301559">
                <ele>536.5</ele>
                <name>Position 344</name>
            </trkpt>
            <trkpt lat="50.608981" lon="6.301668">
                <ele>536.8</ele>
                <name>Position 345</name>
            </trkpt>
            <trkpt lat="50.608995" lon="6.301784">
                <ele>536.5</ele>
                <name>Position 346</name>
            </trkpt>
            <trkpt lat="50.608485" lon="6.302195">
                <ele>539.0</ele>
                <name>Position 347</name>
            </trkpt>
            <trkpt lat="50.608334" lon="6.302258">
                <ele>538.5</ele>
                <name>Position 348</name>
            </trkpt>
            <trkpt lat="50.608158" lon="6.302263">
                <ele>540.0</ele>
                <name>Position 349</name>
            </trkpt>
            <trkpt lat="50.608002" lon="6.302225">
                <ele>541.0</ele>
                <name>Position 350</name>
            </trkpt>
            <trkpt lat="50.607674" lon="6.301944">
                <ele>543.0</ele>
                <name>Position 351</name>
            </trkpt>
            <trkpt lat="50.607133" lon="6.301354">
                <ele>544.0</ele>
                <name>Position 352</name>
            </trkpt>
            <trkpt lat="50.606722" lon="6.300885">
                <ele>544.0</ele>
                <name>Position 353</name>
            </trkpt>
            <trkpt lat="50.606586" lon="6.300748">
                <ele>545.0</ele>
                <name>Position 354</name>
            </trkpt>
            <trkpt lat="50.606368" lon="6.300518">
                <ele>545.0</ele>
                <name>Position 355</name>
            </trkpt>
            <trkpt lat="50.606261" lon="6.30042">
                <ele>545.0</ele>
                <name>Position 356</name>
            </trkpt>
            <trkpt lat="50.606019" lon="6.300203">
                <ele>544.5</ele>
                <name>Position 357</name>
            </trkpt>
            <trkpt lat="50.60584" lon="6.300044">
                <ele>544.8</ele>
                <name>Position 358</name>
            </trkpt>
            <trkpt lat="50.605304" lon="6.299562">
                <ele>544.5</ele>
                <name>Position 359</name>
            </trkpt>
            <trkpt lat="50.605159" lon="6.299409">
                <ele>544.5</ele>
                <name>Position 360</name>
            </trkpt>
            <trkpt lat="50.603939" lon="6.298276">
                <ele>546.0</ele>
                <name>Position 361</name>
            </trkpt>
            <trkpt lat="50.603363" lon="6.297744">
                <ele>546.0</ele>
                <name>Position 362</name>
            </trkpt>
            <trkpt lat="50.602964" lon="6.297369">
                <ele>547.0</ele>
                <name>Position 363</name>
            </trkpt>
            <trkpt lat="50.602314" lon="6.296778">
                <ele>547.5</ele>
                <name>Position 364</name>
            </trkpt>
            <trkpt lat="50.601784" lon="6.296262">
                <ele>548.0</ele>
                <name>Position 365</name>
            </trkpt>
            <trkpt lat="50.601516" lon="6.295991">
                <ele>547.8</ele>
                <name>Position 366</name>
            </trkpt>
            <trkpt lat="50.601271" lon="6.295717">
                <ele>548.0</ele>
                <name>Position 367</name>
            </trkpt>
            <trkpt lat="50.600726" lon="6.295128">
                <ele>547.0</ele>
                <name>Position 368</name>
            </trkpt>
            <trkpt lat="50.600514" lon="6.294986">
                <ele>547.0</ele>
                <name>Position 369</name>
            </trkpt>
            <trkpt lat="50.600501" lon="6.294912">
                <ele>547.0</ele>
                <name>Position 370</name>
            </trkpt>
            <trkpt lat="50.600478" lon="6.294795">
                <ele>547.0</ele>
                <name>Position 371</name>
            </trkpt>
            <trkpt lat="50.600416" lon="6.294731">
                <ele>547.0</ele>
                <name>Position 372</name>
            </trkpt>
            <trkpt lat="50.600347" lon="6.294736">
                <ele>546.0</ele>
                <name>Position 373</name>
            </trkpt>
            <trkpt lat="50.600298" lon="6.294737">
                <ele>546.0</ele>
                <name>Position 374</name>
            </trkpt>
            <trkpt lat="50.600187" lon="6.294554">
                <ele>546.0</ele>
                <name>Position 375</name>
            </trkpt>
            <trkpt lat="50.600043" lon="6.294334">
                <ele>546.0</ele>
                <name>Position 376</name>
            </trkpt>
            <trkpt lat="50.597927" lon="6.291931">
                <ele>548.0</ele>
                <name>Position 377</name>
            </trkpt>
            <trkpt lat="50.597433" lon="6.291366">
                <ele>547.0</ele>
                <name>Position 378</name>
            </trkpt>
            <trkpt lat="50.59717" lon="6.291063">
                <ele>548.0</ele>
                <name>Position 379</name>
            </trkpt>
            <trkpt lat="50.593451" lon="6.286862">
                <ele>553.0</ele>
                <name>Position 380</name>
            </trkpt>
            <trkpt lat="50.592674" lon="6.285976">
                <ele>554.0</ele>
                <name>Position 381</name>
            </trkpt>
            <trkpt lat="50.592445" lon="6.285647">
                <ele>553.0</ele>
                <name>Position 382</name>
            </trkpt>
            <trkpt lat="50.592194" lon="6.285258">
                <ele>552.0</ele>
                <name>Position 383</name>
            </trkpt>
            <trkpt lat="50.591307" lon="6.283792">
                <ele>546.8</ele>
                <name>Position 384</name>
            </trkpt>
            <trkpt lat="50.589903" lon="6.281395">
                <ele>540.0</ele>
                <name>Position 385</name>
            </trkpt>
            <trkpt lat="50.589743" lon="6.28111">
                <ele>540.0</ele>
                <name>Position 386</name>
            </trkpt>
            <trkpt lat="50.587155" lon="6.276688">
                <ele>531.5</ele>
                <name>Position 387</name>
            </trkpt>
            <trkpt lat="50.586209" lon="6.274883">
                <ele>526.8</ele>
                <name>Position 388</name>
            </trkpt>
            <trkpt lat="50.586081" lon="6.274626">
                <ele>525.8</ele>
                <name>Position 389</name>
            </trkpt>
            <trkpt lat="50.584321" lon="6.271183">
                <ele>519.8</ele>
                <name>Position 390</name>
            </trkpt>
            <trkpt lat="50.583859" lon="6.270629">
                <ele>522.5</ele>
                <name>Position 391</name>
            </trkpt>
            <trkpt lat="50.583128" lon="6.270053">
                <ele>528.0</ele>
                <name>Position 392</name>
            </trkpt>
            <trkpt lat="50.582485" lon="6.269714">
                <ele>532.0</ele>
                <name>Position 393</name>
            </trkpt>
            <trkpt lat="50.581629" lon="6.269274">
                <ele>534.0</ele>
                <name>Position 394</name>
            </trkpt>
            <trkpt lat="50.581404" lon="6.269107">
                <ele>534.8</ele>
                <name>Position 395</name>
            </trkpt>
            <trkpt lat="50.581336" lon="6.269058">
                <ele>535.0</ele>
                <name>Position 396</name>
            </trkpt>
            <trkpt lat="50.581359" lon="6.268919">
                <ele>535.0</ele>
                <name>Position 397</name>
            </trkpt>
            <trkpt lat="50.581326" lon="6.268784">
                <ele>536.0</ele>
                <name>Position 398</name>
            </trkpt>
            <trkpt lat="50.581249" lon="6.268703">
                <ele>535.5</ele>
                <name>Position 399</name>
            </trkpt>
            <trkpt lat="50.581156" lon="6.268707">
                <ele>535.8</ele>
                <name>Position 400</name>
            </trkpt>
            <trkpt lat="50.581082" lon="6.268798">
                <ele>537.0</ele>
                <name>Position 401</name>
            </trkpt>
            <trkpt lat="50.580615" lon="6.268251">
                <ele>538.5</ele>
                <name>Position 402</name>
            </trkpt>
            <trkpt lat="50.577924" lon="6.264529">
                <ele>551.8</ele>
                <name>Position 403</name>
            </trkpt>
            <trkpt lat="50.577124" lon="6.263437">
                <ele>555.8</ele>
                <name>Position 404</name>
            </trkpt>
            <trkpt lat="50.576315" lon="6.262385">
                <ele>558.0</ele>
                <name>Position 405</name>
            </trkpt>
            <trkpt lat="50.576231" lon="6.262266">
                <ele>558.0</ele>
                <name>Position 406</name>
            </trkpt>
            <trkpt lat="50.576199" lon="6.262127">
                <ele>558.0</ele>
                <name>Position 407</name>
            </trkpt>
            <trkpt lat="50.576177" lon="6.262012">
                <ele>558.0</ele>
                <name>Position 408</name>
            </trkpt>
            <trkpt lat="50.57622" lon="6.261887">
                <ele>558.0</ele>
                <name>Position 409</name>
            </trkpt>
            <trkpt lat="50.576222" lon="6.261778">
                <ele>558.0</ele>
                <name>Position 410</name>
            </trkpt>
            <trkpt lat="50.576186" lon="6.261704">
                <ele>558.0</ele>
                <name>Position 411</name>
            </trkpt>
            <trkpt lat="50.576116" lon="6.261643">
                <ele>558.0</ele>
                <name>Position 412</name>
            </trkpt>
            <trkpt lat="50.576054" lon="6.261645">
                <ele>558.0</ele>
                <name>Position 413</name>
            </trkpt>
            <trkpt lat="50.576005" lon="6.261677">
                <ele>557.5</ele>
                <name>Position 414</name>
            </trkpt>
            <trkpt lat="50.575959" lon="6.261805">
                <ele>557.5</ele>
                <name>Position 415</name>
            </trkpt>
            <trkpt lat="50.575894" lon="6.261981">
                <ele>559.0</ele>
                <name>Position 416</name>
            </trkpt>
            <trkpt lat="50.575837" lon="6.262082">
                <ele>559.0</ele>
                <name>Position 417</name>
            </trkpt>
            <trkpt lat="50.575508" lon="6.26227">
                <ele>559.0</ele>
                <name>Position 418</name>
            </trkpt>
            <trkpt lat="50.57535" lon="6.262386">
                <ele>558.0</ele>
                <name>Position 419</name>
            </trkpt>
            <trkpt lat="50.575304" lon="6.262418">
                <ele>558.0</ele>
                <name>Position 420</name>
            </trkpt>
            <trkpt lat="50.574886" lon="6.262631">
                <ele>558.0</ele>
                <name>Position 421</name>
            </trkpt>
            <trkpt lat="50.574606" lon="6.262803">
                <ele>557.5</ele>
                <name>Position 422</name>
            </trkpt>
            <trkpt lat="50.574394" lon="6.262963">
                <ele>556.8</ele>
                <name>Position 423</name>
            </trkpt>
            <trkpt lat="50.574172" lon="6.26314">
                <ele>557.0</ele>
                <name>Position 424</name>
            </trkpt>
            <trkpt lat="50.573883" lon="6.263357">
                <ele>556.0</ele>
                <name>Position 425</name>
            </trkpt>
            <trkpt lat="50.573688" lon="6.263491">
                <ele>556.0</ele>
                <name>Position 426</name>
            </trkpt>
            <trkpt lat="50.573385" lon="6.263675">
                <ele>555.0</ele>
                <name>Position 427</name>
            </trkpt>
            <trkpt lat="50.572936" lon="6.263954">
                <ele>554.0</ele>
                <name>Position 428</name>
            </trkpt>
            <trkpt lat="50.572604" lon="6.264163">
                <ele>552.0</ele>
                <name>Position 429</name>
            </trkpt>
            <trkpt lat="50.572256" lon="6.264397">
                <ele>550.0</ele>
                <name>Position 430</name>
            </trkpt>
            <trkpt lat="50.571957" lon="6.264571">
                <ele>549.3</ele>
                <name>Position 431</name>
            </trkpt>
            <trkpt lat="50.57171" lon="6.264614">
                <ele>548.0</ele>
                <name>Position 432</name>
            </trkpt>
            <trkpt lat="50.57139" lon="6.264659">
                <ele>546.5</ele>
                <name>Position 433</name>
            </trkpt>
            <trkpt lat="50.571296" lon="6.264675">
                <ele>546.0</ele>
                <name>Position 434</name>
            </trkpt>
            <trkpt lat="50.571223" lon="6.264688">
                <ele>545.5</ele>
                <name>Position 435</name>
            </trkpt>
            <trkpt lat="50.571158" lon="6.264678">
                <ele>545.3</ele>
                <name>Position 436</name>
            </trkpt>
            <trkpt lat="50.571029" lon="6.26463">
                <ele>544.5</ele>
                <name>Position 437</name>
            </trkpt>
            <trkpt lat="50.570917" lon="6.264562">
                <ele>543.8</ele>
                <name>Position 438</name>
            </trkpt>
            <trkpt lat="50.570174" lon="6.26384">
                <ele>540.0</ele>
                <name>Position 439</name>
            </trkpt>
            <trkpt lat="50.57011" lon="6.263781">
                <ele>540.0</ele>
                <name>Position 440</name>
            </trkpt>
            <trkpt lat="50.569863" lon="6.263541">
                <ele>537.5</ele>
                <name>Position 441</name>
            </trkpt>
            <trkpt lat="50.569641" lon="6.263319">
                <ele>537.0</ele>
                <name>Position 442</name>
            </trkpt>
            <trkpt lat="50.569381" lon="6.26306">
                <ele>535.0</ele>
                <name>Position 443</name>
            </trkpt>
            <trkpt lat="50.569186" lon="6.262876">
                <ele>534.0</ele>
                <name>Position 444</name>
            </trkpt>
            <trkpt lat="50.568596" lon="6.262296">
                <ele>529.8</ele>
                <name>Position 445</name>
            </trkpt>
            <trkpt lat="50.568431" lon="6.262094">
                <ele>528.8</ele>
                <name>Position 446</name>
            </trkpt>
            <trkpt lat="50.568281" lon="6.261852">
                <ele>527.0</ele>
                <name>Position 447</name>
            </trkpt>
            <trkpt lat="50.568118" lon="6.261482">
                <ele>526.0</ele>
                <name>Position 448</name>
            </trkpt>
            <trkpt lat="50.568043" lon="6.261222">
                <ele>526.3</ele>
                <name>Position 449</name>
            </trkpt>
            <trkpt lat="50.567941" lon="6.26092">
                <ele>526.0</ele>
                <name>Position 450</name>
            </trkpt>
            <trkpt lat="50.567848" lon="6.260694">
                <ele>525.5</ele>
                <name>Position 451</name>
            </trkpt>
            <trkpt lat="50.566413" lon="6.25508">
                <ele>526.0</ele>
                <name>Position 452</name>
            </trkpt>
            <trkpt lat="50.5663" lon="6.254599">
                <ele>525.5</ele>
                <name>Position 453</name>
            </trkpt>
            <trkpt lat="50.566176" lon="6.254091">
                <ele>525.8</ele>
                <name>Position 454</name>
            </trkpt>
            <trkpt lat="50.565692" lon="6.252208">
                <ele>527.0</ele>
                <name>Position 455</name>
            </trkpt>
            <trkpt lat="50.565535" lon="6.251366">
                <ele>525.0</ele>
                <name>Position 456</name>
            </trkpt>
            <trkpt lat="50.565506" lon="6.250354">
                <ele>521.5</ele>
                <name>Position 457</name>
            </trkpt>
            <trkpt lat="50.565509" lon="6.249493">
                <ele>520.0</ele>
                <name>Position 458</name>
            </trkpt>
            <trkpt lat="50.565561" lon="6.249142">
                <ele>517.5</ele>
                <name>Position 459</name>
            </trkpt>
            <trkpt lat="50.56566" lon="6.248923">
                <ele>517.0</ele>
                <name>Position 460</name>
            </trkpt>
            <trkpt lat="50.565993" lon="6.248515">
                <ele>515.0</ele>
                <name>Position 461</name>
            </trkpt>
            <trkpt lat="50.566173" lon="6.248093">
                <ele>512.8</ele>
                <name>Position 462</name>
            </trkpt>
            <trkpt lat="50.566238" lon="6.247583">
                <ele>511.0</ele>
                <name>Position 463</name>
            </trkpt>
            <trkpt lat="50.566181" lon="6.246815">
                <ele>508.5</ele>
                <name>Position 464</name>
            </trkpt>
            <trkpt lat="50.566131" lon="6.246566">
                <ele>508.0</ele>
                <name>Position 465</name>
            </trkpt>
            <trkpt lat="50.566096" lon="6.246483">
                <ele>508.0</ele>
                <name>Position 466</name>
            </trkpt>
            <trkpt lat="50.566062" lon="6.246429">
                <ele>506.5</ele>
                <name>Position 467</name>
            </trkpt>
            <trkpt lat="50.565934" lon="6.246309">
                <ele>506.0</ele>
                <name>Position 468</name>
            </trkpt>
            <trkpt lat="50.565781" lon="6.24624">
                <ele>506.0</ele>
                <name>Position 469</name>
            </trkpt>
            <trkpt lat="50.565646" lon="6.246162">
                <ele>507.0</ele>
                <name>Position 470</name>
            </trkpt>
            <trkpt lat="50.56557" lon="6.24607">
                <ele>507.0</ele>
                <name>Position 471</name>
            </trkpt>
            <trkpt lat="50.565515" lon="6.24592">
                <ele>507.0</ele>
                <name>Position 472</name>
            </trkpt>
            <trkpt lat="50.565493" lon="6.245773">
                <ele>507.0</ele>
                <name>Position 473</name>
            </trkpt>
            <trkpt lat="50.565498" lon="6.245631">
                <ele>506.0</ele>
                <name>Position 474</name>
            </trkpt>
            <trkpt lat="50.56554" lon="6.245476">
                <ele>505.0</ele>
                <name>Position 475</name>
            </trkpt>
            <trkpt lat="50.565618" lon="6.245351">
                <ele>502.8</ele>
                <name>Position 476</name>
            </trkpt>
            <trkpt lat="50.565819" lon="6.245183">
                <ele>499.8</ele>
                <name>Position 477</name>
            </trkpt>
            <trkpt lat="50.56597" lon="6.245051">
                <ele>501.0</ele>
                <name>Position 478</name>
            </trkpt>
            <trkpt lat="50.566045" lon="6.244909">
                <ele>501.0</ele>
                <name>Position 479</name>
            </trkpt>
            <trkpt lat="50.566081" lon="6.244723">
                <ele>500.0</ele>
                <name>Position 480</name>
            </trkpt>
            <trkpt lat="50.566079" lon="6.24455">
                <ele>499.0</ele>
                <name>Position 481</name>
            </trkpt>
            <trkpt lat="50.566036" lon="6.244372">
                <ele>497.0</ele>
                <name>Position 482</name>
            </trkpt>
            <trkpt lat="50.565962" lon="6.244238">
                <ele>495.0</ele>
                <name>Position 483</name>
            </trkpt>
            <trkpt lat="50.565868" lon="6.244161">
                <ele>493.0</ele>
                <name>Position 484</name>
            </trkpt>
            <trkpt lat="50.565601" lon="6.244073">
                <ele>496.3</ele>
                <name>Position 485</name>
            </trkpt>
            <trkpt lat="50.565524" lon="6.243986">
                <ele>496.0</ele>
                <name>Position 486</name>
            </trkpt>
            <trkpt lat="50.56545" lon="6.243838">
                <ele>496.8</ele>
                <name>Position 487</name>
            </trkpt>
            <trkpt lat="50.565418" lon="6.243674">
                <ele>496.3</ele>
                <name>Position 488</name>
            </trkpt>
            <trkpt lat="50.565424" lon="6.243504">
                <ele>495.3</ele>
                <name>Position 489</name>
            </trkpt>
            <trkpt lat="50.565467" lon="6.243342">
                <ele>493.8</ele>
                <name>Position 490</name>
            </trkpt>
            <trkpt lat="50.565552" lon="6.24321">
                <ele>492.0</ele>
                <name>Position 491</name>
            </trkpt>
            <trkpt lat="50.565805" lon="6.24303">
                <ele>488.0</ele>
                <name>Position 492</name>
            </trkpt>
            <trkpt lat="50.565906" lon="6.242937">
                <ele>488.0</ele>
                <name>Position 493</name>
            </trkpt>
            <trkpt lat="50.565967" lon="6.242792">
                <ele>488.0</ele>
                <name>Position 494</name>
            </trkpt>
            <trkpt lat="50.565988" lon="6.242661">
                <ele>488.0</ele>
                <name>Position 495</name>
            </trkpt>
            <trkpt lat="50.565985" lon="6.242474">
                <ele>486.0</ele>
                <name>Position 496</name>
            </trkpt>
            <trkpt lat="50.565938" lon="6.242115">
                <ele>481.0</ele>
                <name>Position 497</name>
            </trkpt>
            <trkpt lat="50.5658" lon="6.241276">
                <ele>474.0</ele>
                <name>Position 498</name>
            </trkpt>
            <trkpt lat="50.565737" lon="6.240725">
                <ele>473.0</ele>
                <name>Position 499</name>
            </trkpt>
            <trkpt lat="50.565742" lon="6.240587">
                <ele>474.0</ele>
                <name>Position 500</name>
            </trkpt>
            <trkpt lat="50.565767" lon="6.24053">
                <ele>474.0</ele>
                <name>Position 501</name>
            </trkpt>
            <trkpt lat="50.565806" lon="6.240469">
                <ele>475.0</ele>
                <name>Position 502</name>
            </trkpt>
            <trkpt lat="50.565825" lon="6.24039">
                <ele>476.0</ele>
                <name>Position 503</name>
            </trkpt>
            <trkpt lat="50.565823" lon="6.240302">
                <ele>477.0</ele>
                <name>Position 504</name>
            </trkpt>
            <trkpt lat="50.565804" lon="6.240227">
                <ele>477.0</ele>
                <name>Position 505</name>
            </trkpt>
            <trkpt lat="50.565768" lon="6.240179">
                <ele>477.0</ele>
                <name>Position 506</name>
            </trkpt>
            <trkpt lat="50.565723" lon="6.240149">
                <ele>477.3</ele>
                <name>Position 507</name>
            </trkpt>
            <trkpt lat="50.565674" lon="6.240146">
                <ele>476.0</ele>
                <name>Position 508</name>
            </trkpt>
            <trkpt lat="50.565599" lon="6.240048">
                <ele>475.3</ele>
                <name>Position 509</name>
            </trkpt>
            <trkpt lat="50.565372" lon="6.239679">
                <ele>476.5</ele>
                <name>Position 510</name>
            </trkpt>
            <trkpt lat="50.565133" lon="6.239342">
                <ele>478.0</ele>
                <name>Position 511</name>
            </trkpt>
            <trkpt lat="50.564968" lon="6.239187">
                <ele>478.0</ele>
                <name>Position 512</name>
            </trkpt>
            <trkpt lat="50.564686" lon="6.238889">
                <ele>481.0</ele>
                <name>Position 513</name>
            </trkpt>
            <trkpt lat="50.563782" lon="6.238084">
                <ele>481.3</ele>
                <name>Position 514</name>
            </trkpt>
            <trkpt lat="50.563586" lon="6.237863">
                <ele>481.3</ele>
                <name>Position 515</name>
            </trkpt>
            <trkpt lat="50.563347" lon="6.237487">
                <ele>480.0</ele>
                <name>Position 516</name>
            </trkpt>
            <trkpt lat="50.562891" lon="6.236697">
                <ele>479.0</ele>
                <name>Position 517</name>
            </trkpt>
            <trkpt lat="50.562659" lon="6.236343">
                <ele>481.0</ele>
                <name>Position 518</name>
            </trkpt>
            <trkpt lat="50.562391" lon="6.236069">
                <ele>482.0</ele>
                <name>Position 519</name>
            </trkpt>
            <trkpt lat="50.56204" lon="6.235846">
                <ele>482.8</ele>
                <name>Position 520</name>
            </trkpt>
            <trkpt lat="50.561585" lon="6.235641">
                <ele>483.0</ele>
                <name>Position 521</name>
            </trkpt>
            <trkpt lat="50.561319" lon="6.235626">
                <ele>484.3</ele>
                <name>Position 522</name>
            </trkpt>
            <trkpt lat="50.56087" lon="6.235718">
                <ele>481.0</ele>
                <name>Position 523</name>
            </trkpt>
            <trkpt lat="50.560417" lon="6.235824">
                <ele>483.0</ele>
                <name>Position 524</name>
            </trkpt>
            <trkpt lat="50.560195" lon="6.235915">
                <ele>484.0</ele>
                <name>Position 525</name>
            </trkpt>
            <trkpt lat="50.56002" lon="6.236036">
                <ele>482.0</ele>
                <name>Position 526</name>
            </trkpt>
            <trkpt lat="50.559371" lon="6.236617">
                <ele>481.0</ele>
                <name>Position 527</name>
            </trkpt>
            <trkpt lat="50.559038" lon="6.236903">
                <ele>481.0</ele>
                <name>Position 528</name>
            </trkpt>
            <trkpt lat="50.558823" lon="6.237133">
                <ele>480.5</ele>
                <name>Position 529</name>
            </trkpt>
            <trkpt lat="50.558094" lon="6.238111">
                <ele>473.0</ele>
                <name>Position 530</name>
            </trkpt>
            <trkpt lat="50.557857" lon="6.238313">
                <ele>470.0</ele>
                <name>Position 531</name>
            </trkpt>
            <trkpt lat="50.557755" lon="6.238322">
                <ele>470.5</ele>
                <name>Position 532</name>
            </trkpt>
            <trkpt lat="50.557522" lon="6.238269">
                <ele>476.0</ele>
                <name>Position 533</name>
            </trkpt>
            <trkpt lat="50.557107" lon="6.238156">
                <ele>477.0</ele>
                <name>Position 534</name>
            </trkpt>
            <trkpt lat="50.55674" lon="6.238075">
                <ele>477.0</ele>
                <name>Position 535</name>
            </trkpt>
            <trkpt lat="50.555739" lon="6.238068">
                <ele>473.0</ele>
                <name>Position 536</name>
            </trkpt>
            <trkpt lat="50.55574" lon="6.238068">
                <ele>473.0</ele>
                <name>Position 537</name>
            </trkpt>
            <trkpt lat="50.555498" lon="6.238059">
                <ele>474.0</ele>
                <name>Position 538</name>
            </trkpt>
            <trkpt lat="50.555114" lon="6.238074">
                <ele>474.0</ele>
                <name>Position 539</name>
            </trkpt>
            <trkpt lat="50.554844" lon="6.238113">
                <ele>469.0</ele>
                <name>Position 540</name>
            </trkpt>
            <trkpt lat="50.554621" lon="6.238136">
                <ele>463.0</ele>
                <name>Position 541</name>
            </trkpt>
            <trkpt lat="50.554502" lon="6.238123">
                <ele>460.0</ele>
                <name>Position 542</name>
            </trkpt>
            <trkpt lat="50.554384" lon="6.238045">
                <ele>458.0</ele>
                <name>Position 543</name>
            </trkpt>
            <trkpt lat="50.554298" lon="6.237912">
                <ele>456.0</ele>
                <name>Position 544</name>
            </trkpt>
            <trkpt lat="50.554248" lon="6.237706">
                <ele>454.8</ele>
                <name>Position 545</name>
            </trkpt>
            <trkpt lat="50.554238" lon="6.237488">
                <ele>456.0</ele>
                <name>Position 546</name>
            </trkpt>
            <trkpt lat="50.554297" lon="6.236482">
                <ele>460.8</ele>
                <name>Position 547</name>
            </trkpt>
            <trkpt lat="50.554306" lon="6.236196">
                <ele>461.8</ele>
                <name>Position 548</name>
            </trkpt>
            <trkpt lat="50.554282" lon="6.235839">
                <ele>461.0</ele>
                <name>Position 549</name>
            </trkpt>
            <trkpt lat="50.554212" lon="6.235437">
                <ele>459.0</ele>
                <name>Position 550</name>
            </trkpt>
            <trkpt lat="50.554066" lon="6.234839">
                <ele>455.0</ele>
                <name>Position 551</name>
            </trkpt>
            <trkpt lat="50.553895" lon="6.234132">
                <ele>452.0</ele>
                <name>Position 552</name>
            </trkpt>
            <trkpt lat="50.553881" lon="6.23395">
                <ele>452.0</ele>
                <name>Position 553</name>
            </trkpt>
            <trkpt lat="50.553902" lon="6.233745">
                <ele>452.0</ele>
                <name>Position 554</name>
            </trkpt>
            <trkpt lat="50.554102" lon="6.233017">
                <ele>454.0</ele>
                <name>Position 555</name>
            </trkpt>
            <trkpt lat="50.554408" lon="6.231901">
                <ele>455.0</ele>
                <name>Position 556</name>
            </trkpt>
            <trkpt lat="50.554459" lon="6.231569">
                <ele>455.3</ele>
                <name>Position 557</name>
            </trkpt>
            <trkpt lat="50.554449" lon="6.231406">
                <ele>455.0</ele>
                <name>Position 558</name>
            </trkpt>
            <trkpt lat="50.554405" lon="6.231271">
                <ele>455.0</ele>
                <name>Position 559</name>
            </trkpt>
            <trkpt lat="50.554328" lon="6.231161">
                <ele>455.0</ele>
                <name>Position 560</name>
            </trkpt>
            <trkpt lat="50.554195" lon="6.231068">
                <ele>455.0</ele>
                <name>Position 561</name>
            </trkpt>
            <trkpt lat="50.554033" lon="6.231093">
                <ele>459.0</ele>
                <name>Position 562</name>
            </trkpt>
            <trkpt lat="50.553912" lon="6.231238">
                <ele>461.0</ele>
                <name>Position 563</name>
            </trkpt>
            <trkpt lat="50.553659" lon="6.231901">
                <ele>459.5</ele>
                <name>Position 564</name>
            </trkpt>
            <trkpt lat="50.553482" lon="6.232334">
                <ele>456.0</ele>
                <name>Position 565</name>
            </trkpt>
            <trkpt lat="50.553156" lon="6.232955">
                <ele>448.3</ele>
                <name>Position 566</name>
            </trkpt>
            <trkpt lat="50.552902" lon="6.233375">
                <ele>443.0</ele>
                <name>Position 567</name>
            </trkpt>
            <trkpt lat="50.552716" lon="6.233636">
                <ele>439.0</ele>
                <name>Position 568</name>
            </trkpt>
            <trkpt lat="50.552555" lon="6.233798">
                <ele>436.0</ele>
                <name>Position 569</name>
            </trkpt>
            <trkpt lat="50.552379" lon="6.2339">
                <ele>434.0</ele>
                <name>Position 570</name>
            </trkpt>
            <trkpt lat="50.552276" lon="6.23393">
                <ele>433.0</ele>
                <name>Position 571</name>
            </trkpt>
            <trkpt lat="50.552154" lon="6.233943">
                <ele>432.0</ele>
                <name>Position 572</name>
            </trkpt>
            <trkpt lat="50.552061" lon="6.233936">
                <ele>433.0</ele>
                <name>Position 573</name>
            </trkpt>
            <trkpt lat="50.55193" lon="6.233896">
                <ele>433.0</ele>
                <name>Position 574</name>
            </trkpt>
            <trkpt lat="50.55177" lon="6.233808">
                <ele>435.0</ele>
                <name>Position 575</name>
            </trkpt>
            <trkpt lat="50.551523" lon="6.233614">
                <ele>437.0</ele>
                <name>Position 576</name>
            </trkpt>
            <trkpt lat="50.551322" lon="6.23345">
                <ele>438.0</ele>
                <name>Position 577</name>
            </trkpt>
            <trkpt lat="50.551222" lon="6.233375">
                <ele>438.0</ele>
                <name>Position 578</name>
            </trkpt>
            <trkpt lat="50.55114" lon="6.233359">
                <ele>437.5</ele>
                <name>Position 579</name>
            </trkpt>
            <trkpt lat="50.550952" lon="6.233371">
                <ele>435.8</ele>
                <name>Position 580</name>
            </trkpt>
            <trkpt lat="50.550738" lon="6.233363">
                <ele>435.5</ele>
                <name>Position 581</name>
            </trkpt>
            <trkpt lat="50.55064" lon="6.233317">
                <ele>436.5</ele>
                <name>Position 582</name>
            </trkpt>
            <trkpt lat="50.550533" lon="6.233221">
                <ele>438.0</ele>
                <name>Position 583</name>
            </trkpt>
            <trkpt lat="50.550329" lon="6.232951">
                <ele>439.0</ele>
                <name>Position 584</name>
            </trkpt>
            <trkpt lat="50.550111" lon="6.232424">
                <ele>435.0</ele>
                <name>Position 585</name>
            </trkpt>
            <trkpt lat="50.549943" lon="6.232027">
                <ele>436.0</ele>
                <name>Position 586</name>
            </trkpt>
            <trkpt lat="50.549732" lon="6.231575">
                <ele>438.0</ele>
                <name>Position 587</name>
            </trkpt>
            <trkpt lat="50.549339" lon="6.230817">
                <ele>432.0</ele>
                <name>Position 588</name>
            </trkpt>
            <trkpt lat="50.549036" lon="6.230324">
                <ele>432.0</ele>
                <name>Position 589</name>
            </trkpt>
            <trkpt lat="50.548937" lon="6.230231">
                <ele>433.0</ele>
                <name>Position 590</name>
            </trkpt>
            <trkpt lat="50.548824" lon="6.230173">
                <ele>433.0</ele>
                <name>Position 591</name>
            </trkpt>
            <trkpt lat="50.548723" lon="6.230144">
                <ele>433.0</ele>
                <name>Position 592</name>
            </trkpt>
            <trkpt lat="50.548629" lon="6.230138">
                <ele>433.0</ele>
                <name>Position 593</name>
            </trkpt>
            <trkpt lat="50.548492" lon="6.230162">
                <ele>433.0</ele>
                <name>Position 594</name>
            </trkpt>
            <trkpt lat="50.548359" lon="6.230214">
                <ele>432.0</ele>
                <name>Position 595</name>
            </trkpt>
            <trkpt lat="50.547719" lon="6.23055">
                <ele>445.0</ele>
                <name>Position 596</name>
            </trkpt>
            <trkpt lat="50.547213" lon="6.230852">
                <ele>446.0</ele>
                <name>Position 597</name>
            </trkpt>
            <trkpt lat="50.546857" lon="6.23107">
                <ele>450.0</ele>
                <name>Position 598</name>
            </trkpt>
            <trkpt lat="50.546627" lon="6.231182">
                <ele>451.0</ele>
                <name>Position 599</name>
            </trkpt>
            <trkpt lat="50.546334" lon="6.231293">
                <ele>450.0</ele>
                <name>Position 600</name>
            </trkpt>
            <trkpt lat="50.546062" lon="6.231368">
                <ele>449.0</ele>
                <name>Position 601</name>
            </trkpt>
            <trkpt lat="50.545565" lon="6.231464">
                <ele>448.0</ele>
                <name>Position 602</name>
            </trkpt>
            <trkpt lat="50.545201" lon="6.23143">
                <ele>452.0</ele>
                <name>Position 603</name>
            </trkpt>
            <trkpt lat="50.54502" lon="6.231451">
                <ele>453.0</ele>
                <name>Position 604</name>
            </trkpt>
            <trkpt lat="50.544853" lon="6.231529">
                <ele>454.0</ele>
                <name>Position 605</name>
            </trkpt>
            <trkpt lat="50.54459" lon="6.231727">
                <ele>454.0</ele>
                <name>Position 606</name>
            </trkpt>
            <trkpt lat="50.544196" lon="6.232135">
                <ele>453.0</ele>
                <name>Position 607</name>
            </trkpt>
            <trkpt lat="50.543941" lon="6.232493">
                <ele>455.0</ele>
                <name>Position 608</name>
            </trkpt>
            <trkpt lat="50.543714" lon="6.232923">
                <ele>460.0</ele>
                <name>Position 609</name>
            </trkpt>
            <trkpt lat="50.543559" lon="6.23331">
                <ele>461.3</ele>
                <name>Position 610</name>
            </trkpt>
            <trkpt lat="50.543426" lon="6.233725">
                <ele>462.3</ele>
                <name>Position 611</name>
            </trkpt>
            <trkpt lat="50.543337" lon="6.234141">
                <ele>459.0</ele>
                <name>Position 612</name>
            </trkpt>
            <trkpt lat="50.543294" lon="6.234449">
                <ele>459.0</ele>
                <name>Position 613</name>
            </trkpt>
            <trkpt lat="50.543294" lon="6.234799">
                <ele>457.0</ele>
                <name>Position 614</name>
            </trkpt>
            <trkpt lat="50.543338" lon="6.23549">
                <ele>452.0</ele>
                <name>Position 615</name>
            </trkpt>
            <trkpt lat="50.543337" lon="6.235809">
                <ele>451.0</ele>
                <name>Position 616</name>
            </trkpt>
            <trkpt lat="50.543282" lon="6.236064">
                <ele>451.0</ele>
                <name>Position 617</name>
            </trkpt>
            <trkpt lat="50.543185" lon="6.236256">
                <ele>452.0</ele>
                <name>Position 618</name>
            </trkpt>
            <trkpt lat="50.542999" lon="6.236434">
                <ele>453.0</ele>
                <name>Position 619</name>
            </trkpt>
            <trkpt lat="50.542866" lon="6.23647">
                <ele>454.0</ele>
                <name>Position 620</name>
            </trkpt>
            <trkpt lat="50.542715" lon="6.236467">
                <ele>456.0</ele>
                <name>Position 621</name>
            </trkpt>
            <trkpt lat="50.542501" lon="6.236418">
                <ele>459.0</ele>
                <name>Position 622</name>
            </trkpt>
            <trkpt lat="50.541985" lon="6.236174">
                <ele>465.0</ele>
                <name>Position 623</name>
            </trkpt>
            <trkpt lat="50.541688" lon="6.236136">
                <ele>467.0</ele>
                <name>Position 624</name>
            </trkpt>
            <trkpt lat="50.541497" lon="6.236186">
                <ele>470.0</ele>
                <name>Position 625</name>
            </trkpt>
            <trkpt lat="50.541304" lon="6.23634">
                <ele>471.3</ele>
                <name>Position 626</name>
            </trkpt>
            <trkpt lat="50.541137" lon="6.236612">
                <ele>470.3</ele>
                <name>Position 627</name>
            </trkpt>
            <trkpt lat="50.541029" lon="6.236952">
                <ele>470.0</ele>
                <name>Position 628</name>
            </trkpt>
            <trkpt lat="50.540985" lon="6.237311">
                <ele>469.0</ele>
                <name>Position 629</name>
            </trkpt>
            <trkpt lat="50.540973" lon="6.237717">
                <ele>467.0</ele>
                <name>Position 630</name>
            </trkpt>
            <trkpt lat="50.540969" lon="6.238116">
                <ele>466.5</ele>
                <name>Position 631</name>
            </trkpt>
            <trkpt lat="50.540964" lon="6.238315">
                <ele>465.8</ele>
                <name>Position 632</name>
            </trkpt>
            <trkpt lat="50.540949" lon="6.238946">
                <ele>463.0</ele>
                <name>Position 633</name>
            </trkpt>
            <trkpt lat="50.540923" lon="6.239833">
                <ele>460.0</ele>
                <name>Position 634</name>
            </trkpt>
            <trkpt lat="50.540893" lon="6.240346">
                <ele>459.0</ele>
                <name>Position 635</name>
            </trkpt>
            <trkpt lat="50.540808" lon="6.240815">
                <ele>460.0</ele>
                <name>Position 636</name>
            </trkpt>
            <trkpt lat="50.540675" lon="6.241263">
                <ele>469.0</ele>
                <name>Position 637</name>
            </trkpt>
            <trkpt lat="50.540497" lon="6.241767">
                <ele>480.0</ele>
                <name>Position 638</name>
            </trkpt>
            <trkpt lat="50.540277" lon="6.242631">
                <ele>490.0</ele>
                <name>Position 639</name>
            </trkpt>
            <trkpt lat="50.540235" lon="6.243106">
                <ele>493.0</ele>
                <name>Position 640</name>
            </trkpt>
            <trkpt lat="50.540251" lon="6.243667">
                <ele>495.8</ele>
                <name>Position 641</name>
            </trkpt>
            <trkpt lat="50.540333" lon="6.244163">
                <ele>498.8</ele>
                <name>Position 642</name>
            </trkpt>
            <trkpt lat="50.540538" lon="6.244867">
                <ele>501.8</ele>
                <name>Position 643</name>
            </trkpt>
            <trkpt lat="50.540792" lon="6.24545">
                <ele>503.0</ele>
                <name>Position 644</name>
            </trkpt>
            <trkpt lat="50.541128" lon="6.246066">
                <ele>507.0</ele>
                <name>Position 645</name>
            </trkpt>
            <trkpt lat="50.541638" lon="6.246902">
                <ele>512.3</ele>
                <name>Position 646</name>
            </trkpt>
            <trkpt lat="50.542294" lon="6.247961">
                <ele>522.0</ele>
                <name>Position 647</name>
            </trkpt>
            <trkpt lat="50.542971" lon="6.249074">
                <ele>530.0</ele>
                <name>Position 648</name>
            </trkpt>
            <trkpt lat="50.543279" lon="6.249579">
                <ele>531.8</ele>
                <name>Position 649</name>
            </trkpt>
            <trkpt lat="50.54366" lon="6.250276">
                <ele>535.8</ele>
                <name>Position 650</name>
            </trkpt>
            <trkpt lat="50.543791" lon="6.25058">
                <ele>537.0</ele>
                <name>Position 651</name>
            </trkpt>
            <trkpt lat="50.544022" lon="6.251189">
                <ele>540.0</ele>
                <name>Position 652</name>
            </trkpt>
            <trkpt lat="50.544148" lon="6.251784">
                <ele>542.0</ele>
                <name>Position 653</name>
            </trkpt>
            <trkpt lat="50.544199" lon="6.252245">
                <ele>543.0</ele>
                <name>Position 654</name>
            </trkpt>
            <trkpt lat="50.544235" lon="6.252964">
                <ele>544.0</ele>
                <name>Position 655</name>
            </trkpt>
            <trkpt lat="50.544179" lon="6.25342">
                <ele>545.0</ele>
                <name>Position 656</name>
            </trkpt>
            <trkpt lat="50.544032" lon="6.253988">
                <ele>546.0</ele>
                <name>Position 657</name>
            </trkpt>
            <trkpt lat="50.543934" lon="6.254274">
                <ele>546.0</ele>
                <name>Position 658</name>
            </trkpt>
            <trkpt lat="50.54374" lon="6.254719">
                <ele>545.5</ele>
                <name>Position 659</name>
            </trkpt>
            <trkpt lat="50.543615" lon="6.254943">
                <ele>547.0</ele>
                <name>Position 660</name>
            </trkpt>
            <trkpt lat="50.54337" lon="6.255279">
                <ele>546.5</ele>
                <name>Position 661</name>
            </trkpt>
            <trkpt lat="50.543167" lon="6.255413">
                <ele>547.0</ele>
                <name>Position 662</name>
            </trkpt>
            <trkpt lat="50.543009" lon="6.255454">
                <ele>547.0</ele>
                <name>Position 663</name>
            </trkpt>
            <trkpt lat="50.54288" lon="6.255421">
                <ele>547.0</ele>
                <name>Position 664</name>
            </trkpt>
            <trkpt lat="50.542698" lon="6.255315">
                <ele>545.5</ele>
                <name>Position 665</name>
            </trkpt>
            <trkpt lat="50.542312" lon="6.254849">
                <ele>547.0</ele>
                <name>Position 666</name>
            </trkpt>
            <trkpt lat="50.542073" lon="6.254597">
                <ele>548.0</ele>
                <name>Position 667</name>
            </trkpt>
            <trkpt lat="50.541922" lon="6.254465">
                <ele>548.0</ele>
                <name>Position 668</name>
            </trkpt>
            <trkpt lat="50.541835" lon="6.254406">
                <ele>549.0</ele>
                <name>Position 669</name>
            </trkpt>
            <trkpt lat="50.541621" lon="6.2543">
                <ele>549.0</ele>
                <name>Position 670</name>
            </trkpt>
            <trkpt lat="50.540888" lon="6.25406">
                <ele>548.0</ele>
                <name>Position 671</name>
            </trkpt>
            <trkpt lat="50.54024" lon="6.253832">
                <ele>548.0</ele>
                <name>Position 672</name>
            </trkpt>
            <trkpt lat="50.539941" lon="6.253649">
                <ele>549.0</ele>
                <name>Position 673</name>
            </trkpt>
            <trkpt lat="50.539471" lon="6.25319">
                <ele>549.0</ele>
                <name>Position 674</name>
            </trkpt>
            <trkpt lat="50.539181" lon="6.252913">
                <ele>548.0</ele>
                <name>Position 675</name>
            </trkpt>
            <trkpt lat="50.538996" lon="6.252738">
                <ele>548.0</ele>
                <name>Position 676</name>
            </trkpt>
            <trkpt lat="50.538584" lon="6.252334">
                <ele>547.0</ele>
                <name>Position 677</name>
            </trkpt>
            <trkpt lat="50.538459" lon="6.252257">
                <ele>548.0</ele>
                <name>Position 678</name>
            </trkpt>
            <trkpt lat="50.537599" lon="6.251999">
                <ele>550.0</ele>
                <name>Position 679</name>
            </trkpt>
            <trkpt lat="50.53748" lon="6.251969">
                <ele>550.0</ele>
                <name>Position 680</name>
            </trkpt>
            <trkpt lat="50.537245" lon="6.251966">
                <ele>549.5</ele>
                <name>Position 681</name>
            </trkpt>
            <trkpt lat="50.536973" lon="6.252049">
                <ele>551.0</ele>
                <name>Position 682</name>
            </trkpt>
            <trkpt lat="50.536437" lon="6.252318">
                <ele>550.5</ele>
                <name>Position 683</name>
            </trkpt>
            <trkpt lat="50.536165" lon="6.252413">
                <ele>551.0</ele>
                <name>Position 684</name>
            </trkpt>
            <trkpt lat="50.535867" lon="6.252442">
                <ele>551.0</ele>
                <name>Position 685</name>
            </trkpt>
            <trkpt lat="50.535793" lon="6.252458">
                <ele>551.0</ele>
                <name>Position 686</name>
            </trkpt>
            <trkpt lat="50.535728" lon="6.252518">
                <ele>551.0</ele>
                <name>Position 687</name>
            </trkpt>
            <trkpt lat="50.53544" lon="6.252654">
                <ele>549.0</ele>
                <name>Position 688</name>
            </trkpt>
            <trkpt lat="50.535353" lon="6.252711">
                <ele>549.0</ele>
                <name>Position 689</name>
            </trkpt>
            <trkpt lat="50.534532" lon="6.253302">
                <ele>546.8</ele>
                <name>Position 690</name>
            </trkpt>
            <trkpt lat="50.534197" lon="6.253544">
                <ele>547.0</ele>
                <name>Position 691</name>
            </trkpt>
            <trkpt lat="50.533872" lon="6.253743">
                <ele>546.0</ele>
                <name>Position 692</name>
            </trkpt>
            <trkpt lat="50.533497" lon="6.253969">
                <ele>546.0</ele>
                <name>Position 693</name>
            </trkpt>
            <trkpt lat="50.533146" lon="6.254182">
                <ele>547.0</ele>
                <name>Position 694</name>
            </trkpt>
            <trkpt lat="50.532679" lon="6.254552">
                <ele>549.0</ele>
                <name>Position 695</name>
            </trkpt>
            <trkpt lat="50.532215" lon="6.254943">
                <ele>549.8</ele>
                <name>Position 696</name>
            </trkpt>
            <trkpt lat="50.531902" lon="6.255209">
                <ele>550.5</ele>
                <name>Position 697</name>
            </trkpt>
            <trkpt lat="50.531467" lon="6.255671">
                <ele>553.0</ele>
                <name>Position 698</name>
            </trkpt>
            <trkpt lat="50.531041" lon="6.256141">
                <ele>554.0</ele>
                <name>Position 699</name>
            </trkpt>
            <trkpt lat="50.53054" lon="6.25696">
                <ele>553.5</ele>
                <name>Position 700</name>
            </trkpt>
            <trkpt lat="50.530319" lon="6.257381">
                <ele>554.0</ele>
                <name>Position 701</name>
            </trkpt>
            <trkpt lat="50.530207" lon="6.257645">
                <ele>554.0</ele>
                <name>Position 702</name>
            </trkpt>
            <trkpt lat="50.530159" lon="6.257799">
                <ele>554.0</ele>
                <name>Position 703</name>
            </trkpt>
            <trkpt lat="50.530118" lon="6.257977">
                <ele>554.0</ele>
                <name>Position 704</name>
            </trkpt>
            <trkpt lat="50.530041" lon="6.258569">
                <ele>554.0</ele>
                <name>Position 705</name>
            </trkpt>
            <trkpt lat="50.5299" lon="6.259613">
                <ele>553.0</ele>
                <name>Position 706</name>
            </trkpt>
            <trkpt lat="50.529776" lon="6.260564">
                <ele>553.0</ele>
                <name>Position 707</name>
            </trkpt>
            <trkpt lat="50.529694" lon="6.261178">
                <ele>553.0</ele>
                <name>Position 708</name>
            </trkpt>
            <trkpt lat="50.529682" lon="6.26154">
                <ele>552.5</ele>
                <name>Position 709</name>
            </trkpt>
            <trkpt lat="50.5297" lon="6.261906">
                <ele>553.0</ele>
                <name>Position 710</name>
            </trkpt>
            <trkpt lat="50.529738" lon="6.262187">
                <ele>553.5</ele>
                <name>Position 711</name>
            </trkpt>
            <trkpt lat="50.529808" lon="6.262514">
                <ele>555.0</ele>
                <name>Position 712</name>
            </trkpt>
            <trkpt lat="50.529901" lon="6.262985">
                <ele>556.0</ele>
                <name>Position 713</name>
            </trkpt>
            <trkpt lat="50.529952" lon="6.263635">
                <ele>556.0</ele>
                <name>Position 714</name>
            </trkpt>
            <trkpt lat="50.529978" lon="6.264028">
                <ele>556.0</ele>
                <name>Position 715</name>
            </trkpt>
            <trkpt lat="50.530035" lon="6.264885">
                <ele>554.3</ele>
                <name>Position 716</name>
            </trkpt>
            <trkpt lat="50.530056" lon="6.266429">
                <ele>556.8</ele>
                <name>Position 717</name>
            </trkpt>
            <trkpt lat="50.530056" lon="6.26789">
                <ele>561.5</ele>
                <name>Position 718</name>
            </trkpt>
            <trkpt lat="50.530048" lon="6.270286">
                <ele>566.5</ele>
                <name>Position 719</name>
            </trkpt>
            <trkpt lat="50.530015" lon="6.27106">
                <ele>568.0</ele>
                <name>Position 720</name>
            </trkpt>
            <trkpt lat="50.52996" lon="6.271671">
                <ele>569.0</ele>
                <name>Position 721</name>
            </trkpt>
            <trkpt lat="50.529927" lon="6.271899">
                <ele>569.8</ele>
                <name>Position 722</name>
            </trkpt>
            <trkpt lat="50.529829" lon="6.272412">
                <ele>571.0</ele>
                <name>Position 723</name>
            </trkpt>
            <trkpt lat="50.529655" lon="6.273046">
                <ele>570.5</ele>
                <name>Position 724</name>
            </trkpt>
            <trkpt lat="50.529505" lon="6.273519">
                <ele>570.8</ele>
                <name>Position 725</name>
            </trkpt>
            <trkpt lat="50.529125" lon="6.274533">
                <ele>573.0</ele>
                <name>Position 726</name>
            </trkpt>
            <trkpt lat="50.528816" lon="6.275366">
                <ele>575.0</ele>
                <name>Position 727</name>
            </trkpt>
            <trkpt lat="50.528348" lon="6.276602">
                <ele>577.0</ele>
                <name>Position 728</name>
            </trkpt>
            <trkpt lat="50.528044" lon="6.277557">
                <ele>575.3</ele>
                <name>Position 729</name>
            </trkpt>
            <trkpt lat="50.527897" lon="6.278205">
                <ele>574.5</ele>
                <name>Position 730</name>
            </trkpt>
            <trkpt lat="50.527777" lon="6.279175">
                <ele>574.0</ele>
                <name>Position 731</name>
            </trkpt>
            <trkpt lat="50.527669" lon="6.281414">
                <ele>570.5</ele>
                <name>Position 732</name>
            </trkpt>
            <trkpt lat="50.527571" lon="6.282324">
                <ele>570.0</ele>
                <name>Position 733</name>
            </trkpt>
            <trkpt lat="50.52735" lon="6.283416">
                <ele>571.0</ele>
                <name>Position 734</name>
            </trkpt>
            <trkpt lat="50.527012" lon="6.284601">
                <ele>570.0</ele>
                <name>Position 735</name>
            </trkpt>
            <trkpt lat="50.525825" lon="6.288129">
                <ele>574.0</ele>
                <name>Position 736</name>
            </trkpt>
            <trkpt lat="50.525521" lon="6.289229">
                <ele>574.5</ele>
                <name>Position 737</name>
            </trkpt>
            <trkpt lat="50.525293" lon="6.290375">
                <ele>578.0</ele>
                <name>Position 738</name>
            </trkpt>
            <trkpt lat="50.524525" lon="6.295161">
                <ele>584.0</ele>
                <name>Position 739</name>
            </trkpt>
            <trkpt lat="50.524335" lon="6.296364">
                <ele>585.0</ele>
                <name>Position 740</name>
            </trkpt>
            <trkpt lat="50.524177" lon="6.297297">
                <ele>585.5</ele>
                <name>Position 741</name>
            </trkpt>
            <trkpt lat="50.523594" lon="6.30091">
                <ele>592.0</ele>
                <name>Position 742</name>
            </trkpt>
            <trkpt lat="50.523429" lon="6.301845">
                <ele>593.0</ele>
                <name>Position 743</name>
            </trkpt>
            <trkpt lat="50.523004" lon="6.303161">
                <ele>599.0</ele>
                <name>Position 744</name>
            </trkpt>
            <trkpt lat="50.522409" lon="6.304864">
                <ele>604.8</ele>
                <name>Position 745</name>
            </trkpt>
            <trkpt lat="50.521867" lon="6.306392">
                <ele>614.3</ele>
                <name>Position 746</name>
            </trkpt>
            <trkpt lat="50.520711" lon="6.309681">
                <ele>620.0</ele>
                <name>Position 747</name>
            </trkpt>
            <trkpt lat="50.520532" lon="6.310015">
                <ele>621.0</ele>
                <name>Position 748</name>
            </trkpt>
            <trkpt lat="50.51987" lon="6.310846">
                <ele>621.3</ele>
                <name>Position 749</name>
            </trkpt>
            <trkpt lat="50.517932" lon="6.313224">
                <ele>617.5</ele>
                <name>Position 750</name>
            </trkpt>
            <trkpt lat="50.515721" lon="6.315932">
                <ele>624.0</ele>
                <name>Position 751</name>
            </trkpt>
            <trkpt lat="50.513467" lon="6.318676">
                <ele>629.0</ele>
                <name>Position 752</name>
            </trkpt>
            <trkpt lat="50.51224" lon="6.320175">
                <ele>622.5</ele>
                <name>Position 753</name>
            </trkpt>
            <trkpt lat="50.511985" lon="6.320435">
                <ele>621.0</ele>
                <name>Position 754</name>
            </trkpt>
            <trkpt lat="50.511368" lon="6.320797">
                <ele>618.0</ele>
                <name>Position 755</name>
            </trkpt>
            <trkpt lat="50.509338" lon="6.321835">
                <ele>621.8</ele>
                <name>Position 756</name>
            </trkpt>
            <trkpt lat="50.506365" lon="6.323367">
                <ele>628.0</ele>
                <name>Position 757</name>
            </trkpt>
            <trkpt lat="50.505908" lon="6.323611">
                <ele>629.0</ele>
                <name>Position 758</name>
            </trkpt>
            <trkpt lat="50.50571" lon="6.323796">
                <ele>629.0</ele>
                <name>Position 759</name>
            </trkpt>
            <trkpt lat="50.504826" lon="6.324958">
                <ele>633.5</ele>
                <name>Position 760</name>
            </trkpt>
            <trkpt lat="50.504419" lon="6.325479">
                <ele>634.0</ele>
                <name>Position 761</name>
            </trkpt>
            <trkpt lat="50.504104" lon="6.325798">
                <ele>632.8</ele>
                <name>Position 762</name>
            </trkpt>
            <trkpt lat="50.503568" lon="6.326298">
                <ele>632.3</ele>
                <name>Position 763</name>
            </trkpt>
            <trkpt lat="50.503296" lon="6.326561">
                <ele>632.0</ele>
                <name>Position 764</name>
            </trkpt>
            <trkpt lat="50.502839" lon="6.326981">
                <ele>634.5</ele>
                <name>Position 765</name>
            </trkpt>
            <trkpt lat="50.502761" lon="6.327059">
                <ele>634.8</ele>
                <name>Position 766</name>
            </trkpt>
            <trkpt lat="50.502126" lon="6.32766">
                <ele>637.5</ele>
                <name>Position 767</name>
            </trkpt>
            <trkpt lat="50.501993" lon="6.327885">
                <ele>639.0</ele>
                <name>Position 768</name>
            </trkpt>
            <trkpt lat="50.50192" lon="6.328128">
                <ele>638.5</ele>
                <name>Position 769</name>
            </trkpt>
            <trkpt lat="50.501873" lon="6.328462">
                <ele>638.5</ele>
                <name>Position 770</name>
            </trkpt>
            <trkpt lat="50.501848" lon="6.329115">
                <ele>639.0</ele>
                <name>Position 771</name>
            </trkpt>
            <trkpt lat="50.501803" lon="6.329709">
                <ele>639.0</ele>
                <name>Position 772</name>
            </trkpt>
            <trkpt lat="50.501733" lon="6.330206">
                <ele>637.5</ele>
                <name>Position 773</name>
            </trkpt>
            <trkpt lat="50.501649" lon="6.330644">
                <ele>636.8</ele>
                <name>Position 774</name>
            </trkpt>
            <trkpt lat="50.501558" lon="6.330972">
                <ele>637.0</ele>
                <name>Position 775</name>
            </trkpt>
            <trkpt lat="50.500711" lon="6.33389">
                <ele>637.5</ele>
                <name>Position 776</name>
            </trkpt>
            <trkpt lat="50.500639" lon="6.334296">
                <ele>637.8</ele>
                <name>Position 777</name>
            </trkpt>
            <trkpt lat="50.50064" lon="6.334655">
                <ele>637.5</ele>
                <name>Position 778</name>
            </trkpt>
            <trkpt lat="50.500867" lon="6.335959">
                <ele>636.8</ele>
                <name>Position 779</name>
            </trkpt>
            <trkpt lat="50.501017" lon="6.336688">
                <ele>636.5</ele>
                <name>Position 780</name>
            </trkpt>
            <trkpt lat="50.501184" lon="6.337321">
                <ele>638.0</ele>
                <name>Position 781</name>
            </trkpt>
            <trkpt lat="50.501414" lon="6.337963">
                <ele>636.8</ele>
                <name>Position 782</name>
            </trkpt>
            <trkpt lat="50.502307" lon="6.339791">
                <ele>637.5</ele>
                <name>Position 783</name>
            </trkpt>
            <trkpt lat="50.503202" lon="6.341541">
                <ele>639.0</ele>
                <name>Position 784</name>
            </trkpt>
            <trkpt lat="50.503775" lon="6.342867">
                <ele>640.0</ele>
                <name>Position 785</name>
            </trkpt>
            <trkpt lat="50.50398" lon="6.343443">
                <ele>638.5</ele>
                <name>Position 786</name>
            </trkpt>
            <trkpt lat="50.504372" lon="6.344976">
                <ele>637.0</ele>
                <name>Position 787</name>
            </trkpt>
            <trkpt lat="50.504724" lon="6.346534">
                <ele>637.0</ele>
                <name>Position 788</name>
            </trkpt>
            <trkpt lat="50.50476" lon="6.346971">
                <ele>637.0</ele>
                <name>Position 789</name>
            </trkpt>
            <trkpt lat="50.504771" lon="6.347328">
                <ele>638.0</ele>
                <name>Position 790</name>
            </trkpt>
            <trkpt lat="50.504754" lon="6.349379">
                <ele>634.0</ele>
                <name>Position 791</name>
            </trkpt>
            <trkpt lat="50.504732" lon="6.352667">
                <ele>631.0</ele>
                <name>Position 792</name>
            </trkpt>
            <trkpt lat="50.504757" lon="6.353349">
                <ele>631.0</ele>
                <name>Position 793</name>
            </trkpt>
            <trkpt lat="50.50499" lon="6.355978">
                <ele>628.0</ele>
                <name>Position 794</name>
            </trkpt>
            <trkpt lat="50.50513" lon="6.357596">
                <ele>621.8</ele>
                <name>Position 795</name>
            </trkpt>
            <trkpt lat="50.505196" lon="6.358168">
                <ele>620.0</ele>
                <name>Position 796</name>
            </trkpt>
            <trkpt lat="50.505289" lon="6.35863">
                <ele>617.5</ele>
                <name>Position 797</name>
            </trkpt>
            <trkpt lat="50.505464" lon="6.359201">
                <ele>617.0</ele>
                <name>Position 798</name>
            </trkpt>
            <trkpt lat="50.505697" lon="6.359735">
                <ele>617.0</ele>
                <name>Position 799</name>
            </trkpt>
            <trkpt lat="50.506245" lon="6.360601">
                <ele>617.8</ele>
                <name>Position 800</name>
            </trkpt>
            <trkpt lat="50.508456" lon="6.363899">
                <ele>617.0</ele>
                <name>Position 801</name>
            </trkpt>
            <trkpt lat="50.510524" lon="6.366975">
                <ele>618.0</ele>
                <name>Position 802</name>
            </trkpt>
            <trkpt lat="50.513353" lon="6.371163">
                <ele>620.0</ele>
                <name>Position 803</name>
            </trkpt>
            <trkpt lat="50.515847" lon="6.37484">
                <ele>615.0</ele>
                <name>Position 804</name>
            </trkpt>
            <trkpt lat="50.516402" lon="6.375664">
                <ele>612.0</ele>
                <name>Position 805</name>
            </trkpt>
            <trkpt lat="50.516627" lon="6.376104">
                <ele>612.0</ele>
                <name>Position 806</name>
            </trkpt>
            <trkpt lat="50.516964" lon="6.376988">
                <ele>609.0</ele>
                <name>Position 807</name>
            </trkpt>
            <trkpt lat="50.517156" lon="6.377586">
                <ele>607.0</ele>
                <name>Position 808</name>
            </trkpt>
            <trkpt lat="50.517892" lon="6.380746">
                <ele>599.0</ele>
                <name>Position 809</name>
            </trkpt>
            <trkpt lat="50.519095" lon="6.386004">
                <ele>591.0</ele>
                <name>Position 810</name>
            </trkpt>
            <trkpt lat="50.519332" lon="6.387476">
                <ele>588.0</ele>
                <name>Position 811</name>
            </trkpt>
            <trkpt lat="50.519369" lon="6.387975">
                <ele>587.0</ele>
                <name>Position 812</name>
            </trkpt>
            <trkpt lat="50.519361" lon="6.388445">
                <ele>584.8</ele>
                <name>Position 813</name>
            </trkpt>
            <trkpt lat="50.519216" lon="6.389735">
                <ele>584.8</ele>
                <name>Position 814</name>
            </trkpt>
            <trkpt lat="50.519057" lon="6.391014">
                <ele>586.0</ele>
                <name>Position 815</name>
            </trkpt>
            <trkpt lat="50.518961" lon="6.391624">
                <ele>587.0</ele>
                <name>Position 816</name>
            </trkpt>
            <trkpt lat="50.518863" lon="6.392085">
                <ele>587.0</ele>
                <name>Position 817</name>
            </trkpt>
            <trkpt lat="50.518389" lon="6.394018">
                <ele>587.0</ele>
                <name>Position 818</name>
            </trkpt>
            <trkpt lat="50.518287" lon="6.394416">
                <ele>587.0</ele>
                <name>Position 819</name>
            </trkpt>
            <trkpt lat="50.518214" lon="6.394696">
                <ele>587.0</ele>
                <name>Position 820</name>
            </trkpt>
            <trkpt lat="50.518175" lon="6.395112">
                <ele>587.0</ele>
                <name>Position 821</name>
            </trkpt>
            <trkpt lat="50.518203" lon="6.396792">
                <ele>585.0</ele>
                <name>Position 822</name>
            </trkpt>
            <trkpt lat="50.518389" lon="6.399588">
                <ele>577.5</ele>
                <name>Position 823</name>
            </trkpt>
            <trkpt lat="50.518612" lon="6.403061">
                <ele>571.8</ele>
                <name>Position 824</name>
            </trkpt>
            <trkpt lat="50.518724" lon="6.404878">
                <ele>575.0</ele>
                <name>Position 825</name>
            </trkpt>
            <trkpt lat="50.518871" lon="6.407153">
                <ele>571.0</ele>
                <name>Position 826</name>
            </trkpt>
            <trkpt lat="50.518984" lon="6.408129">
                <ele>568.8</ele>
                <name>Position 827</name>
            </trkpt>
            <trkpt lat="50.519121" lon="6.40863">
                <ele>567.5</ele>
                <name>Position 828</name>
            </trkpt>
            <trkpt lat="50.519321" lon="6.409359">
                <ele>566.0</ele>
                <name>Position 829</name>
            </trkpt>
            <trkpt lat="50.519642" lon="6.410912">
                <ele>561.0</ele>
                <name>Position 830</name>
            </trkpt>
            <trkpt lat="50.519866" lon="6.411358">
                <ele>560.0</ele>
                <name>Position 831</name>
            </trkpt>
            <trkpt lat="50.520176" lon="6.411858">
                <ele>558.0</ele>
                <name>Position 832</name>
            </trkpt>
            <trkpt lat="50.520475" lon="6.41209">
                <ele>555.0</ele>
                <name>Position 833</name>
            </trkpt>
            <trkpt lat="50.520651" lon="6.41233">
                <ele>553.0</ele>
                <name>Position 834</name>
            </trkpt>
            <trkpt lat="50.520763" lon="6.412609">
                <ele>551.0</ele>
                <name>Position 835</name>
            </trkpt>
            <trkpt lat="50.520822" lon="6.412834">
                <ele>551.0</ele>
                <name>Position 836</name>
            </trkpt>
            <trkpt lat="50.521072" lon="6.414029">
                <ele>546.0</ele>
                <name>Position 837</name>
            </trkpt>
            <trkpt lat="50.521164" lon="6.414462">
                <ele>544.0</ele>
                <name>Position 838</name>
            </trkpt>
            <trkpt lat="50.521185" lon="6.414893">
                <ele>543.0</ele>
                <name>Position 839</name>
            </trkpt>
            <trkpt lat="50.521146" lon="6.416235">
                <ele>538.3</ele>
                <name>Position 840</name>
            </trkpt>
            <trkpt lat="50.521152" lon="6.416755">
                <ele>536.5</ele>
                <name>Position 841</name>
            </trkpt>
            <trkpt lat="50.521195" lon="6.418716">
                <ele>530.0</ele>
                <name>Position 842</name>
            </trkpt>
            <trkpt lat="50.521222" lon="6.419188">
                <ele>527.8</ele>
                <name>Position 843</name>
            </trkpt>
            <trkpt lat="50.521263" lon="6.419533">
                <ele>527.0</ele>
                <name>Position 844</name>
            </trkpt>
            <trkpt lat="50.521323" lon="6.41985">
                <ele>524.8</ele>
                <name>Position 845</name>
            </trkpt>
            <trkpt lat="50.521624" lon="6.420874">
                <ele>521.0</ele>
                <name>Position 846</name>
            </trkpt>
            <trkpt lat="50.522175" lon="6.422578">
                <ele>514.0</ele>
                <name>Position 847</name>
            </trkpt>
            <trkpt lat="50.522459" lon="6.423335">
                <ele>513.0</ele>
                <name>Position 848</name>
            </trkpt>
            <trkpt lat="50.522662" lon="6.423798">
                <ele>510.5</ele>
                <name>Position 849</name>
            </trkpt>
            <trkpt lat="50.522943" lon="6.424402">
                <ele>508.0</ele>
                <name>Position 850</name>
            </trkpt>
            <trkpt lat="50.523741" lon="6.425582">
                <ele>503.0</ele>
                <name>Position 851</name>
            </trkpt>
            <trkpt lat="50.524878" lon="6.427263">
                <ele>495.0</ele>
                <name>Position 852</name>
            </trkpt>
            <trkpt lat="50.525017" lon="6.427532">
                <ele>492.8</ele>
                <name>Position 853</name>
            </trkpt>
            <trkpt lat="50.525094" lon="6.427819">
                <ele>493.0</ele>
                <name>Position 854</name>
            </trkpt>
            <trkpt lat="50.525154" lon="6.428265">
                <ele>492.0</ele>
                <name>Position 855</name>
            </trkpt>
            <trkpt lat="50.525181" lon="6.428691">
                <ele>491.0</ele>
                <name>Position 856</name>
            </trkpt>
            <trkpt lat="50.525109" lon="6.43022">
                <ele>492.0</ele>
                <name>Position 857</name>
            </trkpt>
            <trkpt lat="50.525128" lon="6.430839">
                <ele>489.8</ele>
                <name>Position 858</name>
            </trkpt>
            <trkpt lat="50.525293" lon="6.431948">
                <ele>483.0</ele>
                <name>Position 859</name>
            </trkpt>
            <trkpt lat="50.525357" lon="6.432577">
                <ele>479.0</ele>
                <name>Position 860</name>
            </trkpt>
            <trkpt lat="50.525399" lon="6.433209">
                <ele>474.0</ele>
                <name>Position 861</name>
            </trkpt>
            <trkpt lat="50.525411" lon="6.433868">
                <ele>471.0</ele>
                <name>Position 862</name>
            </trkpt>
            <trkpt lat="50.525369" lon="6.434236">
                <ele>469.5</ele>
                <name>Position 863</name>
            </trkpt>
            <trkpt lat="50.525287" lon="6.434491">
                <ele>469.5</ele>
                <name>Position 864</name>
            </trkpt>
            <trkpt lat="50.525104" lon="6.434762">
                <ele>470.5</ele>
                <name>Position 865</name>
            </trkpt>
            <trkpt lat="50.52493" lon="6.434882">
                <ele>470.5</ele>
                <name>Position 866</name>
            </trkpt>
            <trkpt lat="50.52477" lon="6.434908">
                <ele>470.0</ele>
                <name>Position 867</name>
            </trkpt>
            <trkpt lat="50.524636" lon="6.434892">
                <ele>470.0</ele>
                <name>Position 868</name>
            </trkpt>
            <trkpt lat="50.524387" lon="6.434784">
                <ele>470.0</ele>
                <name>Position 869</name>
            </trkpt>
            <trkpt lat="50.523585" lon="6.434311">
                <ele>474.0</ele>
                <name>Position 870</name>
            </trkpt>
            <trkpt lat="50.523456" lon="6.434288">
                <ele>474.0</ele>
                <name>Position 871</name>
            </trkpt>
            <trkpt lat="50.523328" lon="6.434323">
                <ele>474.0</ele>
                <name>Position 872</name>
            </trkpt>
            <trkpt lat="50.523166" lon="6.434454">
                <ele>473.5</ele>
                <name>Position 873</name>
            </trkpt>
            <trkpt lat="50.523052" lon="6.43468">
                <ele>474.0</ele>
                <name>Position 874</name>
            </trkpt>
            <trkpt lat="50.523003" lon="6.435007">
                <ele>470.5</ele>
                <name>Position 875</name>
            </trkpt>
            <trkpt lat="50.523032" lon="6.435254">
                <ele>469.0</ele>
                <name>Position 876</name>
            </trkpt>
            <trkpt lat="50.52311" lon="6.435471">
                <ele>465.0</ele>
                <name>Position 877</name>
            </trkpt>
            <trkpt lat="50.523269" lon="6.435645">
                <ele>462.0</ele>
                <name>Position 878</name>
            </trkpt>
            <trkpt lat="50.523454" lon="6.435716">
                <ele>460.0</ele>
                <name>Position 879</name>
            </trkpt>
            <trkpt lat="50.523808" lon="6.435706">
                <ele>458.0</ele>
                <name>Position 880</name>
            </trkpt>
            <trkpt lat="50.524093" lon="6.435723">
                <ele>456.0</ele>
                <name>Position 881</name>
            </trkpt>
            <trkpt lat="50.524526" lon="6.435852">
                <ele>456.0</ele>
                <name>Position 882</name>
            </trkpt>
            <trkpt lat="50.524865" lon="6.436063">
                <ele>455.0</ele>
                <name>Position 883</name>
            </trkpt>
            <trkpt lat="50.525073" lon="6.436286">
                <ele>452.0</ele>
                <name>Position 884</name>
            </trkpt>
            <trkpt lat="50.525555" lon="6.437025">
                <ele>448.0</ele>
                <name>Position 885</name>
            </trkpt>
            <trkpt lat="50.525948" lon="6.438112">
                <ele>440.8</ele>
                <name>Position 886</name>
            </trkpt>
            <trkpt lat="50.526142" lon="6.439427">
                <ele>433.3</ele>
                <name>Position 887</name>
            </trkpt>
            <trkpt lat="50.526275" lon="6.440707">
                <ele>430.0</ele>
                <name>Position 888</name>
            </trkpt>
            <trkpt lat="50.526395" lon="6.441574">
                <ele>427.0</ele>
                <name>Position 889</name>
            </trkpt>
            <trkpt lat="50.526618" lon="6.442547">
                <ele>419.0</ele>
                <name>Position 890</name>
            </trkpt>
            <trkpt lat="50.526806" lon="6.443169">
                <ele>414.0</ele>
                <name>Position 891</name>
            </trkpt>
            <trkpt lat="50.527126" lon="6.444058">
                <ele>415.0</ele>
                <name>Position 892</name>
            </trkpt>
            <trkpt lat="50.527348" lon="6.444694">
                <ele>413.0</ele>
                <name>Position 893</name>
            </trkpt>
            <trkpt lat="50.527486" lon="6.445218">
                <ele>410.0</ele>
                <name>Position 894</name>
            </trkpt>
            <trkpt lat="50.527543" lon="6.445605">
                <ele>409.0</ele>
                <name>Position 895</name>
            </trkpt>
            <trkpt lat="50.527577" lon="6.445955">
                <ele>410.0</ele>
                <name>Position 896</name>
            </trkpt>
            <trkpt lat="50.527579" lon="6.446367">
                <ele>413.3</ele>
                <name>Position 897</name>
            </trkpt>
            <trkpt lat="50.527551" lon="6.44687">
                <ele>414.0</ele>
                <name>Position 898</name>
            </trkpt>
            <trkpt lat="50.52745" lon="6.447555">
                <ele>414.0</ele>
                <name>Position 899</name>
            </trkpt>
            <trkpt lat="50.527433" lon="6.44794">
                <ele>416.0</ele>
                <name>Position 900</name>
            </trkpt>
            <trkpt lat="50.52744" lon="6.44914">
                <ele>419.0</ele>
                <name>Position 901</name>
            </trkpt>
            <trkpt lat="50.527495" lon="6.449636">
                <ele>417.0</ele>
                <name>Position 902</name>
            </trkpt>
            <trkpt lat="50.527688" lon="6.450723">
                <ele>414.0</ele>
                <name>Position 903</name>
            </trkpt>
            <trkpt lat="50.527846" lon="6.451267">
                <ele>416.0</ele>
                <name>Position 904</name>
            </trkpt>
            <trkpt lat="50.527938" lon="6.451904">
                <ele>414.0</ele>
                <name>Position 905</name>
            </trkpt>
            <trkpt lat="50.52814" lon="6.453154">
                <ele>405.3</ele>
                <name>Position 906</name>
            </trkpt>
            <trkpt lat="50.52816" lon="6.453353">
                <ele>403.8</ele>
                <name>Position 907</name>
            </trkpt>
            <trkpt lat="50.528174" lon="6.453652">
                <ele>405.0</ele>
                <name>Position 908</name>
            </trkpt>
            <trkpt lat="50.528123" lon="6.454231">
                <ele>408.0</ele>
                <name>Position 909</name>
            </trkpt>
            <trkpt lat="50.528063" lon="6.454733">
                <ele>410.3</ele>
                <name>Position 910</name>
            </trkpt>
            <trkpt lat="50.527852" lon="6.455647">
                <ele>409.0</ele>
                <name>Position 911</name>
            </trkpt>
            <trkpt lat="50.527535" lon="6.456829">
                <ele>401.0</ele>
                <name>Position 912</name>
            </trkpt>
            <trkpt lat="50.527499" lon="6.457041">
                <ele>399.0</ele>
                <name>Position 913</name>
            </trkpt>
            <trkpt lat="50.527494" lon="6.457412">
                <ele>400.0</ele>
                <name>Position 914</name>
            </trkpt>
            <trkpt lat="50.527555" lon="6.457983">
                <ele>401.0</ele>
                <name>Position 915</name>
            </trkpt>
            <trkpt lat="50.527743" lon="6.458941">
                <ele>403.5</ele>
                <name>Position 916</name>
            </trkpt>
            <trkpt lat="50.528157" lon="6.460916">
                <ele>400.0</ele>
                <name>Position 917</name>
            </trkpt>
            <trkpt lat="50.528437" lon="6.462234">
                <ele>393.8</ele>
                <name>Position 918</name>
            </trkpt>
            <trkpt lat="50.528559" lon="6.462672">
                <ele>394.3</ele>
                <name>Position 919</name>
            </trkpt>
            <trkpt lat="50.528846" lon="6.463622">
                <ele>394.0</ele>
                <name>Position 920</name>
            </trkpt>
            <trkpt lat="50.529117" lon="6.464194">
                <ele>393.0</ele>
                <name>Position 921</name>
            </trkpt>
            <trkpt lat="50.53002" lon="6.465884">
                <ele>396.0</ele>
                <name>Position 922</name>
            </trkpt>
            <trkpt lat="50.530144" lon="6.466152">
                <ele>398.8</ele>
                <name>Position 923</name>
            </trkpt>
            <trkpt lat="50.530353" lon="6.466715">
                <ele>402.0</ele>
                <name>Position 924</name>
            </trkpt>
            <trkpt lat="50.530879" lon="6.468584">
                <ele>397.0</ele>
                <name>Position 925</name>
            </trkpt>
            <trkpt lat="50.530942" lon="6.468935">
                <ele>397.0</ele>
                <name>Position 926</name>
            </trkpt>
            <trkpt lat="50.530967" lon="6.469357">
                <ele>396.0</ele>
                <name>Position 927</name>
            </trkpt>
            <trkpt lat="50.530911" lon="6.469941">
                <ele>394.0</ele>
                <name>Position 928</name>
            </trkpt>
            <trkpt lat="50.530763" lon="6.471283">
                <ele>393.0</ele>
                <name>Position 929</name>
            </trkpt>
            <trkpt lat="50.530547" lon="6.472237">
                <ele>391.0</ele>
                <name>Position 930</name>
            </trkpt>
            <trkpt lat="50.530436" lon="6.47267">
                <ele>389.0</ele>
                <name>Position 931</name>
            </trkpt>
            <trkpt lat="50.530332" lon="6.473018">
                <ele>387.0</ele>
                <name>Position 932</name>
            </trkpt>
            <trkpt lat="50.530053" lon="6.473747">
                <ele>379.0</ele>
                <name>Position 933</name>
            </trkpt>
            <trkpt lat="50.52995" lon="6.474027">
                <ele>376.8</ele>
                <name>Position 934</name>
            </trkpt>
            <trkpt lat="50.529783" lon="6.474617">
                <ele>375.0</ele>
                <name>Position 935</name>
            </trkpt>
            <trkpt lat="50.529675" lon="6.475077">
                <ele>373.5</ele>
                <name>Position 936</name>
            </trkpt>
            <trkpt lat="50.529632" lon="6.47536">
                <ele>373.0</ele>
                <name>Position 937</name>
            </trkpt>
            <trkpt lat="50.529579" lon="6.475986">
                <ele>371.0</ele>
                <name>Position 938</name>
            </trkpt>
            <trkpt lat="50.529538" lon="6.476477">
                <ele>369.0</ele>
                <name>Position 939</name>
            </trkpt>
            <trkpt lat="50.529483" lon="6.476592">
                <ele>367.8</ele>
                <name>Position 940</name>
            </trkpt>
            <trkpt lat="50.529424" lon="6.476652">
                <ele>367.5</ele>
                <name>Position 941</name>
            </trkpt>
            <trkpt lat="50.529397" lon="6.476753">
                <ele>367.5</ele>
                <name>Position 942</name>
            </trkpt>
            <trkpt lat="50.529411" lon="6.47686">
                <ele>367.8</ele>
                <name>Position 943</name>
            </trkpt>
            <trkpt lat="50.529193" lon="6.476948">
                <ele>367.5</ele>
                <name>Position 944</name>
            </trkpt>
            <trkpt lat="50.529089" lon="6.476977">
                <ele>367.8</ele>
                <name>Position 945</name>
            </trkpt>
            <trkpt lat="50.528973" lon="6.47698">
                <ele>368.3</ele>
                <name>Position 946</name>
            </trkpt>
            <trkpt lat="50.528756" lon="6.47691">
                <ele>368.0</ele>
                <name>Position 947</name>
            </trkpt>
            <trkpt lat="50.528625" lon="6.47684">
                <ele>368.0</ele>
                <name>Position 948</name>
            </trkpt>
            <trkpt lat="50.52852" lon="6.476757">
                <ele>368.3</ele>
                <name>Position 949</name>
            </trkpt>
            <trkpt lat="50.528038" lon="6.476042">
                <ele>368.0</ele>
                <name>Position 950</name>
            </trkpt>
            <trkpt lat="50.527966" lon="6.475939">
                <ele>368.0</ele>
                <name>Position 951</name>
            </trkpt>
            <trkpt lat="50.527501" lon="6.475236">
                <ele>369.0</ele>
                <name>Position 952</name>
            </trkpt>
            <trkpt lat="50.527181" lon="6.474683">
                <ele>370.0</ele>
                <name>Position 953</name>
            </trkpt>
            <trkpt lat="50.526892" lon="6.474079">
                <ele>369.5</ele>
                <name>Position 954</name>
            </trkpt>
            <trkpt lat="50.526779" lon="6.473859">
                <ele>370.0</ele>
                <name>Position 955</name>
            </trkpt>
            <trkpt lat="50.526419" lon="6.473187">
                <ele>369.0</ele>
                <name>Position 956</name>
            </trkpt>
            <trkpt lat="50.526315" lon="6.473011">
                <ele>368.3</ele>
                <name>Position 957</name>
            </trkpt>
            <trkpt lat="50.526038" lon="6.47256">
                <ele>368.0</ele>
                <name>Position 958</name>
            </trkpt>
            <trkpt lat="50.52527" lon="6.471605">
                <ele>370.0</ele>
                <name>Position 959</name>
            </trkpt>
            <trkpt lat="50.524905" lon="6.471154">
                <ele>372.0</ele>
                <name>Position 960</name>
            </trkpt>
            <trkpt lat="50.524905" lon="6.471155">
                <ele>372.0</ele>
                <name>Position 961</name>
            </trkpt>
            <trkpt lat="50.524186" lon="6.470259">
                <ele>371.5</ele>
                <name>Position 962</name>
            </trkpt>
            <trkpt lat="50.523391" lon="6.469487">
                <ele>372.0</ele>
                <name>Position 963</name>
            </trkpt>
            <trkpt lat="50.522786" lon="6.468913">
                <ele>373.3</ele>
                <name>Position 964</name>
            </trkpt>
            <trkpt lat="50.521161" lon="6.467371">
                <ele>375.0</ele>
                <name>Position 965</name>
            </trkpt>
            <trkpt lat="50.520836" lon="6.467131">
                <ele>375.0</ele>
                <name>Position 966</name>
            </trkpt>
            <trkpt lat="50.520275" lon="6.466914">
                <ele>373.5</ele>
                <name>Position 967</name>
            </trkpt>
            <trkpt lat="50.519755" lon="6.466876">
                <ele>373.8</ele>
                <name>Position 968</name>
            </trkpt>
            <trkpt lat="50.518176" lon="6.467044">
                <ele>375.8</ele>
                <name>Position 969</name>
            </trkpt>
            <trkpt lat="50.517411" lon="6.467092">
                <ele>377.0</ele>
                <name>Position 970</name>
            </trkpt>
            <trkpt lat="50.5169" lon="6.466978">
                <ele>378.0</ele>
                <name>Position 971</name>
            </trkpt>
            <trkpt lat="50.516629" lon="6.46681">
                <ele>376.5</ele>
                <name>Position 972</name>
            </trkpt>
            <trkpt lat="50.516603" lon="6.466715">
                <ele>377.0</ele>
                <name>Position 973</name>
            </trkpt>
            <trkpt lat="50.516542" lon="6.466673">
                <ele>377.0</ele>
                <name>Position 974</name>
            </trkpt>
            <trkpt lat="50.516473" lon="6.466717">
                <ele>376.5</ele>
                <name>Position 975</name>
            </trkpt>
            <trkpt lat="50.516449" lon="6.466827">
                <ele>378.0</ele>
                <name>Position 976</name>
            </trkpt>
            <trkpt lat="50.51606" lon="6.466827">
                <ele>377.8</ele>
                <name>Position 977</name>
            </trkpt>
            <trkpt lat="50.512104" lon="6.465829">
                <ele>378.0</ele>
                <name>Position 978</name>
            </trkpt>
            <trkpt lat="50.511123" lon="6.465597">
                <ele>378.0</ele>
                <name>Position 979</name>
            </trkpt>
            <trkpt lat="50.509668" lon="6.465223">
                <ele>382.8</ele>
                <name>Position 980</name>
            </trkpt>
            <trkpt lat="50.508984" lon="6.465056">
                <ele>384.0</ele>
                <name>Position 981</name>
            </trkpt>
            <trkpt lat="50.508567" lon="6.464968">
                <ele>382.8</ele>
                <name>Position 982</name>
            </trkpt>
            <trkpt lat="50.508294" lon="6.46493">
                <ele>383.0</ele>
                <name>Position 983</name>
            </trkpt>
            <trkpt lat="50.506627" lon="6.464807">
                <ele>392.0</ele>
                <name>Position 984</name>
            </trkpt>
            <trkpt lat="50.505565" lon="6.464486">
                <ele>395.0</ele>
                <name>Position 985</name>
            </trkpt>
            <trkpt lat="50.503942" lon="6.463989">
                <ele>400.0</ele>
                <name>Position 986</name>
            </trkpt>
            <trkpt lat="50.503144" lon="6.463977">
                <ele>402.3</ele>
                <name>Position 987</name>
            </trkpt>
            <trkpt lat="50.502706" lon="6.463684">
                <ele>400.5</ele>
                <name>Position 988</name>
            </trkpt>
            <trkpt lat="50.502458" lon="6.463512">
                <ele>401.0</ele>
                <name>Position 989</name>
            </trkpt>
            <trkpt lat="50.502187" lon="6.463454">
                <ele>401.0</ele>
                <name>Position 990</name>
            </trkpt>
            <trkpt lat="50.501492" lon="6.463369">
                <ele>402.0</ele>
                <name>Position 991</name>
            </trkpt>
            <trkpt lat="50.501294" lon="6.463395">
                <ele>403.0</ele>
                <name>Position 992</name>
            </trkpt>
            <trkpt lat="50.500963" lon="6.463456">
                <ele>405.0</ele>
                <name>Position 993</name>
            </trkpt>
            <trkpt lat="50.500715" lon="6.463431">
                <ele>404.5</ele>
                <name>Position 994</name>
            </trkpt>
            <trkpt lat="50.499933" lon="6.463131">
                <ele>403.8</ele>
                <name>Position 995</name>
            </trkpt>
            <trkpt lat="50.499461" lon="6.46294">
                <ele>401.3</ele>
                <name>Position 996</name>
            </trkpt>
            <trkpt lat="50.499235" lon="6.46286">
                <ele>400.3</ele>
                <name>Position 997</name>
            </trkpt>
            <trkpt lat="50.498979" lon="6.462821">
                <ele>398.0</ele>
                <name>Position 998</name>
            </trkpt>
            <trkpt lat="50.498727" lon="6.462847">
                <ele>397.0</ele>
                <name>Position 999</name>
            </trkpt>
            <trkpt lat="50.498383" lon="6.462914">
                <ele>395.0</ele>
                <name>Position 1000</name>
            </trkpt>
            <trkpt lat="50.498151" lon="6.462889">
                <ele>394.0</ele>
                <name>Position 1001</name>
            </trkpt>
            <trkpt lat="50.497971" lon="6.462777">
                <ele>393.0</ele>
                <name>Position 1002</name>
            </trkpt>
            <trkpt lat="50.497838" lon="6.462642">
                <ele>392.0</ele>
                <name>Position 1003</name>
            </trkpt>
            <trkpt lat="50.497609" lon="6.462402">
                <ele>391.0</ele>
                <name>Position 1004</name>
            </trkpt>
            <trkpt lat="50.497534" lon="6.462365">
                <ele>391.0</ele>
                <name>Position 1005</name>
            </trkpt>
            <trkpt lat="50.497542" lon="6.462272">
                <ele>391.3</ele>
                <name>Position 1006</name>
            </trkpt>
            <trkpt lat="50.497512" lon="6.462191">
                <ele>391.3</ele>
                <name>Position 1007</name>
            </trkpt>
            <trkpt lat="50.497455" lon="6.462157">
                <ele>391.0</ele>
                <name>Position 1008</name>
            </trkpt>
            <trkpt lat="50.497417" lon="6.462165">
                <ele>391.3</ele>
                <name>Position 1009</name>
            </trkpt>
            <trkpt lat="50.497371" lon="6.462065">
                <ele>391.0</ele>
                <name>Position 1010</name>
            </trkpt>
            <trkpt lat="50.497285" lon="6.461926">
                <ele>391.0</ele>
                <name>Position 1011</name>
            </trkpt>
            <trkpt lat="50.497085" lon="6.461643">
                <ele>391.5</ele>
                <name>Position 1012</name>
            </trkpt>
            <trkpt lat="50.496847" lon="6.46132">
                <ele>393.0</ele>
                <name>Position 1013</name>
            </trkpt>
            <trkpt lat="50.49671" lon="6.461217">
                <ele>393.0</ele>
                <name>Position 1014</name>
            </trkpt>
            <trkpt lat="50.496429" lon="6.461108">
                <ele>393.8</ele>
                <name>Position 1015</name>
            </trkpt>
            <trkpt lat="50.496183" lon="6.461018">
                <ele>394.8</ele>
                <name>Position 1016</name>
            </trkpt>
            <trkpt lat="50.495424" lon="6.460581">
                <ele>397.5</ele>
                <name>Position 1017</name>
            </trkpt>
            <trkpt lat="50.49512" lon="6.4604">
                <ele>398.5</ele>
                <name>Position 1018</name>
            </trkpt>
            <trkpt lat="50.494842" lon="6.460131">
                <ele>400.0</ele>
                <name>Position 1019</name>
            </trkpt>
            <trkpt lat="50.494605" lon="6.459841">
                <ele>400.3</ele>
                <name>Position 1020</name>
            </trkpt>
            <trkpt lat="50.494072" lon="6.45934">
                <ele>401.3</ele>
                <name>Position 1021</name>
            </trkpt>
            <trkpt lat="50.49309" lon="6.458277">
                <ele>400.8</ele>
                <name>Position 1022</name>
            </trkpt>
            <trkpt lat="50.492755" lon="6.457895">
                <ele>402.0</ele>
                <name>Position 1023</name>
            </trkpt>
            <trkpt lat="50.49165" lon="6.45611">
                <ele>397.0</ele>
                <name>Position 1024</name>
            </trkpt>
            <trkpt lat="50.491406" lon="6.455547">
                <ele>396.0</ele>
                <name>Position 1025</name>
            </trkpt>
            <trkpt lat="50.491265" lon="6.45507">
                <ele>395.8</ele>
                <name>Position 1026</name>
            </trkpt>
            <trkpt lat="50.491039" lon="6.454524">
                <ele>396.3</ele>
                <name>Position 1027</name>
            </trkpt>
            <trkpt lat="50.490135" lon="6.452741">
                <ele>397.3</ele>
                <name>Position 1028</name>
            </trkpt>
            <trkpt lat="50.490038" lon="6.452522">
                <ele>397.0</ele>
                <name>Position 1029</name>
            </trkpt>
            <trkpt lat="50.489798" lon="6.451851">
                <ele>397.0</ele>
                <name>Position 1030</name>
            </trkpt>
            <trkpt lat="50.489647" lon="6.451266">
                <ele>398.0</ele>
                <name>Position 1031</name>
            </trkpt>
            <trkpt lat="50.489505" lon="6.450927">
                <ele>397.8</ele>
                <name>Position 1032</name>
            </trkpt>
            <trkpt lat="50.489361" lon="6.450735">
                <ele>398.0</ele>
                <name>Position 1033</name>
            </trkpt>
            <trkpt lat="50.488928" lon="6.450263">
                <ele>398.8</ele>
                <name>Position 1034</name>
            </trkpt>
            <trkpt lat="50.488757" lon="6.450041">
                <ele>400.0</ele>
                <name>Position 1035</name>
            </trkpt>
            <trkpt lat="50.48856" lon="6.449638">
                <ele>401.0</ele>
                <name>Position 1036</name>
            </trkpt>
            <trkpt lat="50.488319" lon="6.448985">
                <ele>403.0</ele>
                <name>Position 1037</name>
            </trkpt>
            <trkpt lat="50.488158" lon="6.448459">
                <ele>405.0</ele>
                <name>Position 1038</name>
            </trkpt>
            <trkpt lat="50.488158" lon="6.448299">
                <ele>405.0</ele>
                <name>Position 1039</name>
            </trkpt>
            <trkpt lat="50.488203" lon="6.448185">
                <ele>405.0</ele>
                <name>Position 1040</name>
            </trkpt>
            <trkpt lat="50.488439" lon="6.447913">
                <ele>403.0</ele>
                <name>Position 1041</name>
            </trkpt>
            <trkpt lat="50.488675" lon="6.447671">
                <ele>402.0</ele>
                <name>Position 1042</name>
            </trkpt>
            <trkpt lat="50.488845" lon="6.447437">
                <ele>402.3</ele>
                <name>Position 1043</name>
            </trkpt>
            <trkpt lat="50.488908" lon="6.447333">
                <ele>401.0</ele>
                <name>Position 1044</name>
            </trkpt>
            <trkpt lat="50.489059" lon="6.447019">
                <ele>401.0</ele>
                <name>Position 1045</name>
            </trkpt>
            <trkpt lat="50.48916" lon="6.446715">
                <ele>401.0</ele>
                <name>Position 1046</name>
            </trkpt>
            <trkpt lat="50.489359" lon="6.446073">
                <ele>401.5</ele>
                <name>Position 1047</name>
            </trkpt>
            <trkpt lat="50.489543" lon="6.445611">
                <ele>403.0</ele>
                <name>Position 1048</name>
            </trkpt>
            <trkpt lat="50.489835" lon="6.444953">
                <ele>403.0</ele>
                <name>Position 1049</name>
            </trkpt>
            <trkpt lat="50.490089" lon="6.444096">
                <ele>405.0</ele>
                <name>Position 1050</name>
            </trkpt>
            <trkpt lat="50.490167" lon="6.443753">
                <ele>405.0</ele>
                <name>Position 1051</name>
            </trkpt>
            <trkpt lat="50.490225" lon="6.4432">
                <ele>405.0</ele>
                <name>Position 1052</name>
            </trkpt>
            <trkpt lat="50.490244" lon="6.443072">
                <ele>404.5</ele>
                <name>Position 1053</name>
            </trkpt>
            <trkpt lat="50.490301" lon="6.443036">
                <ele>404.5</ele>
                <name>Position 1054</name>
            </trkpt>
            <trkpt lat="50.490316" lon="6.442942">
                <ele>404.8</ele>
                <name>Position 1055</name>
            </trkpt>
            <trkpt lat="50.49027" lon="6.442862">
                <ele>404.8</ele>
                <name>Position 1056</name>
            </trkpt>
            <trkpt lat="50.490231" lon="6.442824">
                <ele>404.8</ele>
                <name>Position 1057</name>
            </trkpt>
            <trkpt lat="50.490222" lon="6.44255">
                <ele>405.3</ele>
                <name>Position 1058</name>
            </trkpt>
            <trkpt lat="50.490247" lon="6.442266">
                <ele>405.0</ele>
                <name>Position 1059</name>
            </trkpt>
            <trkpt lat="50.490327" lon="6.441902">
                <ele>406.0</ele>
                <name>Position 1060</name>
            </trkpt>
            <trkpt lat="50.490426" lon="6.44164">
                <ele>406.0</ele>
                <name>Position 1061</name>
            </trkpt>
            <trkpt lat="50.490535" lon="6.441462">
                <ele>404.8</ele>
                <name>Position 1062</name>
            </trkpt>
            <trkpt lat="50.490744" lon="6.441175">
                <ele>405.0</ele>
                <name>Position 1063</name>
            </trkpt>
            <trkpt lat="50.490801" lon="6.441025">
                <ele>403.8</ele>
                <name>Position 1064</name>
            </trkpt>
            <trkpt lat="50.49084" lon="6.440861">
                <ele>405.0</ele>
                <name>Position 1065</name>
            </trkpt>
            <trkpt lat="50.490856" lon="6.440708">
                <ele>405.0</ele>
                <name>Position 1066</name>
            </trkpt>
            <trkpt lat="50.49085" lon="6.440319">
                <ele>404.5</ele>
                <name>Position 1067</name>
            </trkpt>
            <trkpt lat="50.490816" lon="6.43994">
                <ele>406.0</ele>
                <name>Position 1068</name>
            </trkpt>
            <trkpt lat="50.490718" lon="6.439585">
                <ele>408.0</ele>
                <name>Position 1069</name>
            </trkpt>
            <trkpt lat="50.490671" lon="6.439308">
                <ele>410.0</ele>
                <name>Position 1070</name>
            </trkpt>
            <trkpt lat="50.490661" lon="6.439081">
                <ele>411.0</ele>
                <name>Position 1071</name>
            </trkpt>
            <trkpt lat="50.490717" lon="6.43862">
                <ele>411.0</ele>
                <name>Position 1072</name>
            </trkpt>
            <trkpt lat="50.490773" lon="6.438247">
                <ele>411.0</ele>
                <name>Position 1073</name>
            </trkpt>
            <trkpt lat="50.490786" lon="6.437907">
                <ele>410.0</ele>
                <name>Position 1074</name>
            </trkpt>
            <trkpt lat="50.490755" lon="6.437396">
                <ele>409.0</ele>
                <name>Position 1075</name>
            </trkpt>
            <trkpt lat="50.490734" lon="6.43704">
                <ele>408.0</ele>
                <name>Position 1076</name>
            </trkpt>
            <trkpt lat="50.490746" lon="6.436867">
                <ele>407.0</ele>
                <name>Position 1077</name>
            </trkpt>
            <trkpt lat="50.490786" lon="6.436605">
                <ele>406.0</ele>
                <name>Position 1078</name>
            </trkpt>
            <trkpt lat="50.490882" lon="6.436053">
                <ele>408.0</ele>
                <name>Position 1079</name>
            </trkpt>
            <trkpt lat="50.490921" lon="6.435828">
                <ele>408.0</ele>
                <name>Position 1080</name>
            </trkpt>
            <trkpt lat="50.490952" lon="6.435679">
                <ele>409.0</ele>
                <name>Position 1081</name>
            </trkpt>
            <trkpt lat="50.490991" lon="6.435558">
                <ele>410.3</ele>
                <name>Position 1082</name>
            </trkpt>
            <trkpt lat="50.491065" lon="6.4355">
                <ele>410.0</ele>
                <name>Position 1083</name>
            </trkpt>
            <trkpt lat="50.491079" lon="6.435384">
                <ele>410.3</ele>
                <name>Position 1084</name>
            </trkpt>
            <trkpt lat="50.491033" lon="6.435294">
                <ele>410.8</ele>
                <name>Position 1085</name>
            </trkpt>
            <trkpt lat="50.490953" lon="6.435291">
                <ele>411.3</ele>
                <name>Position 1086</name>
            </trkpt>
            <trkpt lat="50.490848" lon="6.435092">
                <ele>412.5</ele>
                <name>Position 1087</name>
            </trkpt>
            <trkpt lat="50.490623" lon="6.434837">
                <ele>413.5</ele>
                <name>Position 1088</name>
            </trkpt>
            <trkpt lat="50.490321" lon="6.434624">
                <ele>415.0</ele>
                <name>Position 1089</name>
            </trkpt>
            <trkpt lat="50.490086" lon="6.434555">
                <ele>413.5</ele>
                <name>Position 1090</name>
            </trkpt>
            <trkpt lat="50.489829" lon="6.434482">
                <ele>414.0</ele>
                <name>Position 1091</name>
            </trkpt>
            <trkpt lat="50.488812" lon="6.434253">
                <ele>412.0</ele>
                <name>Position 1092</name>
            </trkpt>
            <trkpt lat="50.487363" lon="6.433919">
                <ele>413.0</ele>
                <name>Position 1093</name>
            </trkpt>
            <trkpt lat="50.486427" lon="6.433742">
                <ele>414.0</ele>
                <name>Position 1094</name>
            </trkpt>
            <trkpt lat="50.485626" lon="6.433517">
                <ele>415.0</ele>
                <name>Position 1095</name>
            </trkpt>
            <trkpt lat="50.484678" lon="6.433046">
                <ele>421.3</ele>
                <name>Position 1096</name>
            </trkpt>
            <trkpt lat="50.483123" lon="6.432256">
                <ele>426.0</ele>
                <name>Position 1097</name>
            </trkpt>
            <trkpt lat="50.482755" lon="6.431918">
                <ele>427.0</ele>
                <name>Position 1098</name>
            </trkpt>
            <trkpt lat="50.482093" lon="6.431024">
                <ele>429.0</ele>
                <name>Position 1099</name>
            </trkpt>
            <trkpt lat="50.480819" lon="6.4293">
                <ele>424.0</ele>
                <name>Position 1100</name>
            </trkpt>
            <trkpt lat="50.479256" lon="6.427319">
                <ele>425.0</ele>
                <name>Position 1101</name>
            </trkpt>
            <trkpt lat="50.478706" lon="6.426554">
                <ele>427.0</ele>
                <name>Position 1102</name>
            </trkpt>
            <trkpt lat="50.476808" lon="6.423673">
                <ele>431.0</ele>
                <name>Position 1103</name>
            </trkpt>
            <trkpt lat="50.476165" lon="6.422737">
                <ele>432.0</ele>
                <name>Position 1104</name>
            </trkpt>
            <trkpt lat="50.475719" lon="6.422275">
                <ele>432.3</ele>
                <name>Position 1105</name>
            </trkpt>
            <trkpt lat="50.475429" lon="6.42205">
                <ele>434.0</ele>
                <name>Position 1106</name>
            </trkpt>
            <trkpt lat="50.475024" lon="6.421839">
                <ele>438.0</ele>
                <name>Position 1107</name>
            </trkpt>
            <trkpt lat="50.47407" lon="6.421517">
                <ele>447.0</ele>
                <name>Position 1108</name>
            </trkpt>
            <trkpt lat="50.473381" lon="6.421215">
                <ele>452.5</ele>
                <name>Position 1109</name>
            </trkpt>
            <trkpt lat="50.472107" lon="6.420113">
                <ele>460.3</ele>
                <name>Position 1110</name>
            </trkpt>
            <trkpt lat="50.470704" lon="6.418655">
                <ele>467.0</ele>
                <name>Position 1111</name>
            </trkpt>
            <trkpt lat="50.470462" lon="6.417988">
                <ele>472.0</ele>
                <name>Position 1112</name>
            </trkpt>
            <trkpt lat="50.470313" lon="6.416923">
                <ele>478.0</ele>
                <name>Position 1113</name>
            </trkpt>
            <trkpt lat="50.470196" lon="6.415723">
                <ele>486.0</ele>
                <name>Position 1114</name>
            </trkpt>
            <trkpt lat="50.470296" lon="6.41452">
                <ele>498.0</ele>
                <name>Position 1115</name>
            </trkpt>
            <trkpt lat="50.470295" lon="6.413875">
                <ele>501.5</ele>
                <name>Position 1116</name>
            </trkpt>
            <trkpt lat="50.470017" lon="6.412245">
                <ele>507.0</ele>
                <name>Position 1117</name>
            </trkpt>
            <trkpt lat="50.469642" lon="6.411375">
                <ele>513.0</ele>
                <name>Position 1118</name>
            </trkpt>
            <trkpt lat="50.469272" lon="6.410911">
                <ele>512.0</ele>
                <name>Position 1119</name>
            </trkpt>
            <trkpt lat="50.468967" lon="6.410987">
                <ele>513.0</ele>
                <name>Position 1120</name>
            </trkpt>
            <trkpt lat="50.468877" lon="6.411508">
                <ele>513.0</ele>
                <name>Position 1121</name>
            </trkpt>
            <trkpt lat="50.469111" lon="6.413003">
                <ele>506.0</ele>
                <name>Position 1122</name>
            </trkpt>
            <trkpt lat="50.469077" lon="6.413658">
                <ele>504.0</ele>
                <name>Position 1123</name>
            </trkpt>
            <trkpt lat="50.468872" lon="6.413998">
                <ele>502.5</ele>
                <name>Position 1124</name>
            </trkpt>
            <trkpt lat="50.468497" lon="6.414084">
                <ele>504.0</ele>
                <name>Position 1125</name>
            </trkpt>
            <trkpt lat="50.467515" lon="6.413831">
                <ele>512.0</ele>
                <name>Position 1126</name>
            </trkpt>
            <trkpt lat="50.464379" lon="6.412941">
                <ele>535.0</ele>
                <name>Position 1127</name>
            </trkpt>
            <trkpt lat="50.463351" lon="6.412539">
                <ele>540.0</ele>
                <name>Position 1128</name>
            </trkpt>
            <trkpt lat="50.462883" lon="6.412096">
                <ele>544.0</ele>
                <name>Position 1129</name>
            </trkpt>
            <trkpt lat="50.462552" lon="6.411599">
                <ele>547.0</ele>
                <name>Position 1130</name>
            </trkpt>
            <trkpt lat="50.462333" lon="6.411034">
                <ele>547.3</ele>
                <name>Position 1131</name>
            </trkpt>
            <trkpt lat="50.462182" lon="6.410307">
                <ele>549.5</ele>
                <name>Position 1132</name>
            </trkpt>
            <trkpt lat="50.461895" lon="6.407861">
                <ele>562.0</ele>
                <name>Position 1133</name>
            </trkpt>
            <trkpt lat="50.461827" lon="6.407341">
                <ele>564.5</ele>
                <name>Position 1134</name>
            </trkpt>
            <trkpt lat="50.461704" lon="6.406956">
                <ele>567.0</ele>
                <name>Position 1135</name>
            </trkpt>
            <trkpt lat="50.461492" lon="6.406804">
                <ele>567.5</ele>
                <name>Position 1136</name>
            </trkpt>
            <trkpt lat="50.461226" lon="6.406936">
                <ele>567.5</ele>
                <name>Position 1137</name>
            </trkpt>
            <trkpt lat="50.460731" lon="6.407241">
                <ele>568.0</ele>
                <name>Position 1138</name>
            </trkpt>
            <trkpt lat="50.460315" lon="6.407045">
                <ele>573.0</ele>
                <name>Position 1139</name>
            </trkpt>
            <trkpt lat="50.459117" lon="6.405942">
                <ele>582.0</ele>
                <name>Position 1140</name>
            </trkpt>
            <trkpt lat="50.457364" lon="6.404881">
                <ele>597.0</ele>
                <name>Position 1141</name>
            </trkpt>
            <trkpt lat="50.456462" lon="6.40425">
                <ele>601.0</ele>
                <name>Position 1142</name>
            </trkpt>
            <trkpt lat="50.456187" lon="6.403891">
                <ele>601.0</ele>
                <name>Position 1143</name>
            </trkpt>
            <trkpt lat="50.456091" lon="6.403455">
                <ele>599.8</ele>
                <name>Position 1144</name>
            </trkpt>
            <trkpt lat="50.455877" lon="6.402084">
                <ele>600.0</ele>
                <name>Position 1145</name>
            </trkpt>
            <trkpt lat="50.455752" lon="6.401258">
                <ele>602.0</ele>
                <name>Position 1146</name>
            </trkpt>
            <trkpt lat="50.455751" lon="6.400553">
                <ele>603.0</ele>
                <name>Position 1147</name>
            </trkpt>
            <trkpt lat="50.456074" lon="6.397384">
                <ele>604.0</ele>
                <name>Position 1148</name>
            </trkpt>
            <trkpt lat="50.456103" lon="6.396408">
                <ele>605.8</ele>
                <name>Position 1149</name>
            </trkpt>
            <trkpt lat="50.456022" lon="6.395176">
                <ele>609.0</ele>
                <name>Position 1150</name>
            </trkpt>
            <trkpt lat="50.456022" lon="6.395177">
                <ele>609.0</ele>
                <name>Position 1151</name>
            </trkpt>
            <trkpt lat="50.455855" lon="6.394187">
                <ele>615.0</ele>
                <name>Position 1152</name>
            </trkpt>
            <trkpt lat="50.455432" lon="6.392165">
                <ele>620.0</ele>
                <name>Position 1153</name>
            </trkpt>
            <trkpt lat="50.45508" lon="6.390211">
                <ele>625.0</ele>
                <name>Position 1154</name>
            </trkpt>
            <trkpt lat="50.454992" lon="6.389535">
                <ele>627.0</ele>
                <name>Position 1155</name>
            </trkpt>
            <trkpt lat="50.454836" lon="6.388042">
                <ele>625.8</ele>
                <name>Position 1156</name>
            </trkpt>
            <trkpt lat="50.454611" lon="6.38471">
                <ele>630.0</ele>
                <name>Position 1157</name>
            </trkpt>
            <trkpt lat="50.454553" lon="6.383775">
                <ele>631.0</ele>
                <name>Position 1158</name>
            </trkpt>
            <trkpt lat="50.454388" lon="6.38184">
                <ele>626.0</ele>
                <name>Position 1159</name>
            </trkpt>
            <trkpt lat="50.45419" lon="6.380718">
                <ele>625.0</ele>
                <name>Position 1160</name>
            </trkpt>
            <trkpt lat="50.453902" lon="6.379771">
                <ele>624.5</ele>
                <name>Position 1161</name>
            </trkpt>
            <trkpt lat="50.453449" lon="6.378916">
                <ele>626.0</ele>
                <name>Position 1162</name>
            </trkpt>
            <trkpt lat="50.452956" lon="6.378351">
                <ele>627.0</ele>
                <name>Position 1163</name>
            </trkpt>
            <trkpt lat="50.452343" lon="6.377951">
                <ele>629.0</ele>
                <name>Position 1164</name>
            </trkpt>
            <trkpt lat="50.451662" lon="6.37774">
                <ele>634.5</ele>
                <name>Position 1165</name>
            </trkpt>
            <trkpt lat="50.450705" lon="6.377687">
                <ele>638.5</ele>
                <name>Position 1166</name>
            </trkpt>
            <trkpt lat="50.448256" lon="6.377885">
                <ele>633.8</ele>
                <name>Position 1167</name>
            </trkpt>
            <trkpt lat="50.445836" lon="6.378065">
                <ele>640.0</ele>
                <name>Position 1168</name>
            </trkpt>
            <trkpt lat="50.44325" lon="6.378265">
                <ele>640.8</ele>
                <name>Position 1169</name>
            </trkpt>
            <trkpt lat="50.441633" lon="6.3784">
                <ele>642.8</ele>
                <name>Position 1170</name>
            </trkpt>
            <trkpt lat="50.439532" lon="6.378561">
                <ele>645.0</ele>
                <name>Position 1171</name>
            </trkpt>
            <trkpt lat="50.437589" lon="6.378712">
                <ele>650.5</ele>
                <name>Position 1172</name>
            </trkpt>
            <trkpt lat="50.435647" lon="6.378841">
                <ele>655.5</ele>
                <name>Position 1173</name>
            </trkpt>
            <trkpt lat="50.435082" lon="6.378724">
                <ele>658.0</ele>
                <name>Position 1174</name>
            </trkpt>
            <trkpt lat="50.434751" lon="6.378582">
                <ele>659.0</ele>
                <name>Position 1175</name>
            </trkpt>
            <trkpt lat="50.431277" lon="6.376181">
                <ele>665.0</ele>
                <name>Position 1176</name>
            </trkpt>
            <trkpt lat="50.430852" lon="6.375897">
                <ele>666.5</ele>
                <name>Position 1177</name>
            </trkpt>
            <trkpt lat="50.428715" lon="6.374446">
                <ele>674.8</ele>
                <name>Position 1178</name>
            </trkpt>
            <trkpt lat="50.42745" lon="6.373565">
                <ele>678.0</ele>
                <name>Position 1179</name>
            </trkpt>
            <trkpt lat="50.426184" lon="6.372698">
                <ele>676.0</ele>
                <name>Position 1180</name>
            </trkpt>
            <trkpt lat="50.425704" lon="6.372366">
                <ele>674.0</ele>
                <name>Position 1181</name>
            </trkpt>
            <trkpt lat="50.42498" lon="6.37179">
                <ele>674.5</ele>
                <name>Position 1182</name>
            </trkpt>
            <trkpt lat="50.422661" lon="6.369605">
                <ele>675.5</ele>
                <name>Position 1183</name>
            </trkpt>
            <trkpt lat="50.421091" lon="6.368119">
                <ele>675.0</ele>
                <name>Position 1184</name>
            </trkpt>
            <trkpt lat="50.420265" lon="6.367367">
                <ele>679.0</ele>
                <name>Position 1185</name>
            </trkpt>
            <trkpt lat="50.41961" lon="6.367007">
                <ele>681.0</ele>
                <name>Position 1186</name>
            </trkpt>
            <trkpt lat="50.419183" lon="6.366968">
                <ele>681.8</ele>
                <name>Position 1187</name>
            </trkpt>
            <trkpt lat="50.418533" lon="6.367069">
                <ele>685.8</ele>
                <name>Position 1188</name>
            </trkpt>
            <trkpt lat="50.413806" lon="6.368763">
                <ele>682.0</ele>
                <name>Position 1189</name>
            </trkpt>
            <trkpt lat="50.413534" lon="6.369799">
                <ele>679.0</ele>
                <name>Position 1190</name>
            </trkpt>
            <trkpt lat="50.413115" lon="6.37238">
                <ele>680.0</ele>
                <name>Position 1191</name>
            </trkpt>
            <trkpt lat="50.413115" lon="6.37238">
                <ele>680.0</ele>
                <name>Position 1192</name>
            </trkpt>
            <trkpt lat="50.412953" lon="6.373335">
                <ele>682.0</ele>
                <name>Position 1193</name>
            </trkpt>
            <trkpt lat="50.412921" lon="6.373535">
                <ele>680.8</ele>
                <name>Position 1194</name>
            </trkpt>
            <trkpt lat="50.412901" lon="6.37511">
                <ele>681.0</ele>
                <name>Position 1195</name>
            </trkpt>
            <trkpt lat="50.412792" lon="6.376677">
                <ele>677.5</ele>
                <name>Position 1196</name>
            </trkpt>
            <trkpt lat="50.41249" lon="6.379044">
                <ele>672.0</ele>
                <name>Position 1197</name>
            </trkpt>
            <trkpt lat="50.41238" lon="6.379786">
                <ele>669.5</ele>
                <name>Position 1198</name>
            </trkpt>
            <trkpt lat="50.412331" lon="6.381479">
                <ele>668.8</ele>
                <name>Position 1199</name>
            </trkpt>
            <trkpt lat="50.412567" lon="6.384616">
                <ele>668.5</ele>
                <name>Position 1200</name>
            </trkpt>
            <trkpt lat="50.412227" lon="6.386733">
                <ele>665.5</ele>
                <name>Position 1201</name>
            </trkpt>
            <trkpt lat="50.412097" lon="6.387577">
                <ele>665.5</ele>
                <name>Position 1202</name>
            </trkpt>
            <trkpt lat="50.412261" lon="6.389401">
                <ele>664.0</ele>
                <name>Position 1203</name>
            </trkpt>
            <trkpt lat="50.412202" lon="6.392174">
                <ele>652.0</ele>
                <name>Position 1204</name>
            </trkpt>
            <trkpt lat="50.412187" lon="6.394002">
                <ele>648.0</ele>
                <name>Position 1205</name>
            </trkpt>
            <trkpt lat="50.412199" lon="6.396547">
                <ele>645.0</ele>
                <name>Position 1206</name>
            </trkpt>
            <trkpt lat="50.411986" lon="6.399102">
                <ele>643.0</ele>
                <name>Position 1207</name>
            </trkpt>
            <trkpt lat="50.411812" lon="6.401783">
                <ele>644.0</ele>
                <name>Position 1208</name>
            </trkpt>
            <trkpt lat="50.411862" lon="6.402531">
                <ele>644.0</ele>
                <name>Position 1209</name>
            </trkpt>
            <trkpt lat="50.412394" lon="6.405443">
                <ele>646.0</ele>
                <name>Position 1210</name>
            </trkpt>
            <trkpt lat="50.412922" lon="6.407951">
                <ele>644.0</ele>
                <name>Position 1211</name>
            </trkpt>
            <trkpt lat="50.412826" lon="6.411051">
                <ele>639.0</ele>
                <name>Position 1212</name>
            </trkpt>
            <trkpt lat="50.412501" lon="6.416859">
                <ele>630.0</ele>
                <name>Position 1213</name>
            </trkpt>
            <trkpt lat="50.413235" lon="6.420783">
                <ele>631.0</ele>
                <name>Position 1214</name>
            </trkpt>
            <trkpt lat="50.413612" lon="6.423135">
                <ele>633.0</ele>
                <name>Position 1215</name>
            </trkpt>
            <trkpt lat="50.413756" lon="6.429071">
                <ele>637.0</ele>
                <name>Position 1216</name>
            </trkpt>
            <trkpt lat="50.413806" lon="6.431427">
                <ele>641.0</ele>
                <name>Position 1217</name>
            </trkpt>
            <trkpt lat="50.413947" lon="6.432698">
                <ele>640.0</ele>
                <name>Position 1218</name>
            </trkpt>
            <trkpt lat="50.414528" lon="6.435485">
                <ele>642.0</ele>
                <name>Position 1219</name>
            </trkpt>
            <trkpt lat="50.414569" lon="6.437476">
                <ele>643.0</ele>
                <name>Position 1220</name>
            </trkpt>
            <trkpt lat="50.414847" lon="6.438614">
                <ele>643.0</ele>
                <name>Position 1221</name>
            </trkpt>
            <trkpt lat="50.415252" lon="6.439339">
                <ele>640.0</ele>
                <name>Position 1222</name>
            </trkpt>
            <trkpt lat="50.415618" lon="6.439742">
                <ele>636.5</ele>
                <name>Position 1223</name>
            </trkpt>
            <trkpt lat="50.415594" lon="6.439896">
                <ele>637.0</ele>
                <name>Position 1224</name>
            </trkpt>
            <trkpt lat="50.415664" lon="6.440011">
                <ele>636.0</ele>
                <name>Position 1225</name>
            </trkpt>
            <trkpt lat="50.41549" lon="6.44135">
                <ele>640.0</ele>
                <name>Position 1226</name>
            </trkpt>
            <trkpt lat="50.415247" lon="6.443647">
                <ele>639.0</ele>
                <name>Position 1227</name>
            </trkpt>
            <trkpt lat="50.414728" lon="6.445293">
                <ele>637.0</ele>
                <name>Position 1228</name>
            </trkpt>
            <trkpt lat="50.413894" lon="6.44643">
                <ele>638.0</ele>
                <name>Position 1229</name>
            </trkpt>
            <trkpt lat="50.411639" lon="6.447453">
                <ele>614.0</ele>
                <name>Position 1230</name>
            </trkpt>
            <trkpt lat="50.410329" lon="6.44777">
                <ele>607.0</ele>
                <name>Position 1231</name>
            </trkpt>
            <trkpt lat="50.408381" lon="6.448652">
                <ele>601.0</ele>
                <name>Position 1232</name>
            </trkpt>
            <trkpt lat="50.407534" lon="6.449846">
                <ele>597.8</ele>
                <name>Position 1233</name>
            </trkpt>
            <trkpt lat="50.406338" lon="6.452774">
                <ele>594.0</ele>
                <name>Position 1234</name>
            </trkpt>
            <trkpt lat="50.405" lon="6.456098">
                <ele>584.3</ele>
                <name>Position 1235</name>
            </trkpt>
            <trkpt lat="50.404526" lon="6.456842">
                <ele>581.8</ele>
                <name>Position 1236</name>
            </trkpt>
            <trkpt lat="50.402973" lon="6.458804">
                <ele>575.0</ele>
                <name>Position 1237</name>
            </trkpt>
            <trkpt lat="50.401167" lon="6.461044">
                <ele>569.0</ele>
                <name>Position 1238</name>
            </trkpt>
            <trkpt lat="50.399513" lon="6.46186">
                <ele>563.0</ele>
                <name>Position 1239</name>
            </trkpt>
            <trkpt lat="50.398401" lon="6.461688">
                <ele>556.5</ele>
                <name>Position 1240</name>
            </trkpt>
            <trkpt lat="50.39757" lon="6.461388">
                <ele>554.8</ele>
                <name>Position 1241</name>
            </trkpt>
            <trkpt lat="50.397385" lon="6.461205">
                <ele>556.0</ele>
                <name>Position 1242</name>
            </trkpt>
            <trkpt lat="50.395973" lon="6.459563">
                <ele>551.0</ele>
                <name>Position 1243</name>
            </trkpt>
            <trkpt lat="50.39541" lon="6.459446">
                <ele>549.0</ele>
                <name>Position 1244</name>
            </trkpt>
            <trkpt lat="50.394815" lon="6.45956">
                <ele>547.0</ele>
                <name>Position 1245</name>
            </trkpt>
            <trkpt lat="50.392201" lon="6.460894">
                <ele>544.0</ele>
                <name>Position 1246</name>
            </trkpt>
            <trkpt lat="50.389811" lon="6.460755">
                <ele>534.0</ele>
                <name>Position 1247</name>
            </trkpt>
            <trkpt lat="50.389253" lon="6.460581">
                <ele>532.5</ele>
                <name>Position 1248</name>
            </trkpt>
            <trkpt lat="50.387442" lon="6.461337">
                <ele>529.5</ele>
                <name>Position 1249</name>
            </trkpt>
            <trkpt lat="50.386804" lon="6.461398">
                <ele>529.0</ele>
                <name>Position 1250</name>
            </trkpt>
            <trkpt lat="50.385933" lon="6.460913">
                <ele>528.0</ele>
                <name>Position 1251</name>
            </trkpt>
            <trkpt lat="50.384972" lon="6.460322">
                <ele>528.0</ele>
                <name>Position 1252</name>
            </trkpt>
            <trkpt lat="50.384315" lon="6.460052">
                <ele>527.0</ele>
                <name>Position 1253</name>
            </trkpt>
            <trkpt lat="50.383917" lon="6.460655">
                <ele>522.0</ele>
                <name>Position 1254</name>
            </trkpt>
            <trkpt lat="50.383566" lon="6.460778">
                <ele>521.0</ele>
                <name>Position 1255</name>
            </trkpt>
            <trkpt lat="50.383194" lon="6.460378">
                <ele>523.0</ele>
                <name>Position 1256</name>
            </trkpt>
            <trkpt lat="50.38252" lon="6.458619">
                <ele>524.0</ele>
                <name>Position 1257</name>
            </trkpt>
            <trkpt lat="50.381872" lon="6.457238">
                <ele>523.3</ele>
                <name>Position 1258</name>
            </trkpt>
            <trkpt lat="50.380782" lon="6.455743">
                <ele>516.3</ele>
                <name>Position 1259</name>
            </trkpt>
            <trkpt lat="50.380195" lon="6.454843">
                <ele>516.0</ele>
                <name>Position 1260</name>
            </trkpt>
            <trkpt lat="50.379808" lon="6.45442">
                <ele>515.0</ele>
                <name>Position 1261</name>
            </trkpt>
            <trkpt lat="50.377722" lon="6.452935">
                <ele>513.0</ele>
                <name>Position 1262</name>
            </trkpt>
            <trkpt lat="50.377723" lon="6.452935">
                <ele>513.0</ele>
                <name>Position 1263</name>
            </trkpt>
            <trkpt lat="50.376813" lon="6.452062">
                <ele>512.0</ele>
                <name>Position 1264</name>
            </trkpt>
            <trkpt lat="50.37592" lon="6.450805">
                <ele>510.0</ele>
                <name>Position 1265</name>
            </trkpt>
            <trkpt lat="50.374618" lon="6.448311">
                <ele>506.0</ele>
                <name>Position 1266</name>
            </trkpt>
            <trkpt lat="50.37405" lon="6.447591">
                <ele>506.0</ele>
                <name>Position 1267</name>
            </trkpt>
            <trkpt lat="50.373372" lon="6.447094">
                <ele>505.0</ele>
                <name>Position 1268</name>
            </trkpt>
            <trkpt lat="50.372625" lon="6.446969">
                <ele>500.8</ele>
                <name>Position 1269</name>
            </trkpt>
            <trkpt lat="50.372303" lon="6.447005">
                <ele>500.0</ele>
                <name>Position 1270</name>
            </trkpt>
            <trkpt lat="50.37169" lon="6.447172">
                <ele>498.3</ele>
                <name>Position 1271</name>
            </trkpt>
            <trkpt lat="50.37106" lon="6.447301">
                <ele>498.0</ele>
                <name>Position 1272</name>
            </trkpt>
            <trkpt lat="50.370608" lon="6.447301">
                <ele>498.0</ele>
                <name>Position 1273</name>
            </trkpt>
            <trkpt lat="50.369411" lon="6.446566">
                <ele>499.5</ele>
                <name>Position 1274</name>
            </trkpt>
            <trkpt lat="50.367907" lon="6.446269">
                <ele>498.0</ele>
                <name>Position 1275</name>
            </trkpt>
            <trkpt lat="50.366381" lon="6.44659">
                <ele>493.5</ele>
                <name>Position 1276</name>
            </trkpt>
            <trkpt lat="50.364852" lon="6.447181">
                <ele>493.0</ele>
                <name>Position 1277</name>
            </trkpt>
            <trkpt lat="50.363473" lon="6.448246">
                <ele>494.0</ele>
                <name>Position 1278</name>
            </trkpt>
            <trkpt lat="50.362985" lon="6.448877">
                <ele>495.0</ele>
                <name>Position 1279</name>
            </trkpt>
            <trkpt lat="50.362499" lon="6.449749">
                <ele>491.0</ele>
                <name>Position 1280</name>
            </trkpt>
            <trkpt lat="50.362458" lon="6.449969">
                <ele>490.3</ele>
                <name>Position 1281</name>
            </trkpt>
            <trkpt lat="50.362636" lon="6.450161">
                <ele>490.8</ele>
                <name>Position 1282</name>
            </trkpt>
            <trkpt lat="50.362964" lon="6.450444">
                <ele>492.5</ele>
                <name>Position 1283</name>
            </trkpt>
            <trkpt lat="50.364113" lon="6.452194">
                <ele>504.0</ele>
                <name>Position 1284</name>
            </trkpt>
            <trkpt lat="50.364483" lon="6.455785">
                <ele>515.0</ele>
                <name>Position 1285</name>
            </trkpt>
            <trkpt lat="50.364398" lon="6.457043">
                <ele>521.5</ele>
                <name>Position 1286</name>
            </trkpt>
            <trkpt lat="50.364281" lon="6.457451">
                <ele>519.3</ele>
                <name>Position 1287</name>
            </trkpt>
            <trkpt lat="50.363858" lon="6.458543">
                <ele>513.0</ele>
                <name>Position 1288</name>
            </trkpt>
            <trkpt lat="50.363733" lon="6.459">
                <ele>513.0</ele>
                <name>Position 1289</name>
            </trkpt>
            <trkpt lat="50.363643" lon="6.459765">
                <ele>512.0</ele>
                <name>Position 1290</name>
            </trkpt>
            <trkpt lat="50.363532" lon="6.460239">
                <ele>508.0</ele>
                <name>Position 1291</name>
            </trkpt>
            <trkpt lat="50.363044" lon="6.461908">
                <ele>506.0</ele>
                <name>Position 1292</name>
            </trkpt>
            <trkpt lat="50.362599" lon="6.463403">
                <ele>498.0</ele>
                <name>Position 1293</name>
            </trkpt>
            <trkpt lat="50.362409" lon="6.463763">
                <ele>497.0</ele>
                <name>Position 1294</name>
            </trkpt>
            <trkpt lat="50.362103" lon="6.464107">
                <ele>495.0</ele>
                <name>Position 1295</name>
            </trkpt>
            <trkpt lat="50.361947" lon="6.464373">
                <ele>497.0</ele>
                <name>Position 1296</name>
            </trkpt>
            <trkpt lat="50.361672" lon="6.465073">
                <ele>499.0</ele>
                <name>Position 1297</name>
            </trkpt>
            <trkpt lat="50.361247" lon="6.466205">
                <ele>504.0</ele>
                <name>Position 1298</name>
            </trkpt>
            <trkpt lat="50.361003" lon="6.466945">
                <ele>502.0</ele>
                <name>Position 1299</name>
            </trkpt>
            <trkpt lat="50.360814" lon="6.468034">
                <ele>498.5</ele>
                <name>Position 1300</name>
            </trkpt>
            <trkpt lat="50.360571" lon="6.469592">
                <ele>497.0</ele>
                <name>Position 1301</name>
            </trkpt>
            <trkpt lat="50.360519" lon="6.470051">
                <ele>497.0</ele>
                <name>Position 1302</name>
            </trkpt>
            <trkpt lat="50.360511" lon="6.470612">
                <ele>499.0</ele>
                <name>Position 1303</name>
            </trkpt>
            <trkpt lat="50.360534" lon="6.471818">
                <ele>499.0</ele>
                <name>Position 1304</name>
            </trkpt>
            <trkpt lat="50.360569" lon="6.473309">
                <ele>491.5</ele>
                <name>Position 1305</name>
            </trkpt>
            <trkpt lat="50.360651" lon="6.473967">
                <ele>491.0</ele>
                <name>Position 1306</name>
            </trkpt>
            <trkpt lat="50.360753" lon="6.474791">
                <ele>488.0</ele>
                <name>Position 1307</name>
            </trkpt>
            <trkpt lat="50.360789" lon="6.475708">
                <ele>485.0</ele>
                <name>Position 1308</name>
            </trkpt>
            <trkpt lat="50.360864" lon="6.476176">
                <ele>484.0</ele>
                <name>Position 1309</name>
            </trkpt>
            <trkpt lat="50.361156" lon="6.477009">
                <ele>488.0</ele>
                <name>Position 1310</name>
            </trkpt>
            <trkpt lat="50.361413" lon="6.477755">
                <ele>492.0</ele>
                <name>Position 1311</name>
            </trkpt>
            <trkpt lat="50.361601" lon="6.478435">
                <ele>492.0</ele>
                <name>Position 1312</name>
            </trkpt>
            <trkpt lat="50.361734" lon="6.47896">
                <ele>491.0</ele>
                <name>Position 1313</name>
            </trkpt>
            <trkpt lat="50.361799" lon="6.479277">
                <ele>491.0</ele>
                <name>Position 1314</name>
            </trkpt>
            <trkpt lat="50.361941" lon="6.480496">
                <ele>490.0</ele>
                <name>Position 1315</name>
            </trkpt>
            <trkpt lat="50.361863" lon="6.481666">
                <ele>487.0</ele>
                <name>Position 1316</name>
            </trkpt>
            <trkpt lat="50.361802" lon="6.482542">
                <ele>484.3</ele>
                <name>Position 1317</name>
            </trkpt>
            <trkpt lat="50.361731" lon="6.483909">
                <ele>484.3</ele>
                <name>Position 1318</name>
            </trkpt>
            <trkpt lat="50.361627" lon="6.485702">
                <ele>493.0</ele>
                <name>Position 1319</name>
            </trkpt>
            <trkpt lat="50.360787" lon="6.489736">
                <ele>490.0</ele>
                <name>Position 1320</name>
            </trkpt>
            <trkpt lat="50.360693" lon="6.491175">
                <ele>490.0</ele>
                <name>Position 1321</name>
            </trkpt>
            <trkpt lat="50.360757" lon="6.491966">
                <ele>488.0</ele>
                <name>Position 1322</name>
            </trkpt>
            <trkpt lat="50.361039" lon="6.493267">
                <ele>486.0</ele>
                <name>Position 1323</name>
            </trkpt>
            <trkpt lat="50.361173" lon="6.493863">
                <ele>487.0</ele>
                <name>Position 1324</name>
            </trkpt>
            <trkpt lat="50.361329" lon="6.494529">
                <ele>489.5</ele>
                <name>Position 1325</name>
            </trkpt>
            <trkpt lat="50.361586" lon="6.495777">
                <ele>489.0</ele>
                <name>Position 1326</name>
            </trkpt>
            <trkpt lat="50.361747" lon="6.496836">
                <ele>488.0</ele>
                <name>Position 1327</name>
            </trkpt>
            <trkpt lat="50.361896" lon="6.498178">
                <ele>482.0</ele>
                <name>Position 1328</name>
            </trkpt>
            <trkpt lat="50.362365" lon="6.505304">
                <ele>475.8</ele>
                <name>Position 1329</name>
            </trkpt>
            <trkpt lat="50.362388" lon="6.506733">
                <ele>474.0</ele>
                <name>Position 1330</name>
            </trkpt>
            <trkpt lat="50.362318" lon="6.508905">
                <ele>468.5</ele>
                <name>Position 1331</name>
            </trkpt>
            <trkpt lat="50.36219" lon="6.509971">
                <ele>465.0</ele>
                <name>Position 1332</name>
            </trkpt>
            <trkpt lat="50.361921" lon="6.51145">
                <ele>469.0</ele>
                <name>Position 1333</name>
            </trkpt>
            <trkpt lat="50.361656" lon="6.512413">
                <ele>471.3</ele>
                <name>Position 1334</name>
            </trkpt>
            <trkpt lat="50.361057" lon="6.514103">
                <ele>468.3</ele>
                <name>Position 1335</name>
            </trkpt>
            <trkpt lat="50.36059" lon="6.515012">
                <ele>464.0</ele>
                <name>Position 1336</name>
            </trkpt>
            <trkpt lat="50.360269" lon="6.515538">
                <ele>463.0</ele>
                <name>Position 1337</name>
            </trkpt>
            <trkpt lat="50.359926" lon="6.515986">
                <ele>459.8</ele>
                <name>Position 1338</name>
            </trkpt>
            <trkpt lat="50.359038" lon="6.517109">
                <ele>461.0</ele>
                <name>Position 1339</name>
            </trkpt>
            <trkpt lat="50.358521" lon="6.517691">
                <ele>466.0</ele>
                <name>Position 1340</name>
            </trkpt>
            <trkpt lat="50.357828" lon="6.518021">
                <ele>467.3</ele>
                <name>Position 1341</name>
            </trkpt>
            <trkpt lat="50.35692" lon="6.519343">
                <ele>468.0</ele>
                <name>Position 1342</name>
            </trkpt>
            <trkpt lat="50.356459" lon="6.520074">
                <ele>465.0</ele>
                <name>Position 1343</name>
            </trkpt>
            <trkpt lat="50.356334" lon="6.52043">
                <ele>465.0</ele>
                <name>Position 1344</name>
            </trkpt>
            <trkpt lat="50.35576" lon="6.522846">
                <ele>464.0</ele>
                <name>Position 1345</name>
            </trkpt>
            <trkpt lat="50.355685" lon="6.52306">
                <ele>462.5</ele>
                <name>Position 1346</name>
            </trkpt>
            <trkpt lat="50.355572" lon="6.523222">
                <ele>463.0</ele>
                <name>Position 1347</name>
            </trkpt>
            <trkpt lat="50.355114" lon="6.523578">
                <ele>460.0</ele>
                <name>Position 1348</name>
            </trkpt>
            <trkpt lat="50.3546" lon="6.523824">
                <ele>456.0</ele>
                <name>Position 1349</name>
            </trkpt>
            <trkpt lat="50.353723" lon="6.52418">
                <ele>454.0</ele>
                <name>Position 1350</name>
            </trkpt>
            <trkpt lat="50.353622" lon="6.52422">
                <ele>454.0</ele>
                <name>Position 1351</name>
            </trkpt>
            <trkpt lat="50.353302" lon="6.524346">
                <ele>454.0</ele>
                <name>Position 1352</name>
            </trkpt>
            <trkpt lat="50.353079" lon="6.524559">
                <ele>454.0</ele>
                <name>Position 1353</name>
            </trkpt>
            <trkpt lat="50.352443" lon="6.525842">
                <ele>455.0</ele>
                <name>Position 1354</name>
            </trkpt>
            <trkpt lat="50.352289" lon="6.526088">
                <ele>457.0</ele>
                <name>Position 1355</name>
            </trkpt>
            <trkpt lat="50.352079" lon="6.52661">
                <ele>460.0</ele>
                <name>Position 1356</name>
            </trkpt>
            <trkpt lat="50.351365" lon="6.528132">
                <ele>458.0</ele>
                <name>Position 1357</name>
            </trkpt>
            <trkpt lat="50.35121" lon="6.528587">
                <ele>457.5</ele>
                <name>Position 1358</name>
            </trkpt>
            <trkpt lat="50.351127" lon="6.528908">
                <ele>457.0</ele>
                <name>Position 1359</name>
            </trkpt>
            <trkpt lat="50.350943" lon="6.529138">
                <ele>458.0</ele>
                <name>Position 1360</name>
            </trkpt>
            <trkpt lat="50.350501" lon="6.529368">
                <ele>459.0</ele>
                <name>Position 1361</name>
            </trkpt>
            <trkpt lat="50.350027" lon="6.529503">
                <ele>459.0</ele>
                <name>Position 1362</name>
            </trkpt>
            <trkpt lat="50.349744" lon="6.529557">
                <ele>458.8</ele>
                <name>Position 1363</name>
            </trkpt>
            <trkpt lat="50.349517" lon="6.529719">
                <ele>457.0</ele>
                <name>Position 1364</name>
            </trkpt>
            <trkpt lat="50.349388" lon="6.530045">
                <ele>455.3</ele>
                <name>Position 1365</name>
            </trkpt>
            <trkpt lat="50.349346" lon="6.530238">
                <ele>455.0</ele>
                <name>Position 1366</name>
            </trkpt>
            <trkpt lat="50.349333" lon="6.530501">
                <ele>455.0</ele>
                <name>Position 1367</name>
            </trkpt>
            <trkpt lat="50.349498" lon="6.531084">
                <ele>456.0</ele>
                <name>Position 1368</name>
            </trkpt>
            <trkpt lat="50.350006" lon="6.532139">
                <ele>453.5</ele>
                <name>Position 1369</name>
            </trkpt>
            <trkpt lat="50.350343" lon="6.532504">
                <ele>454.0</ele>
                <name>Position 1370</name>
            </trkpt>
            <trkpt lat="50.351119" lon="6.53313">
                <ele>450.0</ele>
                <name>Position 1371</name>
            </trkpt>
            <trkpt lat="50.35137" lon="6.533495">
                <ele>449.0</ele>
                <name>Position 1372</name>
            </trkpt>
            <trkpt lat="50.351869" lon="6.534612">
                <ele>450.3</ele>
                <name>Position 1373</name>
            </trkpt>
            <trkpt lat="50.352191" lon="6.535432">
                <ele>451.0</ele>
                <name>Position 1374</name>
            </trkpt>
            <trkpt lat="50.352259" lon="6.536219">
                <ele>451.0</ele>
                <name>Position 1375</name>
            </trkpt>
            <trkpt lat="50.352225" lon="6.537064">
                <ele>450.0</ele>
                <name>Position 1376</name>
            </trkpt>
            <trkpt lat="50.351802" lon="6.539633">
                <ele>447.0</ele>
                <name>Position 1377</name>
            </trkpt>
            <trkpt lat="50.351665" lon="6.540754">
                <ele>445.0</ele>
                <name>Position 1378</name>
            </trkpt>
            <trkpt lat="50.351529" lon="6.543817">
                <ele>444.8</ele>
                <name>Position 1379</name>
            </trkpt>
            <trkpt lat="50.351483" lon="6.544807">
                <ele>445.8</ele>
                <name>Position 1380</name>
            </trkpt>
            <trkpt lat="50.351459" lon="6.545467">
                <ele>446.8</ele>
                <name>Position 1381</name>
            </trkpt>
            <trkpt lat="50.351346" lon="6.548105">
                <ele>450.0</ele>
                <name>Position 1382</name>
            </trkpt>
            <trkpt lat="50.351232" lon="6.549517">
                <ele>451.0</ele>
                <name>Position 1383</name>
            </trkpt>
            <trkpt lat="50.351232" lon="6.549517">
                <ele>451.0</ele>
                <name>Position 1384</name>
            </trkpt>
            <trkpt lat="50.350964" lon="6.551491">
                <ele>454.8</ele>
                <name>Position 1385</name>
            </trkpt>
            <trkpt lat="50.350722" lon="6.553238">
                <ele>457.0</ele>
                <name>Position 1386</name>
            </trkpt>
            <trkpt lat="50.35056" lon="6.554603">
                <ele>456.0</ele>
                <name>Position 1387</name>
            </trkpt>
            <trkpt lat="50.35054" lon="6.556159">
                <ele>461.0</ele>
                <name>Position 1388</name>
            </trkpt>
            <trkpt lat="50.350295" lon="6.558218">
                <ele>457.8</ele>
                <name>Position 1389</name>
            </trkpt>
            <trkpt lat="50.350025" lon="6.560163">
                <ele>460.0</ele>
                <name>Position 1390</name>
            </trkpt>
            <trkpt lat="50.349756" lon="6.56133">
                <ele>457.0</ele>
                <name>Position 1391</name>
            </trkpt>
            <trkpt lat="50.349473" lon="6.562091">
                <ele>457.0</ele>
                <name>Position 1392</name>
            </trkpt>
            <trkpt lat="50.349086" lon="6.563174">
                <ele>455.5</ele>
                <name>Position 1393</name>
            </trkpt>
            <trkpt lat="50.348436" lon="6.565275">
                <ele>457.0</ele>
                <name>Position 1394</name>
            </trkpt>
            <trkpt lat="50.348001" lon="6.567103">
                <ele>454.8</ele>
                <name>Position 1395</name>
            </trkpt>
            <trkpt lat="50.347909" lon="6.568349">
                <ele>452.0</ele>
                <name>Position 1396</name>
            </trkpt>
            <trkpt lat="50.347698" lon="6.569447">
                <ele>449.0</ele>
                <name>Position 1397</name>
            </trkpt>
            <trkpt lat="50.347537" lon="6.57001">
                <ele>445.0</ele>
                <name>Position 1398</name>
            </trkpt>
            <trkpt lat="50.347369" lon="6.570428">
                <ele>446.0</ele>
                <name>Position 1399</name>
            </trkpt>
            <trkpt lat="50.347203" lon="6.570905">
                <ele>445.0</ele>
                <name>Position 1400</name>
            </trkpt>
            <trkpt lat="50.347089" lon="6.570903">
                <ele>447.0</ele>
                <name>Position 1401</name>
            </trkpt>
            <trkpt lat="50.347024" lon="6.571027">
                <ele>447.0</ele>
                <name>Position 1402</name>
            </trkpt>
            <trkpt lat="50.347029" lon="6.571158">
                <ele>446.0</ele>
                <name>Position 1403</name>
            </trkpt>
            <trkpt lat="50.347085" lon="6.571254">
                <ele>445.3</ele>
                <name>Position 1404</name>
            </trkpt>
            <trkpt lat="50.347186" lon="6.571267">
                <ele>444.0</ele>
                <name>Position 1405</name>
            </trkpt>
            <trkpt lat="50.347266" lon="6.571495">
                <ele>442.0</ele>
                <name>Position 1406</name>
            </trkpt>
            <trkpt lat="50.347988" lon="6.572252">
                <ele>434.8</ele>
                <name>Position 1407</name>
            </trkpt>
            <trkpt lat="50.348813" lon="6.573152">
                <ele>436.8</ele>
                <name>Position 1408</name>
            </trkpt>
            <trkpt lat="50.348869" lon="6.573318">
                <ele>438.0</ele>
                <name>Position 1409</name>
            </trkpt>
            <trkpt lat="50.348888" lon="6.573473">
                <ele>439.0</ele>
                <name>Position 1410</name>
            </trkpt>
            <trkpt lat="50.349171" lon="6.573561">
                <ele>441.5</ele>
                <name>Position 1411</name>
            </trkpt>
            <trkpt lat="50.349246" lon="6.573747">
                <ele>443.8</ele>
                <name>Position 1412</name>
            </trkpt>
            <trkpt lat="50.349245" lon="6.574031">
                <ele>447.0</ele>
                <name>Position 1413</name>
            </trkpt>
            <trkpt lat="50.349178" lon="6.574618">
                <ele>450.0</ele>
                <name>Position 1414</name>
            </trkpt>
            <trkpt lat="50.348796" lon="6.576067">
                <ele>458.0</ele>
                <name>Position 1415</name>
            </trkpt>
            <trkpt lat="50.348388" lon="6.57755">
                <ele>465.0</ele>
                <name>Position 1416</name>
            </trkpt>
            <trkpt lat="50.348334" lon="6.577935">
                <ele>467.0</ele>
                <name>Position 1417</name>
            </trkpt>
            <trkpt lat="50.348366" lon="6.57837">
                <ele>472.0</ele>
                <name>Position 1418</name>
            </trkpt>
            <trkpt lat="50.348531" lon="6.579561">
                <ele>479.8</ele>
                <name>Position 1419</name>
            </trkpt>
            <trkpt lat="50.348621" lon="6.580192">
                <ele>485.3</ele>
                <name>Position 1420</name>
            </trkpt>
            <trkpt lat="50.349298" lon="6.584181">
                <ele>521.0</ele>
                <name>Position 1421</name>
            </trkpt>
            <trkpt lat="50.349296" lon="6.585068">
                <ele>529.0</ele>
                <name>Position 1422</name>
            </trkpt>
            <trkpt lat="50.349091" lon="6.586098">
                <ele>535.0</ele>
                <name>Position 1423</name>
            </trkpt>
            <trkpt lat="50.349123" lon="6.586284">
                <ele>535.0</ele>
                <name>Position 1424</name>
            </trkpt>
            <trkpt lat="50.349295" lon="6.586536">
                <ele>537.0</ele>
                <name>Position 1425</name>
            </trkpt>
            <trkpt lat="50.350344" lon="6.58726">
                <ele>544.8</ele>
                <name>Position 1426</name>
            </trkpt>
            <trkpt lat="50.350761" lon="6.587421">
                <ele>546.0</ele>
                <name>Position 1427</name>
            </trkpt>
            <trkpt lat="50.352326" lon="6.587628">
                <ele>553.0</ele>
                <name>Position 1428</name>
            </trkpt>
            <trkpt lat="50.353809" lon="6.588664">
                <ele>545.0</ele>
                <name>Position 1429</name>
            </trkpt>
            <trkpt lat="50.354107" lon="6.589035">
                <ele>542.0</ele>
                <name>Position 1430</name>
            </trkpt>
            <trkpt lat="50.354375" lon="6.589569">
                <ele>541.0</ele>
                <name>Position 1431</name>
            </trkpt>
            <trkpt lat="50.354682" lon="6.590502">
                <ele>542.0</ele>
                <name>Position 1432</name>
            </trkpt>
            <trkpt lat="50.354962" lon="6.591484">
                <ele>546.0</ele>
                <name>Position 1433</name>
            </trkpt>
            <trkpt lat="50.35514" lon="6.591841">
                <ele>545.8</ele>
                <name>Position 1434</name>
            </trkpt>
            <trkpt lat="50.355966" lon="6.592888">
                <ele>539.0</ele>
                <name>Position 1435</name>
            </trkpt>
            <trkpt lat="50.356713" lon="6.593995">
                <ele>533.0</ele>
                <name>Position 1436</name>
            </trkpt>
            <trkpt lat="50.358337" lon="6.596742">
                <ele>541.0</ele>
                <name>Position 1437</name>
            </trkpt>
            <trkpt lat="50.359717" lon="6.597798">
                <ele>552.0</ele>
                <name>Position 1438</name>
            </trkpt>
            <trkpt lat="50.360875" lon="6.599337">
                <ele>557.5</ele>
                <name>Position 1439</name>
            </trkpt>
            <trkpt lat="50.36148" lon="6.599903">
                <ele>561.0</ele>
                <name>Position 1440</name>
            </trkpt>
            <trkpt lat="50.361853" lon="6.600716">
                <ele>565.0</ele>
                <name>Position 1441</name>
            </trkpt>
            <trkpt lat="50.362838" lon="6.603248">
                <ele>567.0</ele>
                <name>Position 1442</name>
            </trkpt>
            <trkpt lat="50.36324" lon="6.604566">
                <ele>569.0</ele>
                <name>Position 1443</name>
            </trkpt>
            <trkpt lat="50.363659" lon="6.605651">
                <ele>569.0</ele>
                <name>Position 1444</name>
            </trkpt>
            <trkpt lat="50.364086" lon="6.607041">
                <ele>565.5</ele>
                <name>Position 1445</name>
            </trkpt>
            <trkpt lat="50.364514" lon="6.609693">
                <ele>554.0</ele>
                <name>Position 1446</name>
            </trkpt>
            <trkpt lat="50.364679" lon="6.610283">
                <ele>548.8</ele>
                <name>Position 1447</name>
            </trkpt>
            <trkpt lat="50.364836" lon="6.610668">
                <ele>547.0</ele>
                <name>Position 1448</name>
            </trkpt>
            <trkpt lat="50.364848" lon="6.611286">
                <ele>542.0</ele>
                <name>Position 1449</name>
            </trkpt>
            <trkpt lat="50.365215" lon="6.611343">
                <ele>542.0</ele>
                <name>Position 1450</name>
            </trkpt>
            <trkpt lat="50.365397" lon="6.611281">
                <ele>542.8</ele>
                <name>Position 1451</name>
            </trkpt>
            <trkpt lat="50.365488" lon="6.611728">
                <ele>540.0</ele>
                <name>Position 1452</name>
            </trkpt>
            <trkpt lat="50.36559" lon="6.612528">
                <ele>535.0</ele>
                <name>Position 1453</name>
            </trkpt>
            <trkpt lat="50.366233" lon="6.613247">
                <ele>532.0</ele>
                <name>Position 1454</name>
            </trkpt>
            <trkpt lat="50.366749" lon="6.61342">
                <ele>532.8</ele>
                <name>Position 1455</name>
            </trkpt>
            <trkpt lat="50.367084" lon="6.614025">
                <ele>530.8</ele>
                <name>Position 1456</name>
            </trkpt>
            <trkpt lat="50.367891" lon="6.615359">
                <ele>530.8</ele>
                <name>Position 1457</name>
            </trkpt>
            <trkpt lat="50.368569" lon="6.616146">
                <ele>534.8</ele>
                <name>Position 1458</name>
            </trkpt>
            <trkpt lat="50.369398" lon="6.616827">
                <ele>538.0</ele>
                <name>Position 1459</name>
            </trkpt>
            <trkpt lat="50.369937" lon="6.616608">
                <ele>539.0</ele>
                <name>Position 1460</name>
            </trkpt>
            <trkpt lat="50.370516" lon="6.616115">
                <ele>536.0</ele>
                <name>Position 1461</name>
            </trkpt>
            <trkpt lat="50.371498" lon="6.615233">
                <ele>535.0</ele>
                <name>Position 1462</name>
            </trkpt>
            <trkpt lat="50.37183" lon="6.615063">
                <ele>534.8</ele>
                <name>Position 1463</name>
            </trkpt>
            <trkpt lat="50.372302" lon="6.614917">
                <ele>535.0</ele>
                <name>Position 1464</name>
            </trkpt>
            <trkpt lat="50.373735" lon="6.614768">
                <ele>523.3</ele>
                <name>Position 1465</name>
            </trkpt>
            <trkpt lat="50.374594" lon="6.615074">
                <ele>517.0</ele>
                <name>Position 1466</name>
            </trkpt>
            <trkpt lat="50.375008" lon="6.615466">
                <ele>514.5</ele>
                <name>Position 1467</name>
            </trkpt>
            <trkpt lat="50.375401" lon="6.616469">
                <ele>517.0</ele>
                <name>Position 1468</name>
            </trkpt>
            <trkpt lat="50.376001" lon="6.617906">
                <ele>510.3</ele>
                <name>Position 1469</name>
            </trkpt>
            <trkpt lat="50.376165" lon="6.618183">
                <ele>508.8</ele>
                <name>Position 1470</name>
            </trkpt>
            <trkpt lat="50.376807" lon="6.618661">
                <ele>506.0</ele>
                <name>Position 1471</name>
            </trkpt>
            <trkpt lat="50.378281" lon="6.619266">
                <ele>490.0</ele>
                <name>Position 1472</name>
            </trkpt>
            <trkpt lat="50.378502" lon="6.61939">
                <ele>489.0</ele>
                <name>Position 1473</name>
            </trkpt>
            <trkpt lat="50.378904" lon="6.619438">
                <ele>486.0</ele>
                <name>Position 1474</name>
            </trkpt>
            <trkpt lat="50.379193" lon="6.619439">
                <ele>484.0</ele>
                <name>Position 1475</name>
            </trkpt>
            <trkpt lat="50.379452" lon="6.619572">
                <ele>484.0</ele>
                <name>Position 1476</name>
            </trkpt>
            <trkpt lat="50.37967" lon="6.619804">
                <ele>483.0</ele>
                <name>Position 1477</name>
            </trkpt>
            <trkpt lat="50.380456" lon="6.620624">
                <ele>481.0</ele>
                <name>Position 1478</name>
            </trkpt>
            <trkpt lat="50.381085" lon="6.621199">
                <ele>481.0</ele>
                <name>Position 1479</name>
            </trkpt>
            <trkpt lat="50.381468" lon="6.621485">
                <ele>481.5</ele>
                <name>Position 1480</name>
            </trkpt>
            <trkpt lat="50.381844" lon="6.621599">
                <ele>484.0</ele>
                <name>Position 1481</name>
            </trkpt>
            <trkpt lat="50.3821" lon="6.621701">
                <ele>485.0</ele>
                <name>Position 1482</name>
            </trkpt>
            <trkpt lat="50.382394" lon="6.621821">
                <ele>487.0</ele>
                <name>Position 1483</name>
            </trkpt>
            <trkpt lat="50.382574" lon="6.621806">
                <ele>487.0</ele>
                <name>Position 1484</name>
            </trkpt>
            <trkpt lat="50.382709" lon="6.622003">
                <ele>485.0</ele>
                <name>Position 1485</name>
            </trkpt>
            <trkpt lat="50.382845" lon="6.621946">
                <ele>485.0</ele>
                <name>Position 1486</name>
            </trkpt>
            <trkpt lat="50.383192" lon="6.621609">
                <ele>485.0</ele>
                <name>Position 1487</name>
            </trkpt>
            <trkpt lat="50.383352" lon="6.621576">
                <ele>484.0</ele>
                <name>Position 1488</name>
            </trkpt>
            <trkpt lat="50.383832" lon="6.621263">
                <ele>483.0</ele>
                <name>Position 1489</name>
            </trkpt>
            <trkpt lat="50.384366" lon="6.621946">
                <ele>479.5</ele>
                <name>Position 1490</name>
            </trkpt>
            <trkpt lat="50.384551" lon="6.622159">
                <ele>480.0</ele>
                <name>Position 1491</name>
            </trkpt>
            <trkpt lat="50.385019" lon="6.622347">
                <ele>482.0</ele>
                <name>Position 1492</name>
            </trkpt>
            <trkpt lat="50.385564" lon="6.622314">
                <ele>480.0</ele>
                <name>Position 1493</name>
            </trkpt>
            <trkpt lat="50.386355" lon="6.622343">
                <ele>478.0</ele>
                <name>Position 1494</name>
            </trkpt>
            <trkpt lat="50.386652" lon="6.62283">
                <ele>476.0</ele>
                <name>Position 1495</name>
            </trkpt>
            <trkpt lat="50.386881" lon="6.623274">
                <ele>475.0</ele>
                <name>Position 1496</name>
            </trkpt>
            <trkpt lat="50.387142" lon="6.623918">
                <ele>473.0</ele>
                <name>Position 1497</name>
            </trkpt>
            <trkpt lat="50.387311" lon="6.624162">
                <ele>471.5</ele>
                <name>Position 1498</name>
            </trkpt>
            <trkpt lat="50.387524" lon="6.624312">
                <ele>471.5</ele>
                <name>Position 1499</name>
            </trkpt>
            <trkpt lat="50.387907" lon="6.624464">
                <ele>472.0</ele>
                <name>Position 1500</name>
            </trkpt>
            <trkpt lat="50.388821" lon="6.625086">
                <ele>469.8</ele>
                <name>Position 1501</name>
            </trkpt>
            <trkpt lat="50.388955" lon="6.625318">
                <ele>470.0</ele>
                <name>Position 1502</name>
            </trkpt>
            <trkpt lat="50.389177" lon="6.627374">
                <ele>460.5</ele>
                <name>Position 1503</name>
            </trkpt>
            <trkpt lat="50.389201" lon="6.628112">
                <ele>457.0</ele>
                <name>Position 1504</name>
            </trkpt>
            <trkpt lat="50.389347" lon="6.628906">
                <ele>452.5</ele>
                <name>Position 1505</name>
            </trkpt>
            <trkpt lat="50.389523" lon="6.629788">
                <ele>448.8</ele>
                <name>Position 1506</name>
            </trkpt>
            <trkpt lat="50.389454" lon="6.630533">
                <ele>446.8</ele>
                <name>Position 1507</name>
            </trkpt>
            <trkpt lat="50.389473" lon="6.630807">
                <ele>446.0</ele>
                <name>Position 1508</name>
            </trkpt>
            <trkpt lat="50.389556" lon="6.631168">
                <ele>444.0</ele>
                <name>Position 1509</name>
            </trkpt>
            <trkpt lat="50.389843" lon="6.631541">
                <ele>439.8</ele>
                <name>Position 1510</name>
            </trkpt>
            <trkpt lat="50.389637" lon="6.631965">
                <ele>442.8</ele>
                <name>Position 1511</name>
            </trkpt>
            <trkpt lat="50.389445" lon="6.632316">
                <ele>446.0</ele>
                <name>Position 1512</name>
            </trkpt>
            <trkpt lat="50.389259" lon="6.632753">
                <ele>447.0</ele>
                <name>Position 1513</name>
            </trkpt>
            <trkpt lat="50.389504" lon="6.633226">
                <ele>444.8</ele>
                <name>Position 1514</name>
            </trkpt>
            <trkpt lat="50.389667" lon="6.633344">
                <ele>446.3</ele>
                <name>Position 1515</name>
            </trkpt>
            <trkpt lat="50.389867" lon="6.633133">
                <ele>446.0</ele>
                <name>Position 1516</name>
            </trkpt>
            <trkpt lat="50.390276" lon="6.632926">
                <ele>450.0</ele>
                <name>Position 1517</name>
            </trkpt>
            <trkpt lat="50.3903397" lon="6.6328642">
                <ele>450.3</ele>
                <time>2013-11-11T11:47:22.883Z</time>
                <name>K69, 53945 Blankenheim, Deutschland</name>
            </trkpt>
            <trkpt lat="50.390428" lon="6.632773">
                <ele>451.0</ele>
                <name>Position 1519</name>
            </trkpt>
            <trkpt lat="50.391033" lon="6.631704">
                <ele>448.3</ele>
                <name>Position 1520</name>
            </trkpt>
            <trkpt lat="50.391781" lon="6.630155">
                <ele>451.8</ele>
                <name>Position 1521</name>
            </trkpt>
            <trkpt lat="50.392217" lon="6.629591">
                <ele>455.0</ele>
                <name>Position 1522</name>
            </trkpt>
            <trkpt lat="50.392761" lon="6.629335">
                <ele>456.0</ele>
                <name>Position 1523</name>
            </trkpt>
            <trkpt lat="50.393692" lon="6.629352">
                <ele>460.0</ele>
                <name>Position 1524</name>
            </trkpt>
            <trkpt lat="50.39434" lon="6.629309">
                <ele>460.0</ele>
                <name>Position 1525</name>
            </trkpt>
            <trkpt lat="50.394728" lon="6.628977">
                <ele>459.0</ele>
                <name>Position 1526</name>
            </trkpt>
            <trkpt lat="50.395246" lon="6.62807">
                <ele>458.8</ele>
                <name>Position 1527</name>
            </trkpt>
            <trkpt lat="50.395752" lon="6.627486">
                <ele>461.0</ele>
                <name>Position 1528</name>
            </trkpt>
            <trkpt lat="50.396584" lon="6.626639">
                <ele>463.0</ele>
                <name>Position 1529</name>
            </trkpt>
            <trkpt lat="50.396864" lon="6.626445">
                <ele>463.0</ele>
                <name>Position 1530</name>
            </trkpt>
            <trkpt lat="50.397061" lon="6.626199">
                <ele>463.0</ele>
                <name>Position 1531</name>
            </trkpt>
            <trkpt lat="50.397271" lon="6.625874">
                <ele>463.0</ele>
                <name>Position 1532</name>
            </trkpt>
            <trkpt lat="50.397381" lon="6.625839">
                <ele>464.0</ele>
                <name>Position 1533</name>
            </trkpt>
            <trkpt lat="50.397725" lon="6.626538">
                <ele>469.5</ele>
                <name>Position 1534</name>
            </trkpt>
            <trkpt lat="50.398116" lon="6.627587">
                <ele>472.0</ele>
                <name>Position 1535</name>
            </trkpt>
            <trkpt lat="50.39852" lon="6.627761">
                <ele>473.0</ele>
                <name>Position 1536</name>
            </trkpt>
            <trkpt lat="50.399245" lon="6.627475">
                <ele>482.0</ele>
                <name>Position 1537</name>
            </trkpt>
            <trkpt lat="50.39983" lon="6.627456">
                <ele>486.0</ele>
                <name>Position 1538</name>
            </trkpt>
            <trkpt lat="50.400472" lon="6.627435">
                <ele>488.0</ele>
                <name>Position 1539</name>
            </trkpt>
            <trkpt lat="50.400965" lon="6.627571">
                <ele>490.0</ele>
                <name>Position 1540</name>
            </trkpt>
            <trkpt lat="50.401737" lon="6.628015">
                <ele>496.5</ele>
                <name>Position 1541</name>
            </trkpt>
            <trkpt lat="50.402041" lon="6.6283">
                <ele>495.5</ele>
                <name>Position 1542</name>
            </trkpt>
            <trkpt lat="50.402353" lon="6.628704">
                <ele>495.0</ele>
                <name>Position 1543</name>
            </trkpt>
            <trkpt lat="50.403022" lon="6.629595">
                <ele>499.0</ele>
                <name>Position 1544</name>
            </trkpt>
            <trkpt lat="50.403639" lon="6.630276">
                <ele>505.0</ele>
                <name>Position 1545</name>
            </trkpt>
            <trkpt lat="50.404642" lon="6.631063">
                <ele>509.8</ele>
                <name>Position 1546</name>
            </trkpt>
            <trkpt lat="50.40501" lon="6.631181">
                <ele>510.5</ele>
                <name>Position 1547</name>
            </trkpt>
            <trkpt lat="50.405527" lon="6.631185">
                <ele>513.0</ele>
                <name>Position 1548</name>
            </trkpt>
            <trkpt lat="50.405841" lon="6.631007">
                <ele>515.0</ele>
                <name>Position 1549</name>
            </trkpt>
            <trkpt lat="50.406206" lon="6.630368">
                <ele>519.0</ele>
                <name>Position 1550</name>
            </trkpt>
            <trkpt lat="50.40631" lon="6.629712">
                <ele>521.8</ele>
                <name>Position 1551</name>
            </trkpt>
            <trkpt lat="50.406421" lon="6.628938">
                <ele>525.0</ele>
                <name>Position 1552</name>
            </trkpt>
            <trkpt lat="50.406566" lon="6.628804">
                <ele>526.0</ele>
                <name>Position 1553</name>
            </trkpt>
            <trkpt lat="50.406935" lon="6.629203">
                <ele>526.0</ele>
                <name>Position 1554</name>
            </trkpt>
            <trkpt lat="50.408132" lon="6.630631">
                <ele>530.0</ele>
                <name>Position 1555</name>
            </trkpt>
            <trkpt lat="50.408433" lon="6.63081">
                <ele>530.0</ele>
                <name>Position 1556</name>
            </trkpt>
            <trkpt lat="50.409046" lon="6.630934">
                <ele>527.0</ele>
                <name>Position 1557</name>
            </trkpt>
            <trkpt lat="50.409966" lon="6.631098">
                <ele>525.0</ele>
                <name>Position 1558</name>
            </trkpt>
            <trkpt lat="50.410249" lon="6.631073">
                <ele>521.0</ele>
                <name>Position 1559</name>
            </trkpt>
            <trkpt lat="50.410428" lon="6.631101">
                <ele>519.0</ele>
                <name>Position 1560</name>
            </trkpt>
            <trkpt lat="50.410663" lon="6.63142">
                <ele>517.0</ele>
                <name>Position 1561</name>
            </trkpt>
            <trkpt lat="50.411394" lon="6.631885">
                <ele>510.5</ele>
                <name>Position 1562</name>
            </trkpt>
            <trkpt lat="50.41185" lon="6.632027">
                <ele>506.0</ele>
                <name>Position 1563</name>
            </trkpt>
            <trkpt lat="50.412279" lon="6.632148">
                <ele>499.5</ele>
                <name>Position 1564</name>
            </trkpt>
            <trkpt lat="50.412758" lon="6.632423">
                <ele>495.0</ele>
                <name>Position 1565</name>
            </trkpt>
            <trkpt lat="50.413575" lon="6.632409">
                <ele>487.0</ele>
                <name>Position 1566</name>
            </trkpt>
            <trkpt lat="50.413769" lon="6.632469">
                <ele>486.0</ele>
                <name>Position 1567</name>
            </trkpt>
            <trkpt lat="50.413924" lon="6.632667">
                <ele>484.0</ele>
                <name>Position 1568</name>
            </trkpt>
            <trkpt lat="50.41419" lon="6.633258">
                <ele>479.8</ele>
                <name>Position 1569</name>
            </trkpt>
            <trkpt lat="50.414332" lon="6.633655">
                <ele>477.0</ele>
                <name>Position 1570</name>
            </trkpt>
            <trkpt lat="50.414444" lon="6.634005">
                <ele>475.0</ele>
                <name>Position 1571</name>
            </trkpt>
            <trkpt lat="50.414616" lon="6.634234">
                <ele>473.3</ele>
                <name>Position 1572</name>
            </trkpt>
            <trkpt lat="50.414726" lon="6.634288">
                <ele>471.8</ele>
                <name>Position 1573</name>
            </trkpt>
            <trkpt lat="50.414785" lon="6.634267">
                <ele>470.8</ele>
                <name>Position 1574</name>
            </trkpt>
            <trkpt lat="50.414857" lon="6.634165">
                <ele>471.0</ele>
                <name>Position 1575</name>
            </trkpt>
            <trkpt lat="50.41509" lon="6.633421">
                <ele>467.5</ele>
                <name>Position 1576</name>
            </trkpt>
            <trkpt lat="50.415627" lon="6.632272">
                <ele>459.3</ele>
                <name>Position 1577</name>
            </trkpt>
            <trkpt lat="50.415718" lon="6.631919">
                <ele>457.8</ele>
                <name>Position 1578</name>
            </trkpt>
            <trkpt lat="50.415821" lon="6.63122">
                <ele>456.5</ele>
                <name>Position 1579</name>
            </trkpt>
            <trkpt lat="50.415916" lon="6.631078">
                <ele>456.5</ele>
                <name>Position 1580</name>
            </trkpt>
            <trkpt lat="50.416037" lon="6.63106">
                <ele>456.5</ele>
                <name>Position 1581</name>
            </trkpt>
            <trkpt lat="50.416302" lon="6.63126">
                <ele>456.0</ele>
                <name>Position 1582</name>
            </trkpt>
            <trkpt lat="50.416477" lon="6.631389">
                <ele>455.8</ele>
                <name>Position 1583</name>
            </trkpt>
            <trkpt lat="50.416636" lon="6.631405">
                <ele>455.5</ele>
                <name>Position 1584</name>
            </trkpt>
            <trkpt lat="50.416829" lon="6.631301">
                <ele>458.0</ele>
                <name>Position 1585</name>
            </trkpt>
            <trkpt lat="50.417261" lon="6.630681">
                <ele>463.0</ele>
                <name>Position 1586</name>
            </trkpt>
            <trkpt lat="50.417662" lon="6.629468">
                <ele>470.5</ele>
                <name>Position 1587</name>
            </trkpt>
            <trkpt lat="50.417855" lon="6.628615">
                <ele>476.0</ele>
                <name>Position 1588</name>
            </trkpt>
            <trkpt lat="50.418142" lon="6.627028">
                <ele>481.0</ele>
                <name>Position 1589</name>
            </trkpt>
            <trkpt lat="50.418489" lon="6.625439">
                <ele>488.8</ele>
                <name>Position 1590</name>
            </trkpt>
            <trkpt lat="50.418893" lon="6.624402">
                <ele>495.8</ele>
                <name>Position 1591</name>
            </trkpt>
            <trkpt lat="50.419253" lon="6.623853">
                <ele>499.8</ele>
                <name>Position 1592</name>
            </trkpt>
            <trkpt lat="50.419825" lon="6.622851">
                <ele>502.0</ele>
                <name>Position 1593</name>
            </trkpt>
            <trkpt lat="50.420377" lon="6.622166">
                <ele>503.0</ele>
                <name>Position 1594</name>
            </trkpt>
            <trkpt lat="50.421024" lon="6.621381">
                <ele>508.0</ele>
                <name>Position 1595</name>
            </trkpt>
            <trkpt lat="50.421615" lon="6.620932">
                <ele>511.0</ele>
                <name>Position 1596</name>
            </trkpt>
            <trkpt lat="50.422574" lon="6.620062">
                <ele>515.0</ele>
                <name>Position 1597</name>
            </trkpt>
            <trkpt lat="50.423339" lon="6.619396">
                <ele>521.0</ele>
                <name>Position 1598</name>
            </trkpt>
            <trkpt lat="50.424256" lon="6.619113">
                <ele>524.0</ele>
                <name>Position 1599</name>
            </trkpt>
            <trkpt lat="50.424701" lon="6.618956">
                <ele>526.0</ele>
                <name>Position 1600</name>
            </trkpt>
            <trkpt lat="50.425314" lon="6.618616">
                <ele>532.0</ele>
                <name>Position 1601</name>
            </trkpt>
            <trkpt lat="50.425969" lon="6.618237">
                <ele>538.0</ele>
                <name>Position 1602</name>
            </trkpt>
            <trkpt lat="50.426517" lon="6.617938">
                <ele>541.0</ele>
                <name>Position 1603</name>
            </trkpt>
            <trkpt lat="50.426918" lon="6.617821">
                <ele>543.0</ele>
                <name>Position 1604</name>
            </trkpt>
            <trkpt lat="50.427363" lon="6.617768">
                <ele>546.0</ele>
                <name>Position 1605</name>
            </trkpt>
            <trkpt lat="50.427615" lon="6.617801">
                <ele>546.0</ele>
                <name>Position 1606</name>
            </trkpt>
            <trkpt lat="50.428301" lon="6.61817">
                <ele>545.0</ele>
                <name>Position 1607</name>
            </trkpt>
            <trkpt lat="50.4287" lon="6.618299">
                <ele>543.5</ele>
                <name>Position 1608</name>
            </trkpt>
            <trkpt lat="50.428898" lon="6.618436">
                <ele>542.8</ele>
                <name>Position 1609</name>
            </trkpt>
            <trkpt lat="50.429194" lon="6.618932">
                <ele>545.0</ele>
                <name>Position 1610</name>
            </trkpt>
            <trkpt lat="50.429367" lon="6.619301">
                <ele>548.0</ele>
                <name>Position 1611</name>
            </trkpt>
            <trkpt lat="50.429491" lon="6.619506">
                <ele>550.0</ele>
                <name>Position 1612</name>
            </trkpt>
            <trkpt lat="50.429646" lon="6.619583">
                <ele>550.0</ele>
                <name>Position 1613</name>
            </trkpt>
            <trkpt lat="50.429794" lon="6.619537">
                <ele>550.0</ele>
                <name>Position 1614</name>
            </trkpt>
            <trkpt lat="50.430058" lon="6.619239">
                <ele>550.0</ele>
                <name>Position 1615</name>
            </trkpt>
            <trkpt lat="50.430281" lon="6.619121">
                <ele>551.0</ele>
                <name>Position 1616</name>
            </trkpt>
            <trkpt lat="50.430617" lon="6.619137">
                <ele>553.0</ele>
                <name>Position 1617</name>
            </trkpt>
            <trkpt lat="50.431133" lon="6.619301">
                <ele>556.0</ele>
                <name>Position 1618</name>
            </trkpt>
            <trkpt lat="50.43144" lon="6.619414">
                <ele>557.0</ele>
                <name>Position 1619</name>
            </trkpt>
            <trkpt lat="50.431651" lon="6.619424">
                <ele>557.0</ele>
                <name>Position 1620</name>
            </trkpt>
            <trkpt lat="50.431861" lon="6.621709">
                <ele>559.8</ele>
                <name>Position 1621</name>
            </trkpt>
            <trkpt lat="50.43189" lon="6.623158">
                <ele>558.0</ele>
                <name>Position 1622</name>
            </trkpt>
            <trkpt lat="50.431938" lon="6.625924">
                <ele>558.3</ele>
                <name>Position 1623</name>
            </trkpt>
            <trkpt lat="50.432029" lon="6.626632">
                <ele>558.8</ele>
                <name>Position 1624</name>
            </trkpt>
            <trkpt lat="50.432252" lon="6.627525">
                <ele>560.0</ele>
                <name>Position 1625</name>
            </trkpt>
            <trkpt lat="50.433137" lon="6.630017">
                <ele>553.0</ele>
                <name>Position 1626</name>
            </trkpt>
            <trkpt lat="50.433326" lon="6.630696">
                <ele>549.5</ele>
                <name>Position 1627</name>
            </trkpt>
            <trkpt lat="50.433825" lon="6.633941">
                <ele>540.3</ele>
                <name>Position 1628</name>
            </trkpt>
            <trkpt lat="50.434129" lon="6.635665">
                <ele>538.0</ele>
                <name>Position 1629</name>
            </trkpt>
            <trkpt lat="50.434422" lon="6.636663">
                <ele>534.0</ele>
                <name>Position 1630</name>
            </trkpt>
            <trkpt lat="50.435461" lon="6.639686">
                <ele>515.5</ele>
                <name>Position 1631</name>
            </trkpt>
            <trkpt lat="50.435676" lon="6.640599">
                <ele>513.0</ele>
                <name>Position 1632</name>
            </trkpt>
            <trkpt lat="50.436002" lon="6.642057">
                <ele>513.0</ele>
                <name>Position 1633</name>
            </trkpt>
            <trkpt lat="50.436199" lon="6.642614">
                <ele>513.0</ele>
                <name>Position 1634</name>
            </trkpt>
            <trkpt lat="50.43655" lon="6.64331">
                <ele>511.0</ele>
                <name>Position 1635</name>
            </trkpt>
            <trkpt lat="50.43691" lon="6.643782">
                <ele>505.0</ele>
                <name>Position 1636</name>
            </trkpt>
            <trkpt lat="50.437302" lon="6.644133">
                <ele>498.0</ele>
                <name>Position 1637</name>
            </trkpt>
            <trkpt lat="50.438001" lon="6.64458">
                <ele>497.0</ele>
                <name>Position 1638</name>
            </trkpt>
            <trkpt lat="50.438987" lon="6.645227">
                <ele>489.5</ele>
                <name>Position 1639</name>
            </trkpt>
            <trkpt lat="50.439041" lon="6.645263">
                <ele>489.0</ele>
                <name>Position 1640</name>
            </trkpt>
            <trkpt lat="50.439038" lon="6.645374">
                <ele>489.0</ele>
                <name>Position 1641</name>
            </trkpt>
            <trkpt lat="50.439088" lon="6.645454">
                <ele>488.3</ele>
                <name>Position 1642</name>
            </trkpt>
            <trkpt lat="50.439153" lon="6.645456">
                <ele>487.0</ele>
                <name>Position 1643</name>
            </trkpt>
            <trkpt lat="50.439202" lon="6.64539">
                <ele>487.0</ele>
                <name>Position 1644</name>
            </trkpt>
            <trkpt lat="50.439351" lon="6.645542">
                <ele>488.0</ele>
                <name>Position 1645</name>
            </trkpt>
            <trkpt lat="50.439325" lon="6.645771">
                <ele>487.0</ele>
                <name>Position 1646</name>
            </trkpt>
            <trkpt lat="50.439351" lon="6.646425">
                <ele>489.0</ele>
                <name>Position 1647</name>
            </trkpt>
            <trkpt lat="50.439311" lon="6.646762">
                <ele>489.5</ele>
                <name>Position 1648</name>
            </trkpt>
            <trkpt lat="50.439227" lon="6.647106">
                <ele>489.0</ele>
                <name>Position 1649</name>
            </trkpt>
            <trkpt lat="50.43903" lon="6.647539">
                <ele>488.0</ele>
                <name>Position 1650</name>
            </trkpt>
            <trkpt lat="50.43903" lon="6.647539">
                <ele>488.0</ele>
                <name>Position 1651</name>
            </trkpt>
            <trkpt lat="50.43889" lon="6.647784">
                <ele>489.0</ele>
                <name>Position 1652</name>
            </trkpt>
            <trkpt lat="50.438783" lon="6.647985">
                <ele>489.0</ele>
                <name>Position 1653</name>
            </trkpt>
            <trkpt lat="50.438484" lon="6.648624">
                <ele>485.8</ele>
                <name>Position 1654</name>
            </trkpt>
            <trkpt lat="50.43837" lon="6.648836">
                <ele>484.0</ele>
                <name>Position 1655</name>
            </trkpt>
            <trkpt lat="50.438271" lon="6.648946">
                <ele>483.3</ele>
                <name>Position 1656</name>
            </trkpt>
            <trkpt lat="50.438208" lon="6.648979">
                <ele>483.0</ele>
                <name>Position 1657</name>
            </trkpt>
            <trkpt lat="50.438137" lon="6.649022">
                <ele>482.0</ele>
                <name>Position 1658</name>
            </trkpt>
            <trkpt lat="50.437407" lon="6.649488">
                <ele>477.0</ele>
                <name>Position 1659</name>
            </trkpt>
            <trkpt lat="50.436768" lon="6.649942">
                <ele>475.0</ele>
                <name>Position 1660</name>
            </trkpt>
            <trkpt lat="50.436484" lon="6.650193">
                <ele>478.0</ele>
                <name>Position 1661</name>
            </trkpt>
            <trkpt lat="50.436363" lon="6.650441">
                <ele>480.0</ele>
                <name>Position 1662</name>
            </trkpt>
            <trkpt lat="50.436273" lon="6.650706">
                <ele>480.0</ele>
                <name>Position 1663</name>
            </trkpt>
            <trkpt lat="50.43628" lon="6.651093">
                <ele>478.3</ele>
                <name>Position 1664</name>
            </trkpt>
            <trkpt lat="50.43633" lon="6.651259">
                <ele>476.0</ele>
                <name>Position 1665</name>
            </trkpt>
            <trkpt lat="50.436418" lon="6.651283">
                <ele>474.0</ele>
                <name>Position 1666</name>
            </trkpt>
            <trkpt lat="50.436498" lon="6.651295">
                <ele>472.3</ele>
                <name>Position 1667</name>
            </trkpt>
            <trkpt lat="50.436583" lon="6.651358">
                <ele>470.0</ele>
                <name>Position 1668</name>
            </trkpt>
            <trkpt lat="50.436665" lon="6.65139">
                <ele>468.3</ele>
                <name>Position 1669</name>
            </trkpt>
            <trkpt lat="50.436752" lon="6.651522">
                <ele>469.5</ele>
                <name>Position 1670</name>
            </trkpt>
            <trkpt lat="50.436995" lon="6.651994">
                <ele>476.0</ele>
                <name>Position 1671</name>
            </trkpt>
            <trkpt lat="50.437312" lon="6.652767">
                <ele>477.0</ele>
                <name>Position 1672</name>
            </trkpt>
            <trkpt lat="50.437555" lon="6.653151">
                <ele>476.0</ele>
                <name>Position 1673</name>
            </trkpt>
            <trkpt lat="50.437808" lon="6.653419">
                <ele>479.5</ele>
                <name>Position 1674</name>
            </trkpt>
            <trkpt lat="50.4378622" lon="6.653536">
                <ele>480.5</ele>
                <time>2013-11-11T11:48:24.164Z</time>
                <name>Bikertreff Hotel Finkenberg</name>
            </trkpt>
            <trkpt lat="50.439205" lon="6.654924">
                <ele>492.0</ele>
                <name>Position 1676</name>
            </trkpt>
            <trkpt lat="50.439512" lon="6.655235">
                <ele>494.3</ele>
                <name>Position 1677</name>
            </trkpt>
            <trkpt lat="50.440003" lon="6.655528">
                <ele>500.0</ele>
                <name>Position 1678</name>
            </trkpt>
            <trkpt lat="50.440498" lon="6.655671">
                <ele>502.0</ele>
                <name>Position 1679</name>
            </trkpt>
            <trkpt lat="50.441026" lon="6.655663">
                <ele>507.0</ele>
                <name>Position 1680</name>
            </trkpt>
            <trkpt lat="50.441749" lon="6.655548">
                <ele>513.0</ele>
                <name>Position 1681</name>
            </trkpt>
            <trkpt lat="50.442616" lon="6.655411">
                <ele>518.0</ele>
                <name>Position 1682</name>
            </trkpt>
            <trkpt lat="50.443226" lon="6.655337">
                <ele>519.0</ele>
                <name>Position 1683</name>
            </trkpt>
            <trkpt lat="50.443339" lon="6.655341">
                <ele>519.0</ele>
                <name>Position 1684</name>
            </trkpt>
            <trkpt lat="50.443579" lon="6.655372">
                <ele>520.0</ele>
                <name>Position 1685</name>
            </trkpt>
            <trkpt lat="50.443843" lon="6.655453">
                <ele>521.3</ele>
                <name>Position 1686</name>
            </trkpt>
            <trkpt lat="50.444068" lon="6.655563">
                <ele>521.8</ele>
                <name>Position 1687</name>
            </trkpt>
            <trkpt lat="50.444353" lon="6.655769">
                <ele>524.0</ele>
                <name>Position 1688</name>
            </trkpt>
            <trkpt lat="50.444552" lon="6.655961">
                <ele>525.0</ele>
                <name>Position 1689</name>
            </trkpt>
            <trkpt lat="50.44481" lon="6.65631">
                <ele>526.0</ele>
                <name>Position 1690</name>
            </trkpt>
            <trkpt lat="50.445004" lon="6.656647">
                <ele>526.0</ele>
                <name>Position 1691</name>
            </trkpt>
            <trkpt lat="50.445402" lon="6.657566">
                <ele>532.0</ele>
                <name>Position 1692</name>
            </trkpt>
            <trkpt lat="50.446648" lon="6.66052">
                <ele>547.0</ele>
                <name>Position 1693</name>
            </trkpt>
            <trkpt lat="50.448694" lon="6.664868">
                <ele>562.0</ele>
                <name>Position 1694</name>
            </trkpt>
            <trkpt lat="50.44983" lon="6.66691">
                <ele>565.0</ele>
                <name>Position 1695</name>
            </trkpt>
            <trkpt lat="50.450003" lon="6.667115">
                <ele>564.5</ele>
                <name>Position 1696</name>
            </trkpt>
            <trkpt lat="50.450156" lon="6.667233">
                <ele>566.0</ele>
                <name>Position 1697</name>
            </trkpt>
            <trkpt lat="50.45041" lon="6.667363">
                <ele>566.0</ele>
                <name>Position 1698</name>
            </trkpt>
            <trkpt lat="50.450662" lon="6.667404">
                <ele>567.0</ele>
                <name>Position 1699</name>
            </trkpt>
            <trkpt lat="50.45089" lon="6.667391">
                <ele>568.0</ele>
                <name>Position 1700</name>
            </trkpt>
            <trkpt lat="50.450987" lon="6.667445">
                <ele>569.0</ele>
                <name>Position 1701</name>
            </trkpt>
            <trkpt lat="50.451147" lon="6.667517">
                <ele>570.0</ele>
                <name>Position 1702</name>
            </trkpt>
            <trkpt lat="50.451266" lon="6.66795">
                <ele>570.0</ele>
                <name>Position 1703</name>
            </trkpt>
            <trkpt lat="50.451448" lon="6.669558">
                <ele>565.0</ele>
                <name>Position 1704</name>
            </trkpt>
            <trkpt lat="50.451617" lon="6.670466">
                <ele>561.5</ele>
                <name>Position 1705</name>
            </trkpt>
            <trkpt lat="50.452062" lon="6.672269">
                <ele>558.0</ele>
                <name>Position 1706</name>
            </trkpt>
            <trkpt lat="50.452923" lon="6.674601">
                <ele>550.0</ele>
                <name>Position 1707</name>
            </trkpt>
            <trkpt lat="50.45395" lon="6.676965">
                <ele>545.3</ele>
                <name>Position 1708</name>
            </trkpt>
            <trkpt lat="50.454223" lon="6.677723">
                <ele>545.3</ele>
                <name>Position 1709</name>
            </trkpt>
            <trkpt lat="50.45445" lon="6.678288">
                <ele>543.5</ele>
                <name>Position 1710</name>
            </trkpt>
            <trkpt lat="50.455203" lon="6.679992">
                <ele>542.5</ele>
                <name>Position 1711</name>
            </trkpt>
            <trkpt lat="50.45561" lon="6.680922">
                <ele>541.0</ele>
                <name>Position 1712</name>
            </trkpt>
            <trkpt lat="50.456041" lon="6.681989">
                <ele>539.0</ele>
                <name>Position 1713</name>
            </trkpt>
            <trkpt lat="50.456391" lon="6.683024">
                <ele>538.0</ele>
                <name>Position 1714</name>
            </trkpt>
            <trkpt lat="50.457152" lon="6.685493">
                <ele>536.0</ele>
                <name>Position 1715</name>
            </trkpt>
            <trkpt lat="50.457908" lon="6.688122">
                <ele>534.8</ele>
                <name>Position 1716</name>
            </trkpt>
            <trkpt lat="50.458438" lon="6.689575">
                <ele>536.0</ele>
                <name>Position 1717</name>
            </trkpt>
            <trkpt lat="50.45913" lon="6.690943">
                <ele>538.0</ele>
                <name>Position 1718</name>
            </trkpt>
            <trkpt lat="50.459778" lon="6.691902">
                <ele>541.0</ele>
                <name>Position 1719</name>
            </trkpt>
            <trkpt lat="50.46098" lon="6.693268">
                <ele>542.8</ele>
                <name>Position 1720</name>
            </trkpt>
            <trkpt lat="50.462268" lon="6.694538">
                <ele>546.8</ele>
                <name>Position 1721</name>
            </trkpt>
            <trkpt lat="50.462505" lon="6.694834">
                <ele>547.8</ele>
                <name>Position 1722</name>
            </trkpt>
            <trkpt lat="50.462999" lon="6.695487">
                <ele>549.5</ele>
                <name>Position 1723</name>
            </trkpt>
            <trkpt lat="50.463363" lon="6.69615">
                <ele>551.5</ele>
                <name>Position 1724</name>
            </trkpt>
            <trkpt lat="50.463397" lon="6.696374">
                <ele>553.0</ele>
                <name>Position 1725</name>
            </trkpt>
            <trkpt lat="50.463394" lon="6.696537">
                <ele>553.0</ele>
                <name>Position 1726</name>
            </trkpt>
            <trkpt lat="50.463314" lon="6.696706">
                <ele>554.0</ele>
                <name>Position 1727</name>
            </trkpt>
            <trkpt lat="50.462422" lon="6.69776">
                <ele>553.0</ele>
                <name>Position 1728</name>
            </trkpt>
            <trkpt lat="50.461131" lon="6.699117">
                <ele>539.8</ele>
                <name>Position 1729</name>
            </trkpt>
            <trkpt lat="50.460799" lon="6.69947">
                <ele>537.0</ele>
                <name>Position 1730</name>
            </trkpt>
            <trkpt lat="50.460799" lon="6.69947">
                <ele>537.0</ele>
                <name>Position 1731</name>
            </trkpt>
            <trkpt lat="50.460609" lon="6.699669">
                <ele>536.0</ele>
                <name>Position 1732</name>
            </trkpt>
            <trkpt lat="50.459532" lon="6.70082">
                <ele>534.0</ele>
                <name>Position 1733</name>
            </trkpt>
            <trkpt lat="50.458552" lon="6.70187">
                <ele>535.0</ele>
                <name>Position 1734</name>
            </trkpt>
            <trkpt lat="50.45786" lon="6.702594">
                <ele>537.0</ele>
                <name>Position 1735</name>
            </trkpt>
            <trkpt lat="50.457106" lon="6.703388">
                <ele>538.5</ele>
                <name>Position 1736</name>
            </trkpt>
            <trkpt lat="50.456578" lon="6.703833">
                <ele>539.0</ele>
                <name>Position 1737</name>
            </trkpt>
            <trkpt lat="50.456144" lon="6.704121">
                <ele>540.0</ele>
                <name>Position 1738</name>
            </trkpt>
            <trkpt lat="50.455611" lon="6.704359">
                <ele>540.5</ele>
                <name>Position 1739</name>
            </trkpt>
            <trkpt lat="50.455172" lon="6.704475">
                <ele>540.0</ele>
                <name>Position 1740</name>
            </trkpt>
            <trkpt lat="50.454831" lon="6.70454">
                <ele>538.0</ele>
                <name>Position 1741</name>
            </trkpt>
            <trkpt lat="50.453629" lon="6.70467">
                <ele>536.0</ele>
                <name>Position 1742</name>
            </trkpt>
            <trkpt lat="50.452746" lon="6.704766">
                <ele>535.0</ele>
                <name>Position 1743</name>
            </trkpt>
            <trkpt lat="50.452144" lon="6.704851">
                <ele>533.8</ele>
                <name>Position 1744</name>
            </trkpt>
            <trkpt lat="50.45172" lon="6.705058">
                <ele>535.0</ele>
                <name>Position 1745</name>
            </trkpt>
            <trkpt lat="50.451212" lon="6.705455">
                <ele>534.8</ele>
                <name>Position 1746</name>
            </trkpt>
            <trkpt lat="50.450828" lon="6.705843">
                <ele>535.0</ele>
                <name>Position 1747</name>
            </trkpt>
            <trkpt lat="50.45055" lon="6.706188">
                <ele>538.3</ele>
                <name>Position 1748</name>
            </trkpt>
            <trkpt lat="50.450302" lon="6.706315">
                <ele>540.3</ele>
                <name>Position 1749</name>
            </trkpt>
            <trkpt lat="50.450173" lon="6.706326">
                <ele>541.3</ele>
                <name>Position 1750</name>
            </trkpt>
            <trkpt lat="50.450022" lon="6.706222">
                <ele>542.3</ele>
                <name>Position 1751</name>
            </trkpt>
            <trkpt lat="50.449872" lon="6.705986">
                <ele>543.0</ele>
                <name>Position 1752</name>
            </trkpt>
            <trkpt lat="50.449746" lon="6.705798">
                <ele>544.8</ele>
                <name>Position 1753</name>
            </trkpt>
            <trkpt lat="50.449556" lon="6.705526">
                <ele>548.0</ele>
                <name>Position 1754</name>
            </trkpt>
            <trkpt lat="50.449368" lon="6.705293">
                <ele>550.0</ele>
                <name>Position 1755</name>
            </trkpt>
            <trkpt lat="50.448932" lon="6.704843">
                <ele>552.0</ele>
                <name>Position 1756</name>
            </trkpt>
            <trkpt lat="50.448575" lon="6.704481">
                <ele>554.0</ele>
                <name>Position 1757</name>
            </trkpt>
            <trkpt lat="50.446964" lon="6.702817">
                <ele>544.5</ele>
                <name>Position 1758</name>
            </trkpt>
            <trkpt lat="50.445445" lon="6.701067">
                <ele>542.0</ele>
                <name>Position 1759</name>
            </trkpt>
            <trkpt lat="50.44517" lon="6.700736">
                <ele>542.0</ele>
                <name>Position 1760</name>
            </trkpt>
            <trkpt lat="50.444969" lon="6.700497">
                <ele>541.0</ele>
                <name>Position 1761</name>
            </trkpt>
            <trkpt lat="50.444775" lon="6.700492">
                <ele>540.0</ele>
                <name>Position 1762</name>
            </trkpt>
            <trkpt lat="50.444416" lon="6.70115">
                <ele>538.0</ele>
                <name>Position 1763</name>
            </trkpt>
            <trkpt lat="50.444237" lon="6.701475">
                <ele>535.5</ele>
                <name>Position 1764</name>
            </trkpt>
            <trkpt lat="50.444115" lon="6.701693">
                <ele>534.5</ele>
                <name>Position 1765</name>
            </trkpt>
            <trkpt lat="50.443902" lon="6.702031">
                <ele>532.8</ele>
                <name>Position 1766</name>
            </trkpt>
            <trkpt lat="50.443756" lon="6.702242">
                <ele>531.0</ele>
                <name>Position 1767</name>
            </trkpt>
            <trkpt lat="50.443605" lon="6.702443">
                <ele>530.0</ele>
                <name>Position 1768</name>
            </trkpt>
            <trkpt lat="50.443381" lon="6.702738">
                <ele>528.0</ele>
                <name>Position 1769</name>
            </trkpt>
            <trkpt lat="50.443171" lon="6.703014">
                <ele>527.0</ele>
                <name>Position 1770</name>
            </trkpt>
            <trkpt lat="50.442907" lon="6.703361">
                <ele>524.8</ele>
                <name>Position 1771</name>
            </trkpt>
            <trkpt lat="50.442649" lon="6.7037">
                <ele>524.0</ele>
                <name>Position 1772</name>
            </trkpt>
            <trkpt lat="50.442383" lon="6.704053">
                <ele>521.0</ele>
                <name>Position 1773</name>
            </trkpt>
            <trkpt lat="50.442107" lon="6.704378">
                <ele>520.0</ele>
                <name>Position 1774</name>
            </trkpt>
            <trkpt lat="50.441705" lon="6.704545">
                <ele>519.0</ele>
                <name>Position 1775</name>
            </trkpt>
            <trkpt lat="50.441537" lon="6.704498">
                <ele>518.0</ele>
                <name>Position 1776</name>
            </trkpt>
            <trkpt lat="50.441299" lon="6.704349">
                <ele>518.0</ele>
                <name>Position 1777</name>
            </trkpt>
            <trkpt lat="50.440992" lon="6.704127">
                <ele>516.0</ele>
                <name>Position 1778</name>
            </trkpt>
            <trkpt lat="50.440681" lon="6.703906">
                <ele>516.0</ele>
                <name>Position 1779</name>
            </trkpt>
            <trkpt lat="50.440531" lon="6.703798">
                <ele>517.0</ele>
                <name>Position 1780</name>
            </trkpt>
            <trkpt lat="50.440235" lon="6.703592">
                <ele>516.8</ele>
                <name>Position 1781</name>
            </trkpt>
            <trkpt lat="50.440018" lon="6.703418">
                <ele>516.3</ele>
                <name>Position 1782</name>
            </trkpt>
            <trkpt lat="50.439751" lon="6.70299">
                <ele>515.0</ele>
                <name>Position 1783</name>
            </trkpt>
            <trkpt lat="50.439667" lon="6.702732">
                <ele>515.0</ele>
                <name>Position 1784</name>
            </trkpt>
            <trkpt lat="50.439542" lon="6.702178">
                <ele>516.0</ele>
                <name>Position 1785</name>
            </trkpt>
            <trkpt lat="50.439452" lon="6.701752">
                <ele>516.8</ele>
                <name>Position 1786</name>
            </trkpt>
            <trkpt lat="50.439365" lon="6.701347">
                <ele>517.8</ele>
                <name>Position 1787</name>
            </trkpt>
            <trkpt lat="50.439281" lon="6.70096">
                <ele>518.8</ele>
                <name>Position 1788</name>
            </trkpt>
            <trkpt lat="50.439197" lon="6.700589">
                <ele>520.0</ele>
                <name>Position 1789</name>
            </trkpt>
            <trkpt lat="50.439116" lon="6.700229">
                <ele>521.0</ele>
                <name>Position 1790</name>
            </trkpt>
            <trkpt lat="50.439059" lon="6.69996">
                <ele>522.0</ele>
                <name>Position 1791</name>
            </trkpt>
            <trkpt lat="50.438945" lon="6.699587">
                <ele>522.5</ele>
                <name>Position 1792</name>
            </trkpt>
            <trkpt lat="50.438889" lon="6.699333">
                <ele>523.5</ele>
                <name>Position 1793</name>
            </trkpt>
            <trkpt lat="50.438818" lon="6.699003">
                <ele>524.8</ele>
                <name>Position 1794</name>
            </trkpt>
            <trkpt lat="50.438747" lon="6.698688">
                <ele>525.8</ele>
                <name>Position 1795</name>
            </trkpt>
            <trkpt lat="50.438684" lon="6.698375">
                <ele>526.8</ele>
                <name>Position 1796</name>
            </trkpt>
            <trkpt lat="50.438636" lon="6.698061">
                <ele>529.0</ele>
                <name>Position 1797</name>
            </trkpt>
            <trkpt lat="50.438591" lon="6.697757">
                <ele>529.5</ele>
                <name>Position 1798</name>
            </trkpt>
            <trkpt lat="50.438549" lon="6.697457">
                <ele>530.8</ele>
                <name>Position 1799</name>
            </trkpt>
            <trkpt lat="50.438505" lon="6.697161">
                <ele>532.0</ele>
                <name>Position 1800</name>
            </trkpt>
            <trkpt lat="50.438462" lon="6.696871">
                <ele>533.0</ele>
                <name>Position 1801</name>
            </trkpt>
            <trkpt lat="50.43842" lon="6.696587">
                <ele>535.0</ele>
                <name>Position 1802</name>
            </trkpt>
            <trkpt lat="50.438378" lon="6.696303">
                <ele>536.0</ele>
                <name>Position 1803</name>
            </trkpt>
            <trkpt lat="50.438332" lon="6.696013">
                <ele>537.0</ele>
                <name>Position 1804</name>
            </trkpt>
            <trkpt lat="50.4383" lon="6.695794">
                <ele>537.5</ele>
                <name>Position 1805</name>
            </trkpt>
            <trkpt lat="50.438258" lon="6.695511">
                <ele>540.0</ele>
                <name>Position 1806</name>
            </trkpt>
            <trkpt lat="50.438227" lon="6.6953">
                <ele>541.0</ele>
                <name>Position 1807</name>
            </trkpt>
            <trkpt lat="50.438193" lon="6.695007">
                <ele>543.0</ele>
                <name>Position 1808</name>
            </trkpt>
            <trkpt lat="50.438178" lon="6.694711">
                <ele>543.0</ele>
                <name>Position 1809</name>
            </trkpt>
            <trkpt lat="50.438191" lon="6.694405">
                <ele>544.0</ele>
                <name>Position 1810</name>
            </trkpt>
            <trkpt lat="50.438221" lon="6.694085">
                <ele>544.0</ele>
                <name>Position 1811</name>
            </trkpt>
            <trkpt lat="50.438247" lon="6.693761">
                <ele>543.0</ele>
                <name>Position 1812</name>
            </trkpt>
            <trkpt lat="50.438271" lon="6.693427">
                <ele>542.0</ele>
                <name>Position 1813</name>
            </trkpt>
            <trkpt lat="50.438272" lon="6.693165">
                <ele>540.5</ele>
                <name>Position 1814</name>
            </trkpt>
            <trkpt lat="50.438176" lon="6.692703">
                <ele>539.0</ele>
                <name>Position 1815</name>
            </trkpt>
            <trkpt lat="50.437999" lon="6.692369">
                <ele>538.3</ele>
                <name>Position 1816</name>
            </trkpt>
            <trkpt lat="50.437793" lon="6.692096">
                <ele>537.8</ele>
                <name>Position 1817</name>
            </trkpt>
            <trkpt lat="50.437564" lon="6.69193">
                <ele>537.8</ele>
                <name>Position 1818</name>
            </trkpt>
            <trkpt lat="50.437311" lon="6.691906">
                <ele>537.0</ele>
                <name>Position 1819</name>
            </trkpt>
            <trkpt lat="50.437142" lon="6.691973">
                <ele>535.5</ele>
                <name>Position 1820</name>
            </trkpt>
            <trkpt lat="50.43681" lon="6.692181">
                <ele>533.8</ele>
                <name>Position 1821</name>
            </trkpt>
            <trkpt lat="50.436554" lon="6.692315">
                <ele>532.5</ele>
                <name>Position 1822</name>
            </trkpt>
            <trkpt lat="50.436274" lon="6.692347">
                <ele>531.0</ele>
                <name>Position 1823</name>
            </trkpt>
            <trkpt lat="50.435992" lon="6.69224">
                <ele>528.8</ele>
                <name>Position 1824</name>
            </trkpt>
            <trkpt lat="50.435818" lon="6.69209">
                <ele>526.8</ele>
                <name>Position 1825</name>
            </trkpt>
            <trkpt lat="50.435015" lon="6.690798">
                <ele>519.0</ele>
                <name>Position 1826</name>
            </trkpt>
            <trkpt lat="50.434867" lon="6.690539">
                <ele>518.0</ele>
                <name>Position 1827</name>
            </trkpt>
            <trkpt lat="50.434716" lon="6.690294">
                <ele>515.5</ele>
                <name>Position 1828</name>
            </trkpt>
            <trkpt lat="50.434552" lon="6.690065">
                <ele>514.0</ele>
                <name>Position 1829</name>
            </trkpt>
            <trkpt lat="50.43437" lon="6.689856">
                <ele>512.0</ele>
                <name>Position 1830</name>
            </trkpt>
            <trkpt lat="50.434171" lon="6.689678">
                <ele>511.0</ele>
                <name>Position 1831</name>
            </trkpt>
            <trkpt lat="50.433852" lon="6.689494">
                <ele>510.0</ele>
                <name>Position 1832</name>
            </trkpt>
            <trkpt lat="50.433632" lon="6.689423">
                <ele>509.0</ele>
                <name>Position 1833</name>
            </trkpt>
            <trkpt lat="50.433415" lon="6.68938">
                <ele>509.0</ele>
                <name>Position 1834</name>
            </trkpt>
            <trkpt lat="50.4332" lon="6.689358">
                <ele>509.0</ele>
                <name>Position 1835</name>
            </trkpt>
            <trkpt lat="50.433094" lon="6.689348">
                <ele>509.0</ele>
                <name>Position 1836</name>
            </trkpt>
            <trkpt lat="50.432953" lon="6.689336">
                <ele>509.0</ele>
                <name>Position 1837</name>
            </trkpt>
            <trkpt lat="50.432672" lon="6.689309">
                <ele>510.0</ele>
                <name>Position 1838</name>
            </trkpt>
            <trkpt lat="50.432461" lon="6.689291">
                <ele>510.0</ele>
                <name>Position 1839</name>
            </trkpt>
            <trkpt lat="50.432249" lon="6.689273">
                <ele>509.0</ele>
                <name>Position 1840</name>
            </trkpt>
            <trkpt lat="50.431477" lon="6.689201">
                <ele>505.0</ele>
                <name>Position 1841</name>
            </trkpt>
            <trkpt lat="50.431256" lon="6.68918">
                <ele>503.0</ele>
                <name>Position 1842</name>
            </trkpt>
            <trkpt lat="50.431038" lon="6.689159">
                <ele>501.0</ele>
                <name>Position 1843</name>
            </trkpt>
            <trkpt lat="50.430827" lon="6.689139">
                <ele>499.0</ele>
                <name>Position 1844</name>
            </trkpt>
            <trkpt lat="50.43062" lon="6.68912">
                <ele>498.0</ele>
                <name>Position 1845</name>
            </trkpt>
            <trkpt lat="50.430411" lon="6.689102">
                <ele>497.0</ele>
                <name>Position 1846</name>
            </trkpt>
            <trkpt lat="50.430201" lon="6.689097">
                <ele>496.0</ele>
                <name>Position 1847</name>
            </trkpt>
            <trkpt lat="50.429894" lon="6.68918">
                <ele>494.0</ele>
                <name>Position 1848</name>
            </trkpt>
            <trkpt lat="50.429705" lon="6.689317">
                <ele>494.0</ele>
                <name>Position 1849</name>
            </trkpt>
            <trkpt lat="50.429548" lon="6.689534">
                <ele>493.0</ele>
                <name>Position 1850</name>
            </trkpt>
            <trkpt lat="50.428431" lon="6.692498">
                <ele>486.0</ele>
                <name>Position 1851</name>
            </trkpt>
            <trkpt lat="50.428126" lon="6.693126">
                <ele>482.5</ele>
                <name>Position 1852</name>
            </trkpt>
            <trkpt lat="50.427811" lon="6.693681">
                <ele>481.0</ele>
                <name>Position 1853</name>
            </trkpt>
            <trkpt lat="50.427562" lon="6.693988">
                <ele>479.0</ele>
                <name>Position 1854</name>
            </trkpt>
            <trkpt lat="50.427251" lon="6.694098">
                <ele>478.0</ele>
                <name>Position 1855</name>
            </trkpt>
            <trkpt lat="50.426946" lon="6.694255">
                <ele>477.0</ele>
                <name>Position 1856</name>
            </trkpt>
            <trkpt lat="50.426701" lon="6.694495">
                <ele>476.0</ele>
                <name>Position 1857</name>
            </trkpt>
            <trkpt lat="50.426432" lon="6.694893">
                <ele>475.0</ele>
                <name>Position 1858</name>
            </trkpt>
            <trkpt lat="50.426178" lon="6.695356">
                <ele>474.0</ele>
                <name>Position 1859</name>
            </trkpt>
            <trkpt lat="50.425789" lon="6.696317">
                <ele>468.5</ele>
                <name>Position 1860</name>
            </trkpt>
            <trkpt lat="50.425559" lon="6.696779">
                <ele>467.0</ele>
                <name>Position 1861</name>
            </trkpt>
            <trkpt lat="50.425404" lon="6.69694">
                <ele>466.0</ele>
                <name>Position 1862</name>
            </trkpt>
            <trkpt lat="50.425143" lon="6.697031">
                <ele>465.3</ele>
                <name>Position 1863</name>
            </trkpt>
            <trkpt lat="50.424669" lon="6.697108">
                <ele>464.0</ele>
                <name>Position 1864</name>
            </trkpt>
            <trkpt lat="50.424436" lon="6.697377">
                <ele>462.8</ele>
                <name>Position 1865</name>
            </trkpt>
            <trkpt lat="50.424183" lon="6.697756">
                <ele>460.8</ele>
                <name>Position 1866</name>
            </trkpt>
            <trkpt lat="50.424116" lon="6.698022">
                <ele>460.0</ele>
                <name>Position 1867</name>
            </trkpt>
            <trkpt lat="50.424206" lon="6.698132">
                <ele>460.0</ele>
                <name>Position 1868</name>
            </trkpt>
            <trkpt lat="50.424381" lon="6.698082">
                <ele>460.3</ele>
                <name>Position 1869</name>
            </trkpt>
            <trkpt lat="50.424598" lon="6.698141">
                <ele>461.0</ele>
                <name>Position 1870</name>
            </trkpt>
            <trkpt lat="50.424785" lon="6.69832">
                <ele>461.5</ele>
                <name>Position 1871</name>
            </trkpt>
            <trkpt lat="50.424906" lon="6.698617">
                <ele>463.0</ele>
                <name>Position 1872</name>
            </trkpt>
            <trkpt lat="50.424938" lon="6.698772">
                <ele>465.0</ele>
                <name>Position 1873</name>
            </trkpt>
            <trkpt lat="50.424934" lon="6.699131">
                <ele>466.0</ele>
                <name>Position 1874</name>
            </trkpt>
            <trkpt lat="50.424858" lon="6.69948">
                <ele>469.0</ele>
                <name>Position 1875</name>
            </trkpt>
            <trkpt lat="50.424726" lon="6.699836">
                <ele>471.0</ele>
                <name>Position 1876</name>
            </trkpt>
            <trkpt lat="50.424436" lon="6.700466">
                <ele>474.0</ele>
                <name>Position 1877</name>
            </trkpt>
            <trkpt lat="50.42425" lon="6.700912">
                <ele>476.0</ele>
                <name>Position 1878</name>
            </trkpt>
            <trkpt lat="50.424117" lon="6.701316">
                <ele>479.0</ele>
                <name>Position 1879</name>
            </trkpt>
            <trkpt lat="50.424051" lon="6.701675">
                <ele>481.5</ele>
                <name>Position 1880</name>
            </trkpt>
            <trkpt lat="50.424019" lon="6.702324">
                <ele>484.0</ele>
                <name>Position 1881</name>
            </trkpt>
            <trkpt lat="50.424041" lon="6.706347">
                <ele>497.5</ele>
                <name>Position 1882</name>
            </trkpt>
            <trkpt lat="50.424002" lon="6.706798">
                <ele>498.5</ele>
                <name>Position 1883</name>
            </trkpt>
            <trkpt lat="50.423934" lon="6.70722">
                <ele>499.5</ele>
                <name>Position 1884</name>
            </trkpt>
            <trkpt lat="50.423802" lon="6.70771">
                <ele>500.5</ele>
                <name>Position 1885</name>
            </trkpt>
            <trkpt lat="50.423635" lon="6.708101">
                <ele>502.0</ele>
                <name>Position 1886</name>
            </trkpt>
            <trkpt lat="50.423466" lon="6.708384">
                <ele>503.0</ele>
                <name>Position 1887</name>
            </trkpt>
            <trkpt lat="50.423255" lon="6.708654">
                <ele>502.0</ele>
                <name>Position 1888</name>
            </trkpt>
            <trkpt lat="50.422988" lon="6.708895">
                <ele>501.0</ele>
                <name>Position 1889</name>
            </trkpt>
            <trkpt lat="50.422493" lon="6.709245">
                <ele>496.0</ele>
                <name>Position 1890</name>
            </trkpt>
            <trkpt lat="50.422292" lon="6.709438">
                <ele>495.0</ele>
                <name>Position 1891</name>
            </trkpt>
            <trkpt lat="50.421964" lon="6.709834">
                <ele>492.0</ele>
                <name>Position 1892</name>
            </trkpt>
            <trkpt lat="50.421719" lon="6.710258">
                <ele>489.8</ele>
                <name>Position 1893</name>
            </trkpt>
            <trkpt lat="50.421469" lon="6.710954">
                <ele>489.0</ele>
                <name>Position 1894</name>
            </trkpt>
            <trkpt lat="50.421238" lon="6.711701">
                <ele>490.0</ele>
                <name>Position 1895</name>
            </trkpt>
            <trkpt lat="50.421072" lon="6.712132">
                <ele>490.8</ele>
                <name>Position 1896</name>
            </trkpt>
            <trkpt lat="50.420891" lon="6.712445">
                <ele>492.0</ele>
                <name>Position 1897</name>
            </trkpt>
            <trkpt lat="50.420701" lon="6.712684">
                <ele>492.3</ele>
                <name>Position 1898</name>
            </trkpt>
            <trkpt lat="50.420369" lon="6.712939">
                <ele>490.0</ele>
                <name>Position 1899</name>
            </trkpt>
            <trkpt lat="50.419492" lon="6.713383">
                <ele>480.0</ele>
                <name>Position 1900</name>
            </trkpt>
            <trkpt lat="50.419163" lon="6.71367">
                <ele>474.0</ele>
                <name>Position 1901</name>
            </trkpt>
            <trkpt lat="50.418812" lon="6.714133">
                <ele>472.0</ele>
                <name>Position 1902</name>
            </trkpt>
            <trkpt lat="50.418159" lon="6.715224">
                <ele>464.8</ele>
                <name>Position 1903</name>
            </trkpt>
            <trkpt lat="50.4180982" lon="6.7153079">
                <ele>464.5</ele>
                <time>2013-11-11T11:49:15.490Z</time>
                <name>K41, 53945 Blankenheim, Deutschland</name>
            </trkpt>
            <trkpt lat="50.417248" lon="6.716743">
                <ele>453.0</ele>
                <name>Position 1905</name>
            </trkpt>
            <trkpt lat="50.416337" lon="6.718331">
                <ele>447.0</ele>
                <name>Position 1906</name>
            </trkpt>
            <trkpt lat="50.416103" lon="6.718957">
                <ele>443.5</ele>
                <name>Position 1907</name>
            </trkpt>
            <trkpt lat="50.415995" lon="6.719605">
                <ele>441.5</ele>
                <name>Position 1908</name>
            </trkpt>
            <trkpt lat="50.415999" lon="6.720224">
                <ele>442.0</ele>
                <name>Position 1909</name>
            </trkpt>
            <trkpt lat="50.416313" lon="6.722632">
                <ele>456.0</ele>
                <name>Position 1910</name>
            </trkpt>
            <trkpt lat="50.416437" lon="6.723544">
                <ele>463.0</ele>
                <name>Position 1911</name>
            </trkpt>
            <trkpt lat="50.416484" lon="6.724033">
                <ele>466.0</ele>
                <name>Position 1912</name>
            </trkpt>
            <trkpt lat="50.416481" lon="6.724499">
                <ele>467.5</ele>
                <name>Position 1913</name>
            </trkpt>
            <trkpt lat="50.416445" lon="6.724848">
                <ele>469.5</ele>
                <name>Position 1914</name>
            </trkpt>
            <trkpt lat="50.416384" lon="6.725022">
                <ele>471.0</ele>
                <name>Position 1915</name>
            </trkpt>
            <trkpt lat="50.416197" lon="6.725017">
                <ele>469.8</ele>
                <name>Position 1916</name>
            </trkpt>
            <trkpt lat="50.415819" lon="6.725154">
                <ele>468.5</ele>
                <name>Position 1917</name>
            </trkpt>
            <trkpt lat="50.41555" lon="6.725229">
                <ele>468.0</ele>
                <name>Position 1918</name>
            </trkpt>
            <trkpt lat="50.415187" lon="6.72509">
                <ele>465.5</ele>
                <name>Position 1919</name>
            </trkpt>
            <trkpt lat="50.415075" lon="6.725095">
                <ele>466.0</ele>
                <name>Position 1920</name>
            </trkpt>
            <trkpt lat="50.414959" lon="6.72543">
                <ele>464.0</ele>
                <name>Position 1921</name>
            </trkpt>
            <trkpt lat="50.414864" lon="6.725996">
                <ele>462.0</ele>
                <name>Position 1922</name>
            </trkpt>
            <trkpt lat="50.414735" lon="6.726319">
                <ele>459.0</ele>
                <name>Position 1923</name>
            </trkpt>
            <trkpt lat="50.414602" lon="6.726502">
                <ele>457.0</ele>
                <name>Position 1924</name>
            </trkpt>
            <trkpt lat="50.414288" lon="6.726583">
                <ele>452.5</ele>
                <name>Position 1925</name>
            </trkpt>
            <trkpt lat="50.41403" lon="6.726675">
                <ele>451.0</ele>
                <name>Position 1926</name>
            </trkpt>
            <trkpt lat="50.413862" lon="6.726814">
                <ele>449.5</ele>
                <name>Position 1927</name>
            </trkpt>
            <trkpt lat="50.413709" lon="6.727053">
                <ele>448.8</ele>
                <name>Position 1928</name>
            </trkpt>
            <trkpt lat="50.413548" lon="6.727452">
                <ele>447.0</ele>
                <name>Position 1929</name>
            </trkpt>
            <trkpt lat="50.41332" lon="6.727665">
                <ele>446.0</ele>
                <name>Position 1930</name>
            </trkpt>
            <trkpt lat="50.413078" lon="6.727725">
                <ele>445.8</ele>
                <name>Position 1931</name>
            </trkpt>
            <trkpt lat="50.412987" lon="6.727771">
                <ele>445.5</ele>
                <name>Position 1932</name>
            </trkpt>
            <trkpt lat="50.412922" lon="6.727869">
                <ele>445.0</ele>
                <name>Position 1933</name>
            </trkpt>
            <trkpt lat="50.41245" lon="6.72837">
                <ele>442.8</ele>
                <name>Position 1934</name>
            </trkpt>
            <trkpt lat="50.412222" lon="6.728738">
                <ele>442.0</ele>
                <name>Position 1935</name>
            </trkpt>
            <trkpt lat="50.411946" lon="6.729256">
                <ele>441.0</ele>
                <name>Position 1936</name>
            </trkpt>
            <trkpt lat="50.411695" lon="6.729808">
                <ele>437.5</ele>
                <name>Position 1937</name>
            </trkpt>
            <trkpt lat="50.411183" lon="6.730986">
                <ele>431.5</ele>
                <name>Position 1938</name>
            </trkpt>
            <trkpt lat="50.411032" lon="6.731246">
                <ele>431.0</ele>
                <name>Position 1939</name>
            </trkpt>
            <trkpt lat="50.410806" lon="6.731499">
                <ele>430.0</ele>
                <name>Position 1940</name>
            </trkpt>
            <trkpt lat="50.41058" lon="6.73167">
                <ele>428.0</ele>
                <name>Position 1941</name>
            </trkpt>
            <trkpt lat="50.410482" lon="6.731903">
                <ele>427.0</ele>
                <name>Position 1942</name>
            </trkpt>
            <trkpt lat="50.410606" lon="6.732203">
                <ele>426.0</ele>
                <name>Position 1943</name>
            </trkpt>
            <trkpt lat="50.41087" lon="6.732536">
                <ele>426.0</ele>
                <name>Position 1944</name>
            </trkpt>
            <trkpt lat="50.411085" lon="6.732843">
                <ele>425.8</ele>
                <name>Position 1945</name>
            </trkpt>
            <trkpt lat="50.411293" lon="6.733221">
                <ele>428.0</ele>
                <name>Position 1946</name>
            </trkpt>
            <trkpt lat="50.411531" lon="6.73358">
                <ele>429.0</ele>
                <name>Position 1947</name>
            </trkpt>
            <trkpt lat="50.411669" lon="6.733849">
                <ele>430.0</ele>
                <name>Position 1948</name>
            </trkpt>
            <trkpt lat="50.411735" lon="6.734123">
                <ele>430.0</ele>
                <name>Position 1949</name>
            </trkpt>
            <trkpt lat="50.411845" lon="6.734677">
                <ele>429.0</ele>
                <name>Position 1950</name>
            </trkpt>
            <trkpt lat="50.412189" lon="6.735682">
                <ele>428.5</ele>
                <name>Position 1951</name>
            </trkpt>
            <trkpt lat="50.412367" lon="6.736076">
                <ele>430.0</ele>
                <name>Position 1952</name>
            </trkpt>
            <trkpt lat="50.412651" lon="6.736502">
                <ele>429.5</ele>
                <name>Position 1953</name>
            </trkpt>
            <trkpt lat="50.412834" lon="6.73686">
                <ele>429.5</ele>
                <name>Position 1954</name>
            </trkpt>
            <trkpt lat="50.412964" lon="6.737182">
                <ele>429.0</ele>
                <name>Position 1955</name>
            </trkpt>
            <trkpt lat="50.413053" lon="6.737617">
                <ele>430.0</ele>
                <name>Position 1956</name>
            </trkpt>
            <trkpt lat="50.413083" lon="6.737844">
                <ele>431.0</ele>
                <name>Position 1957</name>
            </trkpt>
            <trkpt lat="50.413151" lon="6.738417">
                <ele>433.8</ele>
                <name>Position 1958</name>
            </trkpt>
            <trkpt lat="50.413416" lon="6.74059">
                <ele>446.0</ele>
                <name>Position 1959</name>
            </trkpt>
            <trkpt lat="50.41351" lon="6.741409">
                <ele>450.5</ele>
                <name>Position 1960</name>
            </trkpt>
            <trkpt lat="50.41365" lon="6.741983">
                <ele>454.0</ele>
                <name>Position 1961</name>
            </trkpt>
            <trkpt lat="50.413958" lon="6.743051">
                <ele>459.0</ele>
                <name>Position 1962</name>
            </trkpt>
            <trkpt lat="50.414468" lon="6.744931">
                <ele>465.5</ele>
                <name>Position 1963</name>
            </trkpt>
            <trkpt lat="50.414785" lon="6.745841">
                <ele>469.0</ele>
                <name>Position 1964</name>
            </trkpt>
            <trkpt lat="50.414997" lon="6.746279">
                <ele>470.0</ele>
                <name>Position 1965</name>
            </trkpt>
            <trkpt lat="50.415156" lon="6.746652">
                <ele>471.0</ele>
                <name>Position 1966</name>
            </trkpt>
            <trkpt lat="50.415306" lon="6.747138">
                <ele>471.5</ele>
                <name>Position 1967</name>
            </trkpt>
            <trkpt lat="50.415516" lon="6.747583">
                <ele>474.0</ele>
                <name>Position 1968</name>
            </trkpt>
            <trkpt lat="50.415651" lon="6.747768">
                <ele>475.0</ele>
                <name>Position 1969</name>
            </trkpt>
            <trkpt lat="50.415714" lon="6.747976">
                <ele>474.5</ele>
                <name>Position 1970</name>
            </trkpt>
            <trkpt lat="50.415716" lon="6.748064">
                <ele>474.0</ele>
                <name>Position 1971</name>
            </trkpt>
            <trkpt lat="50.415571" lon="6.747959">
                <ele>473.5</ele>
                <name>Position 1972</name>
            </trkpt>
            <trkpt lat="50.415327" lon="6.747751">
                <ele>471.8</ele>
                <name>Position 1973</name>
            </trkpt>
            <trkpt lat="50.415192" lon="6.747719">
                <ele>470.8</ele>
                <name>Position 1974</name>
            </trkpt>
            <trkpt lat="50.414918" lon="6.747771">
                <ele>468.8</ele>
                <name>Position 1975</name>
            </trkpt>
            <trkpt lat="50.41465" lon="6.747826">
                <ele>467.5</ele>
                <name>Position 1976</name>
            </trkpt>
            <trkpt lat="50.414357" lon="6.747817">
                <ele>467.0</ele>
                <name>Position 1977</name>
            </trkpt>
            <trkpt lat="50.413998" lon="6.74777">
                <ele>465.0</ele>
                <name>Position 1978</name>
            </trkpt>
            <trkpt lat="50.413604" lon="6.747845">
                <ele>462.3</ele>
                <name>Position 1979</name>
            </trkpt>
            <trkpt lat="50.413464" lon="6.747902">
                <ele>461.0</ele>
                <name>Position 1980</name>
            </trkpt>
            <trkpt lat="50.413332" lon="6.748182">
                <ele>461.0</ele>
                <name>Position 1981</name>
            </trkpt>
            <trkpt lat="50.413139" lon="6.74885">
                <ele>463.0</ele>
                <name>Position 1982</name>
            </trkpt>
            <trkpt lat="50.413217" lon="6.749277">
                <ele>465.0</ele>
                <name>Position 1983</name>
            </trkpt>
            <trkpt lat="50.413298" lon="6.749886">
                <ele>467.0</ele>
                <name>Position 1984</name>
            </trkpt>
            <trkpt lat="50.41352" lon="6.749949">
                <ele>467.5</ele>
                <name>Position 1985</name>
            </trkpt>
            <trkpt lat="50.413696" lon="6.750071">
                <ele>468.8</ele>
                <name>Position 1986</name>
            </trkpt>
            <trkpt lat="50.413935" lon="6.750316">
                <ele>471.0</ele>
                <name>Position 1987</name>
            </trkpt>
            <trkpt lat="50.413964" lon="6.750561">
                <ele>470.5</ele>
                <name>Position 1988</name>
            </trkpt>
            <trkpt lat="50.413997" lon="6.750862">
                <ele>472.0</ele>
                <name>Position 1989</name>
            </trkpt>
            <trkpt lat="50.41412" lon="6.751228">
                <ele>473.0</ele>
                <name>Position 1990</name>
            </trkpt>
            <trkpt lat="50.414426" lon="6.751841">
                <ele>474.5</ele>
                <name>Position 1991</name>
            </trkpt>
            <trkpt lat="50.414572" lon="6.752168">
                <ele>477.0</ele>
                <name>Position 1992</name>
            </trkpt>
            <trkpt lat="50.414669" lon="6.752547">
                <ele>478.0</ele>
                <name>Position 1993</name>
            </trkpt>
            <trkpt lat="50.414724" lon="6.752936">
                <ele>479.0</ele>
                <name>Position 1994</name>
            </trkpt>
            <trkpt lat="50.414739" lon="6.753188">
                <ele>480.0</ele>
                <name>Position 1995</name>
            </trkpt>
            <trkpt lat="50.414674" lon="6.75362">
                <ele>479.0</ele>
                <name>Position 1996</name>
            </trkpt>
            <trkpt lat="50.414556" lon="6.753893">
                <ele>478.0</ele>
                <name>Position 1997</name>
            </trkpt>
            <trkpt lat="50.414481" lon="6.75415">
                <ele>477.0</ele>
                <name>Position 1998</name>
            </trkpt>
            <trkpt lat="50.414403" lon="6.754797">
                <ele>475.0</ele>
                <name>Position 1999</name>
            </trkpt>
            <trkpt lat="50.414322" lon="6.755822">
                <ele>476.3</ele>
                <name>Position 2000</name>
            </trkpt>
            <trkpt lat="50.414282" lon="6.756216">
                <ele>476.8</ele>
                <name>Position 2001</name>
            </trkpt>
            <trkpt lat="50.414242" lon="6.756589">
                <ele>478.0</ele>
                <name>Position 2002</name>
            </trkpt>
            <trkpt lat="50.414244" lon="6.756949">
                <ele>479.0</ele>
                <name>Position 2003</name>
            </trkpt>
            <trkpt lat="50.414291" lon="6.757517">
                <ele>481.0</ele>
                <name>Position 2004</name>
            </trkpt>
            <trkpt lat="50.414312" lon="6.758157">
                <ele>483.0</ele>
                <name>Position 2005</name>
            </trkpt>
            <trkpt lat="50.414278" lon="6.759226">
                <ele>487.0</ele>
                <name>Position 2006</name>
            </trkpt>
            <trkpt lat="50.414238" lon="6.759913">
                <ele>489.0</ele>
                <name>Position 2007</name>
            </trkpt>
            <trkpt lat="50.414118" lon="6.76069">
                <ele>491.0</ele>
                <name>Position 2008</name>
            </trkpt>
            <trkpt lat="50.414052" lon="6.761283">
                <ele>494.8</ele>
                <name>Position 2009</name>
            </trkpt>
            <trkpt lat="50.414059" lon="6.761641">
                <ele>498.0</ele>
                <name>Position 2010</name>
            </trkpt>
            <trkpt lat="50.41413" lon="6.761955">
                <ele>501.0</ele>
                <name>Position 2011</name>
            </trkpt>
            <trkpt lat="50.414187" lon="6.762358">
                <ele>505.0</ele>
                <name>Position 2012</name>
            </trkpt>
            <trkpt lat="50.414212" lon="6.762687">
                <ele>506.0</ele>
                <name>Position 2013</name>
            </trkpt>
            <trkpt lat="50.414191" lon="6.763112">
                <ele>506.0</ele>
                <name>Position 2014</name>
            </trkpt>
            <trkpt lat="50.414015" lon="6.76371">
                <ele>507.0</ele>
                <name>Position 2015</name>
            </trkpt>
            <trkpt lat="50.413959" lon="6.764217">
                <ele>510.0</ele>
                <name>Position 2016</name>
            </trkpt>
            <trkpt lat="50.414059" lon="6.764725">
                <ele>511.0</ele>
                <name>Position 2017</name>
            </trkpt>
            <trkpt lat="50.414141" lon="6.765221">
                <ele>512.0</ele>
                <name>Position 2018</name>
            </trkpt>
            <trkpt lat="50.414096" lon="6.765601">
                <ele>511.8</ele>
                <name>Position 2019</name>
            </trkpt>
            <trkpt lat="50.413981" lon="6.766134">
                <ele>511.5</ele>
                <name>Position 2020</name>
            </trkpt>
            <trkpt lat="50.414013" lon="6.76676">
                <ele>513.3</ele>
                <name>Position 2021</name>
            </trkpt>
            <trkpt lat="50.41415" lon="6.767516">
                <ele>517.8</ele>
                <name>Position 2022</name>
            </trkpt>
            <trkpt lat="50.414178" lon="6.767888">
                <ele>520.0</ele>
                <name>Position 2023</name>
            </trkpt>
            <trkpt lat="50.41416" lon="6.768849">
                <ele>522.0</ele>
                <name>Position 2024</name>
            </trkpt>
            <trkpt lat="50.414178" lon="6.7693">
                <ele>523.0</ele>
                <name>Position 2025</name>
            </trkpt>
            <trkpt lat="50.41426" lon="6.769723">
                <ele>523.0</ele>
                <name>Position 2026</name>
            </trkpt>
            <trkpt lat="50.414533" lon="6.770676">
                <ele>526.0</ele>
                <name>Position 2027</name>
            </trkpt>
            <trkpt lat="50.414666" lon="6.771054">
                <ele>525.0</ele>
                <name>Position 2028</name>
            </trkpt>
            <trkpt lat="50.414794" lon="6.771359">
                <ele>523.5</ele>
                <name>Position 2029</name>
            </trkpt>
            <trkpt lat="50.414952" lon="6.771672">
                <ele>522.0</ele>
                <name>Position 2030</name>
            </trkpt>
            <trkpt lat="50.415533" lon="6.772809">
                <ele>526.0</ele>
                <name>Position 2031</name>
            </trkpt>
            <trkpt lat="50.415763" lon="6.773192">
                <ele>527.0</ele>
                <name>Position 2032</name>
            </trkpt>
            <trkpt lat="50.41619" lon="6.77376">
                <ele>525.0</ele>
                <name>Position 2033</name>
            </trkpt>
            <trkpt lat="50.416811" lon="6.774608">
                <ele>523.0</ele>
                <name>Position 2034</name>
            </trkpt>
            <trkpt lat="50.417243" lon="6.775157">
                <ele>523.8</ele>
                <name>Position 2035</name>
            </trkpt>
            <trkpt lat="50.417434" lon="6.775473">
                <ele>525.0</ele>
                <name>Position 2036</name>
            </trkpt>
            <trkpt lat="50.417557" lon="6.775797">
                <ele>526.0</ele>
                <name>Position 2037</name>
            </trkpt>
            <trkpt lat="50.41777" lon="6.777011">
                <ele>528.0</ele>
                <name>Position 2038</name>
            </trkpt>
            <trkpt lat="50.418023" lon="6.778498">
                <ele>529.0</ele>
                <name>Position 2039</name>
            </trkpt>
            <trkpt lat="50.418075" lon="6.778913">
                <ele>531.0</ele>
                <name>Position 2040</name>
            </trkpt>
            <trkpt lat="50.418038" lon="6.779113">
                <ele>531.0</ele>
                <name>Position 2041</name>
            </trkpt>
            <trkpt lat="50.417723" lon="6.7796">
                <ele>532.0</ele>
                <name>Position 2042</name>
            </trkpt>
            <trkpt lat="50.417028" lon="6.780787">
                <ele>530.0</ele>
                <name>Position 2043</name>
            </trkpt>
            <trkpt lat="50.416619" lon="6.781578">
                <ele>532.5</ele>
                <name>Position 2044</name>
            </trkpt>
            <trkpt lat="50.416356" lon="6.782123">
                <ele>533.5</ele>
                <name>Position 2045</name>
            </trkpt>
            <trkpt lat="50.415968" lon="6.782977">
                <ele>536.0</ele>
                <name>Position 2046</name>
            </trkpt>
            <trkpt lat="50.415868" lon="6.783454">
                <ele>537.0</ele>
                <name>Position 2047</name>
            </trkpt>
            <trkpt lat="50.41563" lon="6.785216">
                <ele>536.0</ele>
                <name>Position 2048</name>
            </trkpt>
            <trkpt lat="50.415248" lon="6.788005">
                <ele>523.0</ele>
                <name>Position 2049</name>
            </trkpt>
            <trkpt lat="50.414883" lon="6.790673">
                <ele>511.8</ele>
                <name>Position 2050</name>
            </trkpt>
            <trkpt lat="50.414752" lon="6.791645">
                <ele>506.5</ele>
                <name>Position 2051</name>
            </trkpt>
            <trkpt lat="50.414464" lon="6.793858">
                <ele>504.8</ele>
                <name>Position 2052</name>
            </trkpt>
            <trkpt lat="50.414269" lon="6.79528">
                <ele>508.0</ele>
                <name>Position 2053</name>
            </trkpt>
            <trkpt lat="50.414197" lon="6.795789">
                <ele>510.0</ele>
                <name>Position 2054</name>
            </trkpt>
            <trkpt lat="50.414072" lon="6.796709">
                <ele>512.0</ele>
                <name>Position 2055</name>
            </trkpt>
            <trkpt lat="50.413995" lon="6.797243">
                <ele>510.0</ele>
                <name>Position 2056</name>
            </trkpt>
            <trkpt lat="50.413933" lon="6.79774">
                <ele>510.0</ele>
                <name>Position 2057</name>
            </trkpt>
            <trkpt lat="50.413873" lon="6.798191">
                <ele>510.0</ele>
                <name>Position 2058</name>
            </trkpt>
            <trkpt lat="50.413853" lon="6.798738">
                <ele>511.0</ele>
                <name>Position 2059</name>
            </trkpt>
            <trkpt lat="50.413948" lon="6.798977">
                <ele>509.8</ele>
                <name>Position 2060</name>
            </trkpt>
            <trkpt lat="50.414227" lon="6.799304">
                <ele>507.0</ele>
                <name>Position 2061</name>
            </trkpt>
            <trkpt lat="50.414363" lon="6.799548">
                <ele>507.0</ele>
                <name>Position 2062</name>
            </trkpt>
            <trkpt lat="50.414464" lon="6.799809">
                <ele>507.3</ele>
                <name>Position 2063</name>
            </trkpt>
            <trkpt lat="50.414551" lon="6.800055">
                <ele>508.0</ele>
                <name>Position 2064</name>
            </trkpt>
            <trkpt lat="50.414633" lon="6.800297">
                <ele>510.0</ele>
                <name>Position 2065</name>
            </trkpt>
            <trkpt lat="50.414702" lon="6.800521">
                <ele>512.0</ele>
                <name>Position 2066</name>
            </trkpt>
            <trkpt lat="50.41476" lon="6.800733">
                <ele>514.0</ele>
                <name>Position 2067</name>
            </trkpt>
            <trkpt lat="50.414791" lon="6.800901">
                <ele>515.0</ele>
                <name>Position 2068</name>
            </trkpt>
            <trkpt lat="50.414826" lon="6.801132">
                <ele>517.0</ele>
                <name>Position 2069</name>
            </trkpt>
            <trkpt lat="50.414855" lon="6.801365">
                <ele>518.0</ele>
                <name>Position 2070</name>
            </trkpt>
            <trkpt lat="50.414884" lon="6.801587">
                <ele>520.0</ele>
                <name>Position 2071</name>
            </trkpt>
            <trkpt lat="50.41491" lon="6.801818">
                <ele>521.0</ele>
                <name>Position 2072</name>
            </trkpt>
            <trkpt lat="50.414924" lon="6.802001">
                <ele>521.0</ele>
                <name>Position 2073</name>
            </trkpt>
            <trkpt lat="50.414922" lon="6.802244">
                <ele>522.0</ele>
                <name>Position 2074</name>
            </trkpt>
            <trkpt lat="50.414848" lon="6.802536">
                <ele>522.0</ele>
                <name>Position 2075</name>
            </trkpt>
            <trkpt lat="50.414692" lon="6.802945">
                <ele>521.5</ele>
                <name>Position 2076</name>
            </trkpt>
            <trkpt lat="50.414491" lon="6.803346">
                <ele>523.0</ele>
                <name>Position 2077</name>
            </trkpt>
            <trkpt lat="50.414591" lon="6.804286">
                <ele>526.0</ele>
                <name>Position 2078</name>
            </trkpt>
            <trkpt lat="50.414847" lon="6.805308">
                <ele>532.0</ele>
                <name>Position 2079</name>
            </trkpt>
            <trkpt lat="50.415283" lon="6.80661">
                <ele>537.5</ele>
                <name>Position 2080</name>
            </trkpt>
            <trkpt lat="50.415367" lon="6.806646">
                <ele>537.8</ele>
                <name>Position 2081</name>
            </trkpt>
            <trkpt lat="50.41571" lon="6.806401">
                <ele>537.0</ele>
                <name>Position 2082</name>
            </trkpt>
            <trkpt lat="50.415985" lon="6.806309">
                <ele>534.5</ele>
                <name>Position 2083</name>
            </trkpt>
            <trkpt lat="50.416487" lon="6.806342">
                <ele>533.0</ele>
                <name>Position 2084</name>
            </trkpt>
            <trkpt lat="50.416951" lon="6.806428">
                <ele>530.0</ele>
                <name>Position 2085</name>
            </trkpt>
            <trkpt lat="50.417214" lon="6.806474">
                <ele>528.0</ele>
                <name>Position 2086</name>
            </trkpt>
            <trkpt lat="50.41742" lon="6.80651">
                <ele>526.0</ele>
                <name>Position 2087</name>
            </trkpt>
            <trkpt lat="50.41764" lon="6.806525">
                <ele>523.5</ele>
                <name>Position 2088</name>
            </trkpt>
            <trkpt lat="50.41791" lon="6.806487">
                <ele>519.8</ele>
                <name>Position 2089</name>
            </trkpt>
            <trkpt lat="50.418179" lon="6.806429">
                <ele>515.8</ele>
                <name>Position 2090</name>
            </trkpt>
            <trkpt lat="50.418434" lon="6.806364">
                <ele>513.0</ele>
                <name>Position 2091</name>
            </trkpt>
            <trkpt lat="50.418691" lon="6.806276">
                <ele>511.0</ele>
                <name>Position 2092</name>
            </trkpt>
            <trkpt lat="50.419036" lon="6.80602">
                <ele>508.0</ele>
                <name>Position 2093</name>
            </trkpt>
            <trkpt lat="50.419257" lon="6.805725">
                <ele>504.0</ele>
                <name>Position 2094</name>
            </trkpt>
            <trkpt lat="50.419564" lon="6.805392">
                <ele>498.8</ele>
                <name>Position 2095</name>
            </trkpt>
            <trkpt lat="50.419832" lon="6.805323">
                <ele>497.0</ele>
                <name>Position 2096</name>
            </trkpt>
            <trkpt lat="50.420219" lon="6.805479">
                <ele>496.0</ele>
                <name>Position 2097</name>
            </trkpt>
            <trkpt lat="50.420495" lon="6.805574">
                <ele>494.0</ele>
                <name>Position 2098</name>
            </trkpt>
            <trkpt lat="50.420787" lon="6.805665">
                <ele>493.0</ele>
                <name>Position 2099</name>
            </trkpt>
            <trkpt lat="50.421232" lon="6.805891">
                <ele>489.0</ele>
                <name>Position 2100</name>
            </trkpt>
            <trkpt lat="50.421488" lon="6.806168">
                <ele>487.0</ele>
                <name>Position 2101</name>
            </trkpt>
            <trkpt lat="50.421733" lon="6.806465">
                <ele>483.5</ele>
                <name>Position 2102</name>
            </trkpt>
            <trkpt lat="50.421977" lon="6.806756">
                <ele>481.5</ele>
                <name>Position 2103</name>
            </trkpt>
            <trkpt lat="50.422224" lon="6.807032">
                <ele>479.0</ele>
                <name>Position 2104</name>
            </trkpt>
            <trkpt lat="50.422481" lon="6.807277">
                <ele>477.0</ele>
                <name>Position 2105</name>
            </trkpt>
            <trkpt lat="50.4227" lon="6.807463">
                <ele>474.5</ele>
                <name>Position 2106</name>
            </trkpt>
            <trkpt lat="50.422898" lon="6.80752">
                <ele>474.0</ele>
                <name>Position 2107</name>
            </trkpt>
            <trkpt lat="50.423105" lon="6.807351">
                <ele>472.0</ele>
                <name>Position 2108</name>
            </trkpt>
            <trkpt lat="50.423292" lon="6.807067">
                <ele>469.3</ele>
                <name>Position 2109</name>
            </trkpt>
            <trkpt lat="50.423565" lon="6.80656">
                <ele>465.8</ele>
                <name>Position 2110</name>
            </trkpt>
            <trkpt lat="50.42374" lon="6.806186">
                <ele>464.0</ele>
                <name>Position 2111</name>
            </trkpt>
            <trkpt lat="50.423884" lon="6.805777">
                <ele>463.0</ele>
                <name>Position 2112</name>
            </trkpt>
            <trkpt lat="50.424017" lon="6.805364">
                <ele>462.0</ele>
                <name>Position 2113</name>
            </trkpt>
            <trkpt lat="50.424296" lon="6.80503">
                <ele>460.0</ele>
                <name>Position 2114</name>
            </trkpt>
            <trkpt lat="50.424524" lon="6.805075">
                <ele>458.0</ele>
                <name>Position 2115</name>
            </trkpt>
            <trkpt lat="50.424764" lon="6.805235">
                <ele>457.0</ele>
                <name>Position 2116</name>
            </trkpt>
            <trkpt lat="50.425147" lon="6.805544">
                <ele>454.0</ele>
                <name>Position 2117</name>
            </trkpt>
            <trkpt lat="50.425387" lon="6.80581">
                <ele>451.3</ele>
                <name>Position 2118</name>
            </trkpt>
            <trkpt lat="50.42583" lon="6.806483">
                <ele>444.3</ele>
                <name>Position 2119</name>
            </trkpt>
            <trkpt lat="50.426265" lon="6.807258">
                <ele>439.0</ele>
                <name>Position 2120</name>
            </trkpt>
            <trkpt lat="50.426778" lon="6.808309">
                <ele>435.0</ele>
                <name>Position 2121</name>
            </trkpt>
            <trkpt lat="50.427032" lon="6.808972">
                <ele>433.0</ele>
                <name>Position 2122</name>
            </trkpt>
            <trkpt lat="50.427158" lon="6.809458">
                <ele>430.0</ele>
                <name>Position 2123</name>
            </trkpt>
            <trkpt lat="50.427268" lon="6.809882">
                <ele>426.8</ele>
                <name>Position 2124</name>
            </trkpt>
            <trkpt lat="50.427365" lon="6.810237">
                <ele>424.8</ele>
                <name>Position 2125</name>
            </trkpt>
            <trkpt lat="50.427437" lon="6.810268">
                <ele>423.5</ele>
                <name>Position 2126</name>
            </trkpt>
            <trkpt lat="50.427525" lon="6.810238">
                <ele>422.5</ele>
                <name>Position 2127</name>
            </trkpt>
            <trkpt lat="50.427646" lon="6.810034">
                <ele>421.8</ele>
                <name>Position 2128</name>
            </trkpt>
            <trkpt lat="50.42813" lon="6.809217">
                <ele>420.0</ele>
                <name>Position 2129</name>
            </trkpt>
            <trkpt lat="50.428377" lon="6.808922">
                <ele>417.5</ele>
                <name>Position 2130</name>
            </trkpt>
            <trkpt lat="50.42862" lon="6.80862">
                <ele>415.0</ele>
                <name>Position 2131</name>
            </trkpt>
            <trkpt lat="50.428784" lon="6.808286">
                <ele>412.0</ele>
                <name>Position 2132</name>
            </trkpt>
            <trkpt lat="50.428819" lon="6.808134">
                <ele>410.0</ele>
                <name>Position 2133</name>
            </trkpt>
            <trkpt lat="50.428856" lon="6.808014">
                <ele>409.0</ele>
                <name>Position 2134</name>
            </trkpt>
            <trkpt lat="50.428941" lon="6.807964">
                <ele>408.0</ele>
                <name>Position 2135</name>
            </trkpt>
            <trkpt lat="50.42903" lon="6.808001">
                <ele>406.0</ele>
                <name>Position 2136</name>
            </trkpt>
            <trkpt lat="50.429373" lon="6.808373">
                <ele>400.5</ele>
                <name>Position 2137</name>
            </trkpt>
            <trkpt lat="50.429485" lon="6.808723">
                <ele>398.5</ele>
                <name>Position 2138</name>
            </trkpt>
            <trkpt lat="50.429543" lon="6.809189">
                <ele>397.3</ele>
                <name>Position 2139</name>
            </trkpt>
            <trkpt lat="50.429561" lon="6.809552">
                <ele>396.5</ele>
                <name>Position 2140</name>
            </trkpt>
            <trkpt lat="50.429637" lon="6.809716">
                <ele>394.5</ele>
                <name>Position 2141</name>
            </trkpt>
            <trkpt lat="50.429869" lon="6.809743">
                <ele>390.0</ele>
                <name>Position 2142</name>
            </trkpt>
            <trkpt lat="50.430088" lon="6.80971">
                <ele>387.5</ele>
                <name>Position 2143</name>
            </trkpt>
            <trkpt lat="50.43029" lon="6.809732">
                <ele>392.0</ele>
                <name>Position 2144</name>
            </trkpt>
            <trkpt lat="50.43047" lon="6.80982">
                <ele>395.0</ele>
                <name>Position 2145</name>
            </trkpt>
            <trkpt lat="50.430585" lon="6.80995">
                <ele>395.8</ele>
                <name>Position 2146</name>
            </trkpt>
            <trkpt lat="50.430592" lon="6.810116">
                <ele>396.0</ele>
                <name>Position 2147</name>
            </trkpt>
            <trkpt lat="50.430381" lon="6.811995">
                <ele>388.0</ele>
                <name>Position 2148</name>
            </trkpt>
            <trkpt lat="50.430086" lon="6.813391">
                <ele>385.0</ele>
                <name>Position 2149</name>
            </trkpt>
            <trkpt lat="50.430086" lon="6.813391">
                <ele>385.0</ele>
                <name>Position 2150</name>
            </trkpt>
            <trkpt lat="50.429842" lon="6.814504">
                <ele>386.0</ele>
                <name>Position 2151</name>
            </trkpt>
            <trkpt lat="50.429557" lon="6.81537">
                <ele>385.0</ele>
                <name>Position 2152</name>
            </trkpt>
            <trkpt lat="50.429323" lon="6.815858">
                <ele>381.0</ele>
                <name>Position 2153</name>
            </trkpt>
            <trkpt lat="50.428891" lon="6.816544">
                <ele>383.0</ele>
                <name>Position 2154</name>
            </trkpt>
            <trkpt lat="50.428596" lon="6.817341">
                <ele>379.0</ele>
                <name>Position 2155</name>
            </trkpt>
            <trkpt lat="50.42846" lon="6.817901">
                <ele>372.5</ele>
                <name>Position 2156</name>
            </trkpt>
            <trkpt lat="50.428444" lon="6.818316">
                <ele>370.5</ele>
                <name>Position 2157</name>
            </trkpt>
            <trkpt lat="50.428503" lon="6.818876">
                <ele>372.5</ele>
                <name>Position 2158</name>
            </trkpt>
            <trkpt lat="50.4285" lon="6.819273">
                <ele>372.5</ele>
                <name>Position 2159</name>
            </trkpt>
            <trkpt lat="50.428469" lon="6.819593">
                <ele>372.0</ele>
                <name>Position 2160</name>
            </trkpt>
            <trkpt lat="50.428257" lon="6.820755">
                <ele>370.0</ele>
                <name>Position 2161</name>
            </trkpt>
            <trkpt lat="50.428063" lon="6.821683">
                <ele>372.0</ele>
                <name>Position 2162</name>
            </trkpt>
            <trkpt lat="50.427986" lon="6.822007">
                <ele>374.0</ele>
                <name>Position 2163</name>
            </trkpt>
            <trkpt lat="50.42791" lon="6.822323">
                <ele>374.0</ele>
                <name>Position 2164</name>
            </trkpt>
            <trkpt lat="50.427861" lon="6.822653">
                <ele>374.0</ele>
                <name>Position 2165</name>
            </trkpt>
            <trkpt lat="50.427828" lon="6.82298">
                <ele>373.0</ele>
                <name>Position 2166</name>
            </trkpt>
            <trkpt lat="50.427824" lon="6.823486">
                <ele>373.0</ele>
                <name>Position 2167</name>
            </trkpt>
            <trkpt lat="50.42784" lon="6.823813">
                <ele>373.0</ele>
                <name>Position 2168</name>
            </trkpt>
            <trkpt lat="50.42785" lon="6.824132">
                <ele>373.0</ele>
                <name>Position 2169</name>
            </trkpt>
            <trkpt lat="50.427843" lon="6.824447">
                <ele>371.0</ele>
                <name>Position 2170</name>
            </trkpt>
            <trkpt lat="50.427814" lon="6.824763">
                <ele>369.0</ele>
                <name>Position 2171</name>
            </trkpt>
            <trkpt lat="50.427788" lon="6.82509">
                <ele>367.0</ele>
                <name>Position 2172</name>
            </trkpt>
            <trkpt lat="50.42777" lon="6.825421">
                <ele>366.0</ele>
                <name>Position 2173</name>
            </trkpt>
            <trkpt lat="50.427773" lon="6.825751">
                <ele>365.0</ele>
                <name>Position 2174</name>
            </trkpt>
            <trkpt lat="50.427791" lon="6.826073">
                <ele>364.0</ele>
                <name>Position 2175</name>
            </trkpt>
            <trkpt lat="50.427845" lon="6.826529">
                <ele>362.0</ele>
                <name>Position 2176</name>
            </trkpt>
            <trkpt lat="50.427905" lon="6.8271">
                <ele>360.8</ele>
                <name>Position 2177</name>
            </trkpt>
            <trkpt lat="50.427934" lon="6.827387">
                <ele>362.0</ele>
                <name>Position 2178</name>
            </trkpt>
            <trkpt lat="50.427954" lon="6.827675">
                <ele>361.0</ele>
                <name>Position 2179</name>
            </trkpt>
            <trkpt lat="50.427961" lon="6.828109">
                <ele>360.0</ele>
                <name>Position 2180</name>
            </trkpt>
            <trkpt lat="50.427942" lon="6.828534">
                <ele>359.0</ele>
                <name>Position 2181</name>
            </trkpt>
            <trkpt lat="50.427886" lon="6.828962">
                <ele>356.0</ele>
                <name>Position 2182</name>
            </trkpt>
            <trkpt lat="50.427828" lon="6.829247">
                <ele>354.0</ele>
                <name>Position 2183</name>
            </trkpt>
            <trkpt lat="50.427729" lon="6.829524">
                <ele>351.0</ele>
                <name>Position 2184</name>
            </trkpt>
            <trkpt lat="50.427622" lon="6.829892">
                <ele>348.0</ele>
                <name>Position 2185</name>
            </trkpt>
            <trkpt lat="50.427506" lon="6.830199">
                <ele>345.3</ele>
                <name>Position 2186</name>
            </trkpt>
            <trkpt lat="50.427404" lon="6.830511">
                <ele>346.8</ele>
                <name>Position 2187</name>
            </trkpt>
            <trkpt lat="50.427304" lon="6.830811">
                <ele>347.5</ele>
                <name>Position 2188</name>
            </trkpt>
            <trkpt lat="50.427203" lon="6.831118">
                <ele>348.0</ele>
                <name>Position 2189</name>
            </trkpt>
            <trkpt lat="50.42711" lon="6.831446">
                <ele>347.0</ele>
                <name>Position 2190</name>
            </trkpt>
            <trkpt lat="50.427038" lon="6.831788">
                <ele>345.0</ele>
                <name>Position 2191</name>
            </trkpt>
            <trkpt lat="50.426982" lon="6.832133">
                <ele>345.0</ele>
                <name>Position 2192</name>
            </trkpt>
            <trkpt lat="50.426962" lon="6.832475">
                <ele>346.0</ele>
                <name>Position 2193</name>
            </trkpt>
            <trkpt lat="50.426959" lon="6.83282">
                <ele>346.0</ele>
                <name>Position 2194</name>
            </trkpt>
            <trkpt lat="50.426955" lon="6.833162">
                <ele>345.0</ele>
                <name>Position 2195</name>
            </trkpt>
            <trkpt lat="50.426944" lon="6.833487">
                <ele>346.0</ele>
                <name>Position 2196</name>
            </trkpt>
            <trkpt lat="50.426791" lon="6.833902">
                <ele>343.0</ele>
                <name>Position 2197</name>
            </trkpt>
            <trkpt lat="50.42643" lon="6.834363">
                <ele>341.0</ele>
                <name>Position 2198</name>
            </trkpt>
            <trkpt lat="50.425855" lon="6.834634">
                <ele>333.0</ele>
                <name>Position 2199</name>
            </trkpt>
            <trkpt lat="50.425479" lon="6.835039">
                <ele>332.0</ele>
                <name>Position 2200</name>
            </trkpt>
            <trkpt lat="50.425342" lon="6.835481">
                <ele>330.5</ele>
                <name>Position 2201</name>
            </trkpt>
            <trkpt lat="50.425278" lon="6.836061">
                <ele>330.5</ele>
                <name>Position 2202</name>
            </trkpt>
            <trkpt lat="50.425266" lon="6.836436">
                <ele>332.0</ele>
                <name>Position 2203</name>
            </trkpt>
            <trkpt lat="50.425244" lon="6.836807">
                <ele>332.0</ele>
                <name>Position 2204</name>
            </trkpt>
            <trkpt lat="50.425205" lon="6.837174">
                <ele>329.0</ele>
                <name>Position 2205</name>
            </trkpt>
            <trkpt lat="50.425134" lon="6.837523">
                <ele>326.0</ele>
                <name>Position 2206</name>
            </trkpt>
            <trkpt lat="50.425018" lon="6.837829">
                <ele>323.0</ele>
                <name>Position 2207</name>
            </trkpt>
            <trkpt lat="50.424867" lon="6.838107">
                <ele>324.0</ele>
                <name>Position 2208</name>
            </trkpt>
            <trkpt lat="50.424591" lon="6.838418">
                <ele>323.0</ele>
                <name>Position 2209</name>
            </trkpt>
            <trkpt lat="50.424413" lon="6.838627">
                <ele>322.0</ele>
                <name>Position 2210</name>
            </trkpt>
            <trkpt lat="50.423939" lon="6.839548">
                <ele>318.0</ele>
                <name>Position 2211</name>
            </trkpt>
            <trkpt lat="50.423845" lon="6.840042">
                <ele>319.0</ele>
                <name>Position 2212</name>
            </trkpt>
            <trkpt lat="50.423766" lon="6.840537">
                <ele>318.0</ele>
                <name>Position 2213</name>
            </trkpt>
            <trkpt lat="50.423716" lon="6.840855">
                <ele>317.3</ele>
                <name>Position 2214</name>
            </trkpt>
            <trkpt lat="50.423671" lon="6.841155">
                <ele>316.3</ele>
                <name>Position 2215</name>
            </trkpt>
            <trkpt lat="50.423652" lon="6.841466">
                <ele>315.5</ele>
                <name>Position 2216</name>
            </trkpt>
            <trkpt lat="50.423652" lon="6.841794">
                <ele>315.8</ele>
                <name>Position 2217</name>
            </trkpt>
            <trkpt lat="50.423653" lon="6.842117">
                <ele>316.3</ele>
                <name>Position 2218</name>
            </trkpt>
            <trkpt lat="50.423632" lon="6.842436">
                <ele>316.3</ele>
                <name>Position 2219</name>
            </trkpt>
            <trkpt lat="50.42358" lon="6.842759">
                <ele>315.0</ele>
                <name>Position 2220</name>
            </trkpt>
            <trkpt lat="50.423517" lon="6.843093">
                <ele>313.0</ele>
                <name>Position 2221</name>
            </trkpt>
            <trkpt lat="50.423426" lon="6.84341">
                <ele>311.0</ele>
                <name>Position 2222</name>
            </trkpt>
            <trkpt lat="50.423332" lon="6.843713">
                <ele>311.0</ele>
                <name>Position 2223</name>
            </trkpt>
            <trkpt lat="50.423222" lon="6.844005">
                <ele>313.0</ele>
                <name>Position 2224</name>
            </trkpt>
            <trkpt lat="50.423041" lon="6.844431">
                <ele>314.0</ele>
                <name>Position 2225</name>
            </trkpt>
            <trkpt lat="50.42291" lon="6.844719">
                <ele>313.0</ele>
                <name>Position 2226</name>
            </trkpt>
            <trkpt lat="50.422636" lon="6.845011">
                <ele>308.0</ele>
                <name>Position 2227</name>
            </trkpt>
            <trkpt lat="50.422416" lon="6.845125">
                <ele>306.3</ele>
                <name>Position 2228</name>
            </trkpt>
            <trkpt lat="50.422188" lon="6.84518">
                <ele>306.5</ele>
                <name>Position 2229</name>
            </trkpt>
            <trkpt lat="50.421953" lon="6.845148">
                <ele>305.5</ele>
                <name>Position 2230</name>
            </trkpt>
            <trkpt lat="50.421718" lon="6.845024">
                <ele>302.0</ele>
                <name>Position 2231</name>
            </trkpt>
            <trkpt lat="50.421389" lon="6.8448">
                <ele>298.0</ele>
                <name>Position 2232</name>
            </trkpt>
            <trkpt lat="50.421164" lon="6.844677">
                <ele>295.0</ele>
                <name>Position 2233</name>
            </trkpt>
            <trkpt lat="50.420933" lon="6.844569">
                <ele>292.0</ele>
                <name>Position 2234</name>
            </trkpt>
            <trkpt lat="50.420707" lon="6.844458">
                <ele>289.0</ele>
                <name>Position 2235</name>
            </trkpt>
            <trkpt lat="50.420496" lon="6.844343">
                <ele>285.0</ele>
                <name>Position 2236</name>
            </trkpt>
            <trkpt lat="50.420206" lon="6.844135">
                <ele>280.0</ele>
                <name>Position 2237</name>
            </trkpt>
            <trkpt lat="50.419832" lon="6.845639">
                <ele>279.8</ele>
                <name>Position 2238</name>
            </trkpt>
            <trkpt lat="50.419858" lon="6.848899">
                <ele>284.0</ele>
                <name>Position 2239</name>
            </trkpt>
            <trkpt lat="50.420013" lon="6.850027">
                <ele>282.0</ele>
                <name>Position 2240</name>
            </trkpt>
            <trkpt lat="50.420243" lon="6.850584">
                <ele>279.0</ele>
                <name>Position 2241</name>
            </trkpt>
            <trkpt lat="50.420587" lon="6.850988">
                <ele>277.0</ele>
                <name>Position 2242</name>
            </trkpt>
            <trkpt lat="50.421002" lon="6.851227">
                <ele>275.0</ele>
                <name>Position 2243</name>
            </trkpt>
            <trkpt lat="50.421423" lon="6.851251">
                <ele>274.0</ele>
                <name>Position 2244</name>
            </trkpt>
            <trkpt lat="50.421905" lon="6.851014">
                <ele>275.0</ele>
                <name>Position 2245</name>
            </trkpt>
            <trkpt lat="50.422384" lon="6.850528">
                <ele>281.0</ele>
                <name>Position 2246</name>
            </trkpt>
            <trkpt lat="50.423057" lon="6.850007">
                <ele>285.5</ele>
                <name>Position 2247</name>
            </trkpt>
            <trkpt lat="50.423776" lon="6.849689">
                <ele>285.0</ele>
                <name>Position 2248</name>
            </trkpt>
            <trkpt lat="50.424426" lon="6.849555">
                <ele>281.0</ele>
                <name>Position 2249</name>
            </trkpt>
            <trkpt lat="50.424923" lon="6.849594">
                <ele>277.0</ele>
                <name>Position 2250</name>
            </trkpt>
            <trkpt lat="50.426337" lon="6.849479">
                <ele>273.0</ele>
                <name>Position 2251</name>
            </trkpt>
            <trkpt lat="50.42759" lon="6.849128">
                <ele>271.0</ele>
                <name>Position 2252</name>
            </trkpt>
            <trkpt lat="50.428408" lon="6.848903">
                <ele>272.0</ele>
                <name>Position 2253</name>
            </trkpt>
            <trkpt lat="50.428784" lon="6.848875">
                <ele>276.0</ele>
                <name>Position 2254</name>
            </trkpt>
            <trkpt lat="50.429447" lon="6.849194">
                <ele>283.0</ele>
                <name>Position 2255</name>
            </trkpt>
            <trkpt lat="50.429721" lon="6.849506">
                <ele>287.0</ele>
                <name>Position 2256</name>
            </trkpt>
            <trkpt lat="50.429932" lon="6.849984">
                <ele>285.8</ele>
                <name>Position 2257</name>
            </trkpt>
            <trkpt lat="50.430096" lon="6.85067">
                <ele>284.0</ele>
                <name>Position 2258</name>
            </trkpt>
            <trkpt lat="50.43017" lon="6.851219">
                <ele>282.0</ele>
                <name>Position 2259</name>
            </trkpt>
            <trkpt lat="50.430187" lon="6.852078">
                <ele>281.0</ele>
                <name>Position 2260</name>
            </trkpt>
            <trkpt lat="50.430137" lon="6.852688">
                <ele>282.0</ele>
                <name>Position 2261</name>
            </trkpt>
            <trkpt lat="50.429956" lon="6.853625">
                <ele>285.0</ele>
                <name>Position 2262</name>
            </trkpt>
            <trkpt lat="50.429713" lon="6.854315">
                <ele>285.0</ele>
                <name>Position 2263</name>
            </trkpt>
            <trkpt lat="50.429512" lon="6.854773">
                <ele>280.5</ele>
                <name>Position 2264</name>
            </trkpt>
            <trkpt lat="50.429128" lon="6.85619">
                <ele>272.0</ele>
                <name>Position 2265</name>
            </trkpt>
            <trkpt lat="50.429021" lon="6.856769">
                <ele>270.0</ele>
                <name>Position 2266</name>
            </trkpt>
            <trkpt lat="50.4291" lon="6.857265">
                <ele>267.0</ele>
                <name>Position 2267</name>
            </trkpt>
            <trkpt lat="50.429315" lon="6.857603">
                <ele>268.0</ele>
                <name>Position 2268</name>
            </trkpt>
            <trkpt lat="50.429959" lon="6.85827">
                <ele>268.5</ele>
                <name>Position 2269</name>
            </trkpt>
            <trkpt lat="50.430382" lon="6.858655">
                <ele>268.0</ele>
                <name>Position 2270</name>
            </trkpt>
            <trkpt lat="50.430735" lon="6.858798">
                <ele>268.0</ele>
                <name>Position 2271</name>
            </trkpt>
            <trkpt lat="50.431192" lon="6.858741">
                <ele>269.0</ele>
                <name>Position 2272</name>
            </trkpt>
            <trkpt lat="50.432429" lon="6.85783">
                <ele>275.0</ele>
                <name>Position 2273</name>
            </trkpt>
            <trkpt lat="50.432623" lon="6.85776">
                <ele>273.0</ele>
                <name>Position 2274</name>
            </trkpt>
            <trkpt lat="50.432728" lon="6.857848">
                <ele>270.0</ele>
                <name>Position 2275</name>
            </trkpt>
            <trkpt lat="50.433098" lon="6.858509">
                <ele>263.0</ele>
                <name>Position 2276</name>
            </trkpt>
            <trkpt lat="50.433545" lon="6.859139">
                <ele>268.0</ele>
                <name>Position 2277</name>
            </trkpt>
            <trkpt lat="50.434075" lon="6.859481">
                <ele>273.0</ele>
                <name>Position 2278</name>
            </trkpt>
            <trkpt lat="50.435384" lon="6.861361">
                <ele>275.8</ele>
                <name>Position 2279</name>
            </trkpt>
            <trkpt lat="50.435628" lon="6.86185">
                <ele>273.5</ele>
                <name>Position 2280</name>
            </trkpt>
            <trkpt lat="50.436029" lon="6.863062">
                <ele>274.0</ele>
                <name>Position 2281</name>
            </trkpt>
            <trkpt lat="50.436492" lon="6.864994">
                <ele>278.0</ele>
                <name>Position 2282</name>
            </trkpt>
            <trkpt lat="50.437034" lon="6.866186">
                <ele>285.0</ele>
                <name>Position 2283</name>
            </trkpt>
            <trkpt lat="50.437815" lon="6.867146">
                <ele>292.0</ele>
                <name>Position 2284</name>
            </trkpt>
            <trkpt lat="50.438554" lon="6.86741">
                <ele>284.0</ele>
                <name>Position 2285</name>
            </trkpt>
            <trkpt lat="50.440017" lon="6.867213">
                <ele>275.3</ele>
                <name>Position 2286</name>
            </trkpt>
            <trkpt lat="50.440465" lon="6.866931">
                <ele>276.0</ele>
                <name>Position 2287</name>
            </trkpt>
            <trkpt lat="50.441297" lon="6.865662">
                <ele>270.0</ele>
                <name>Position 2288</name>
            </trkpt>
            <trkpt lat="50.44176" lon="6.865313">
                <ele>267.0</ele>
                <name>Position 2289</name>
            </trkpt>
            <trkpt lat="50.442417" lon="6.865321">
                <ele>265.0</ele>
                <name>Position 2290</name>
            </trkpt>
            <trkpt lat="50.443135" lon="6.865741">
                <ele>259.3</ele>
                <name>Position 2291</name>
            </trkpt>
            <trkpt lat="50.443559" lon="6.866446">
                <ele>260.0</ele>
                <name>Position 2292</name>
            </trkpt>
            <trkpt lat="50.44393" lon="6.867554">
                <ele>258.0</ele>
                <name>Position 2293</name>
            </trkpt>
            <trkpt lat="50.443971" lon="6.867942">
                <ele>255.5</ele>
                <name>Position 2294</name>
            </trkpt>
            <trkpt lat="50.443866" lon="6.868379">
                <ele>255.8</ele>
                <name>Position 2295</name>
            </trkpt>
            <trkpt lat="50.443572" lon="6.868902">
                <ele>256.0</ele>
                <name>Position 2296</name>
            </trkpt>
            <trkpt lat="50.443265" lon="6.869228">
                <ele>256.0</ele>
                <name>Position 2297</name>
            </trkpt>
            <trkpt lat="50.442359" lon="6.869893">
                <ele>255.0</ele>
                <name>Position 2298</name>
            </trkpt>
            <trkpt lat="50.441508" lon="6.870433">
                <ele>256.0</ele>
                <name>Position 2299</name>
            </trkpt>
            <trkpt lat="50.441336" lon="6.870711">
                <ele>256.0</ele>
                <name>Position 2300</name>
            </trkpt>
            <trkpt lat="50.441245" lon="6.871014">
                <ele>255.0</ele>
                <name>Position 2301</name>
            </trkpt>
            <trkpt lat="50.44126" lon="6.871626">
                <ele>252.3</ele>
                <name>Position 2302</name>
            </trkpt>
            <trkpt lat="50.441341" lon="6.872233">
                <ele>255.0</ele>
                <name>Position 2303</name>
            </trkpt>
            <trkpt lat="50.441387" lon="6.872766">
                <ele>258.0</ele>
                <name>Position 2304</name>
            </trkpt>
            <trkpt lat="50.441396" lon="6.873384">
                <ele>260.0</ele>
                <name>Position 2305</name>
            </trkpt>
            <trkpt lat="50.441546" lon="6.873916">
                <ele>259.0</ele>
                <name>Position 2306</name>
            </trkpt>
            <trkpt lat="50.441846" lon="6.874576">
                <ele>257.0</ele>
                <name>Position 2307</name>
            </trkpt>
            <trkpt lat="50.442171" lon="6.874923">
                <ele>256.0</ele>
                <name>Position 2308</name>
            </trkpt>
            <trkpt lat="50.442471" lon="6.875104">
                <ele>256.0</ele>
                <name>Position 2309</name>
            </trkpt>
            <trkpt lat="50.442905" lon="6.875315">
                <ele>254.0</ele>
                <name>Position 2310</name>
            </trkpt>
            <trkpt lat="50.443229" lon="6.87538">
                <ele>253.0</ele>
                <name>Position 2311</name>
            </trkpt>
            <trkpt lat="50.443551" lon="6.875283">
                <ele>254.0</ele>
                <name>Position 2312</name>
            </trkpt>
            <trkpt lat="50.44429" lon="6.874631">
                <ele>262.0</ele>
                <name>Position 2313</name>
            </trkpt>
            <trkpt lat="50.444842" lon="6.874231">
                <ele>268.0</ele>
                <name>Position 2314</name>
            </trkpt>
            <trkpt lat="50.445085" lon="6.874218">
                <ele>268.0</ele>
                <name>Position 2315</name>
            </trkpt>
            <trkpt lat="50.445373" lon="6.874324">
                <ele>266.0</ele>
                <name>Position 2316</name>
            </trkpt>
            <trkpt lat="50.446574" lon="6.874958">
                <ele>253.3</ele>
                <name>Position 2317</name>
            </trkpt>
            <trkpt lat="50.446852" lon="6.87521">
                <ele>252.0</ele>
                <name>Position 2318</name>
            </trkpt>
            <trkpt lat="50.447006" lon="6.875398">
                <ele>253.8</ele>
                <name>Position 2319</name>
            </trkpt>
            <trkpt lat="50.44708" lon="6.875577">
                <ele>256.0</ele>
                <name>Position 2320</name>
            </trkpt>
            <trkpt lat="50.447629" lon="6.874737">
                <ele>257.0</ele>
                <name>Position 2321</name>
            </trkpt>
            <trkpt lat="50.447629" lon="6.874737">
                <ele>257.0</ele>
                <name>Position 2322</name>
            </trkpt>
            <trkpt lat="50.448138" lon="6.873908">
                <ele>259.0</ele>
                <name>Position 2323</name>
            </trkpt>
            <trkpt lat="50.449905" lon="6.871331">
                <ele>266.0</ele>
                <name>Position 2324</name>
            </trkpt>
            <trkpt lat="50.451252" lon="6.868999">
                <ele>268.0</ele>
                <name>Position 2325</name>
            </trkpt>
            <trkpt lat="50.451774" lon="6.868199">
                <ele>265.0</ele>
                <name>Position 2326</name>
            </trkpt>
            <trkpt lat="50.45227" lon="6.867846">
                <ele>267.0</ele>
                <name>Position 2327</name>
            </trkpt>
            <trkpt lat="50.452736" lon="6.867779">
                <ele>268.0</ele>
                <name>Position 2328</name>
            </trkpt>
            <trkpt lat="50.453205" lon="6.867852">
                <ele>269.0</ele>
                <name>Position 2329</name>
            </trkpt>
            <trkpt lat="50.453807" lon="6.868295">
                <ele>278.0</ele>
                <name>Position 2330</name>
            </trkpt>
            <trkpt lat="50.454542" lon="6.868718">
                <ele>284.0</ele>
                <name>Position 2331</name>
            </trkpt>
            <trkpt lat="50.45543" lon="6.86884">
                <ele>281.0</ele>
                <name>Position 2332</name>
            </trkpt>
            <trkpt lat="50.456028" lon="6.868767">
                <ele>280.0</ele>
                <name>Position 2333</name>
            </trkpt>
            <trkpt lat="50.456591" lon="6.868462">
                <ele>278.0</ele>
                <name>Position 2334</name>
            </trkpt>
            <trkpt lat="50.45683" lon="6.868264">
                <ele>278.3</ele>
                <name>Position 2335</name>
            </trkpt>
            <trkpt lat="50.457172" lon="6.867775">
                <ele>282.5</ele>
                <name>Position 2336</name>
            </trkpt>
            <trkpt lat="50.457369" lon="6.867256">
                <ele>285.0</ele>
                <name>Position 2337</name>
            </trkpt>
            <trkpt lat="50.457584" lon="6.866099">
                <ele>285.0</ele>
                <name>Position 2338</name>
            </trkpt>
            <trkpt lat="50.458019" lon="6.863086">
                <ele>284.0</ele>
                <name>Position 2339</name>
            </trkpt>
            <trkpt lat="50.458316" lon="6.861726">
                <ele>286.0</ele>
                <name>Position 2340</name>
            </trkpt>
            <trkpt lat="50.4586" lon="6.861295">
                <ele>292.0</ele>
                <name>Position 2341</name>
            </trkpt>
            <trkpt lat="50.459343" lon="6.860655">
                <ele>296.0</ele>
                <name>Position 2342</name>
            </trkpt>
            <trkpt lat="50.459942" lon="6.860333">
                <ele>299.0</ele>
                <name>Position 2343</name>
            </trkpt>
            <trkpt lat="50.460725" lon="6.860094">
                <ele>298.0</ele>
                <name>Position 2344</name>
            </trkpt>
            <trkpt lat="50.461214" lon="6.860181">
                <ele>302.0</ele>
                <name>Position 2345</name>
            </trkpt>
            <trkpt lat="50.461679" lon="6.860626">
                <ele>304.0</ele>
                <name>Position 2346</name>
            </trkpt>
            <trkpt lat="50.462162" lon="6.861757">
                <ele>309.0</ele>
                <name>Position 2347</name>
            </trkpt>
            <trkpt lat="50.462481" lon="6.86221">
                <ele>303.0</ele>
                <name>Position 2348</name>
            </trkpt>
            <trkpt lat="50.462833" lon="6.862461">
                <ele>300.0</ele>
                <name>Position 2349</name>
            </trkpt>
            <trkpt lat="50.463309" lon="6.862562">
                <ele>299.0</ele>
                <name>Position 2350</name>
            </trkpt>
            <trkpt lat="50.464198" lon="6.862456">
                <ele>297.0</ele>
                <name>Position 2351</name>
            </trkpt>
            <trkpt lat="50.464679" lon="6.862547">
                <ele>298.0</ele>
                <name>Position 2352</name>
            </trkpt>
            <trkpt lat="50.465136" lon="6.862837">
                <ele>300.0</ele>
                <name>Position 2353</name>
            </trkpt>
            <trkpt lat="50.465636" lon="6.863436">
                <ele>301.0</ele>
                <name>Position 2354</name>
            </trkpt>
            <trkpt lat="50.465983" lon="6.864113">
                <ele>301.0</ele>
                <name>Position 2355</name>
            </trkpt>
            <trkpt lat="50.466628" lon="6.865521">
                <ele>305.0</ele>
                <name>Position 2356</name>
            </trkpt>
            <trkpt lat="50.467162" lon="6.866308">
                <ele>308.0</ele>
                <name>Position 2357</name>
            </trkpt>
            <trkpt lat="50.467578" lon="6.866637">
                <ele>306.0</ele>
                <name>Position 2358</name>
            </trkpt>
            <trkpt lat="50.468122" lon="6.866899">
                <ele>308.0</ele>
                <name>Position 2359</name>
            </trkpt>
            <trkpt lat="50.468443" lon="6.866948">
                <ele>310.0</ele>
                <name>Position 2360</name>
            </trkpt>
            <trkpt lat="50.468943" lon="6.866894">
                <ele>312.0</ele>
                <name>Position 2361</name>
            </trkpt>
            <trkpt lat="50.46931" lon="6.86673">
                <ele>312.0</ele>
                <name>Position 2362</name>
            </trkpt>
            <trkpt lat="50.469696" lon="6.866453">
                <ele>315.0</ele>
                <name>Position 2363</name>
            </trkpt>
            <trkpt lat="50.470196" lon="6.865887">
                <ele>314.0</ele>
                <name>Position 2364</name>
            </trkpt>
            <trkpt lat="50.470671" lon="6.86511">
                <ele>316.0</ele>
                <name>Position 2365</name>
            </trkpt>
            <trkpt lat="50.471325" lon="6.863672">
                <ele>324.0</ele>
                <name>Position 2366</name>
            </trkpt>
            <trkpt lat="50.471573" lon="6.863332">
                <ele>320.8</ele>
                <name>Position 2367</name>
            </trkpt>
            <trkpt lat="50.471789" lon="6.863158">
                <ele>322.0</ele>
                <name>Position 2368</name>
            </trkpt>
            <trkpt lat="50.472232" lon="6.863058">
                <ele>328.0</ele>
                <name>Position 2369</name>
            </trkpt>
            <trkpt lat="50.472719" lon="6.863313">
                <ele>331.0</ele>
                <name>Position 2370</name>
            </trkpt>
            <trkpt lat="50.472993" lon="6.863687">
                <ele>333.0</ele>
                <name>Position 2371</name>
            </trkpt>
            <trkpt lat="50.473483" lon="6.864855">
                <ele>327.3</ele>
                <name>Position 2372</name>
            </trkpt>
            <trkpt lat="50.473852" lon="6.865447">
                <ele>325.0</ele>
                <name>Position 2373</name>
            </trkpt>
            <trkpt lat="50.474232" lon="6.865714">
                <ele>320.0</ele>
                <name>Position 2374</name>
            </trkpt>
            <trkpt lat="50.474576" lon="6.865813">
                <ele>321.0</ele>
                <name>Position 2375</name>
            </trkpt>
            <trkpt lat="50.475102" lon="6.865684">
                <ele>327.0</ele>
                <name>Position 2376</name>
            </trkpt>
            <trkpt lat="50.475476" lon="6.865344">
                <ele>331.0</ele>
                <name>Position 2377</name>
            </trkpt>
            <trkpt lat="50.475769" lon="6.864951">
                <ele>330.3</ele>
                <name>Position 2378</name>
            </trkpt>
            <trkpt lat="50.476175" lon="6.864401">
                <ele>336.0</ele>
                <name>Position 2379</name>
            </trkpt>
            <trkpt lat="50.477008" lon="6.863308">
                <ele>337.0</ele>
                <name>Position 2380</name>
            </trkpt>
            <trkpt lat="50.478095" lon="6.861856">
                <ele>342.0</ele>
                <name>Position 2381</name>
            </trkpt>
            <trkpt lat="50.478905" lon="6.860768">
                <ele>342.0</ele>
                <name>Position 2382</name>
            </trkpt>
            <trkpt lat="50.479157" lon="6.860464">
                <ele>341.0</ele>
                <name>Position 2383</name>
            </trkpt>
            <trkpt lat="50.480336" lon="6.859006">
                <ele>348.0</ele>
                <name>Position 2384</name>
            </trkpt>
            <trkpt lat="50.481093" lon="6.857809">
                <ele>352.0</ele>
                <name>Position 2385</name>
            </trkpt>
            <trkpt lat="50.481589" lon="6.856504">
                <ele>350.8</ele>
                <name>Position 2386</name>
            </trkpt>
            <trkpt lat="50.481955" lon="6.855418">
                <ele>356.5</ele>
                <name>Position 2387</name>
            </trkpt>
            <trkpt lat="50.482736" lon="6.853223">
                <ele>361.0</ele>
                <name>Position 2388</name>
            </trkpt>
            <trkpt lat="50.483321" lon="6.852274">
                <ele>362.0</ele>
                <name>Position 2389</name>
            </trkpt>
            <trkpt lat="50.48386" lon="6.851763">
                <ele>361.0</ele>
                <name>Position 2390</name>
            </trkpt>
            <trkpt lat="50.484337" lon="6.851481">
                <ele>362.0</ele>
                <name>Position 2391</name>
            </trkpt>
            <trkpt lat="50.484938" lon="6.851348">
                <ele>364.0</ele>
                <name>Position 2392</name>
            </trkpt>
            <trkpt lat="50.485753" lon="6.851441">
                <ele>368.8</ele>
                <name>Position 2393</name>
            </trkpt>
            <trkpt lat="50.487336" lon="6.852387">
                <ele>369.0</ele>
                <name>Position 2394</name>
            </trkpt>
            <trkpt lat="50.487953" lon="6.852733">
                <ele>372.0</ele>
                <name>Position 2395</name>
            </trkpt>
            <trkpt lat="50.488237" lon="6.852798">
                <ele>374.0</ele>
                <name>Position 2396</name>
            </trkpt>
            <trkpt lat="50.488644" lon="6.852776">
                <ele>375.0</ele>
                <name>Position 2397</name>
            </trkpt>
            <trkpt lat="50.489125" lon="6.852569">
                <ele>375.0</ele>
                <name>Position 2398</name>
            </trkpt>
            <trkpt lat="50.489535" lon="6.852186">
                <ele>378.0</ele>
                <name>Position 2399</name>
            </trkpt>
            <trkpt lat="50.48964" lon="6.852032">
                <ele>378.0</ele>
                <name>Position 2400</name>
            </trkpt>
            <trkpt lat="50.489766" lon="6.851829">
                <ele>378.0</ele>
                <name>Position 2401</name>
            </trkpt>
            <trkpt lat="50.489945" lon="6.851448">
                <ele>376.5</ele>
                <name>Position 2402</name>
            </trkpt>
            <trkpt lat="50.490136" lon="6.850728">
                <ele>379.8</ele>
                <name>Position 2403</name>
            </trkpt>
            <trkpt lat="50.490201" lon="6.84983">
                <ele>384.0</ele>
                <name>Position 2404</name>
            </trkpt>
            <trkpt lat="50.490145" lon="6.849289">
                <ele>385.5</ele>
                <name>Position 2405</name>
            </trkpt>
            <trkpt lat="50.489909" lon="6.847638">
                <ele>393.8</ele>
                <name>Position 2406</name>
            </trkpt>
            <trkpt lat="50.489881" lon="6.846884">
                <ele>397.5</ele>
                <name>Position 2407</name>
            </trkpt>
            <trkpt lat="50.489988" lon="6.843818">
                <ele>406.0</ele>
                <name>Position 2408</name>
            </trkpt>
            <trkpt lat="50.490005" lon="6.842108">
                <ele>416.0</ele>
                <name>Position 2409</name>
            </trkpt>
            <trkpt lat="50.489838" lon="6.841319">
                <ele>419.0</ele>
                <name>Position 2410</name>
            </trkpt>
            <trkpt lat="50.489448" lon="6.840441">
                <ele>421.0</ele>
                <name>Position 2411</name>
            </trkpt>
            <trkpt lat="50.489206" lon="6.83993">
                <ele>421.0</ele>
                <name>Position 2412</name>
            </trkpt>
            <trkpt lat="50.488856" lon="6.838843">
                <ele>426.8</ele>
                <name>Position 2413</name>
            </trkpt>
            <trkpt lat="50.488277" lon="6.836529">
                <ele>431.0</ele>
                <name>Position 2414</name>
            </trkpt>
            <trkpt lat="50.488277" lon="6.83653">
                <ele>431.0</ele>
                <name>Position 2415</name>
            </trkpt>
            <trkpt lat="50.48796" lon="6.835114">
                <ele>439.0</ele>
                <name>Position 2416</name>
            </trkpt>
            <trkpt lat="50.487824" lon="6.834036">
                <ele>441.0</ele>
                <name>Position 2417</name>
            </trkpt>
            <trkpt lat="50.487808" lon="6.833265">
                <ele>445.0</ele>
                <name>Position 2418</name>
            </trkpt>
            <trkpt lat="50.487874" lon="6.832465">
                <ele>447.5</ele>
                <name>Position 2419</name>
            </trkpt>
            <trkpt lat="50.488044" lon="6.831639">
                <ele>451.0</ele>
                <name>Position 2420</name>
            </trkpt>
            <trkpt lat="50.488318" lon="6.830868">
                <ele>449.0</ele>
                <name>Position 2421</name>
            </trkpt>
            <trkpt lat="50.48872" lon="6.830134">
                <ele>454.0</ele>
                <name>Position 2422</name>
            </trkpt>
            <trkpt lat="50.489149" lon="6.829597">
                <ele>453.0</ele>
                <name>Position 2423</name>
            </trkpt>
            <trkpt lat="50.489642" lon="6.829199">
                <ele>452.0</ele>
                <name>Position 2424</name>
            </trkpt>
            <trkpt lat="50.490169" lon="6.828936">
                <ele>454.0</ele>
                <name>Position 2425</name>
            </trkpt>
            <trkpt lat="50.490873" lon="6.82867">
                <ele>454.5</ele>
                <name>Position 2426</name>
            </trkpt>
            <trkpt lat="50.49136" lon="6.828339">
                <ele>455.0</ele>
                <name>Position 2427</name>
            </trkpt>
            <trkpt lat="50.491815" lon="6.827818">
                <ele>457.0</ele>
                <name>Position 2428</name>
            </trkpt>
            <trkpt lat="50.493178" lon="6.826095">
                <ele>464.8</ele>
                <name>Position 2429</name>
            </trkpt>
            <trkpt lat="50.493556" lon="6.825596">
                <ele>464.8</ele>
                <name>Position 2430</name>
            </trkpt>
            <trkpt lat="50.494308" lon="6.824643">
                <ele>468.5</ele>
                <name>Position 2431</name>
            </trkpt>
            <trkpt lat="50.494793" lon="6.824151">
                <ele>472.0</ele>
                <name>Position 2432</name>
            </trkpt>
            <trkpt lat="50.495465" lon="6.823908">
                <ele>474.0</ele>
                <name>Position 2433</name>
            </trkpt>
            <trkpt lat="50.496062" lon="6.82378">
                <ele>477.0</ele>
                <name>Position 2434</name>
            </trkpt>
            <trkpt lat="50.49669" lon="6.823637">
                <ele>482.0</ele>
                <name>Position 2435</name>
            </trkpt>
            <trkpt lat="50.497113" lon="6.823521">
                <ele>483.0</ele>
                <name>Position 2436</name>
            </trkpt>
            <trkpt lat="50.497651" lon="6.823202">
                <ele>485.0</ele>
                <name>Position 2437</name>
            </trkpt>
            <trkpt lat="50.498027" lon="6.822856">
                <ele>488.0</ele>
                <name>Position 2438</name>
            </trkpt>
            <trkpt lat="50.498293" lon="6.822507">
                <ele>490.8</ele>
                <name>Position 2439</name>
            </trkpt>
            <trkpt lat="50.498815" lon="6.821623">
                <ele>495.3</ele>
                <name>Position 2440</name>
            </trkpt>
            <trkpt lat="50.499428" lon="6.820534">
                <ele>500.0</ele>
                <name>Position 2441</name>
            </trkpt>
            <trkpt lat="50.499984" lon="6.819771">
                <ele>498.0</ele>
                <name>Position 2442</name>
            </trkpt>
            <trkpt lat="50.500424" lon="6.819336">
                <ele>495.0</ele>
                <name>Position 2443</name>
            </trkpt>
            <trkpt lat="50.500604" lon="6.819223">
                <ele>493.0</ele>
                <name>Position 2444</name>
            </trkpt>
            <trkpt lat="50.500668" lon="6.819322">
                <ele>492.0</ele>
                <name>Position 2445</name>
            </trkpt>
            <trkpt lat="50.500747" lon="6.819312">
                <ele>491.0</ele>
                <name>Position 2446</name>
            </trkpt>
            <trkpt lat="50.500797" lon="6.819218">
                <ele>491.0</ele>
                <name>Position 2447</name>
            </trkpt>
            <trkpt lat="50.500792" lon="6.819099">
                <ele>491.0</ele>
                <name>Position 2448</name>
            </trkpt>
            <trkpt lat="50.501112" lon="6.818864">
                <ele>490.0</ele>
                <name>Position 2449</name>
            </trkpt>
            <trkpt lat="50.502395" lon="6.818174">
                <ele>481.5</ele>
                <name>Position 2450</name>
            </trkpt>
            <trkpt lat="50.50305" lon="6.817638">
                <ele>472.0</ele>
                <name>Position 2451</name>
            </trkpt>
            <trkpt lat="50.503572" lon="6.816987">
                <ele>467.0</ele>
                <name>Position 2452</name>
            </trkpt>
            <trkpt lat="50.504016" lon="6.816159">
                <ele>467.3</ele>
                <name>Position 2453</name>
            </trkpt>
            <trkpt lat="50.505192" lon="6.81331">
                <ele>455.0</ele>
                <name>Position 2454</name>
            </trkpt>
            <trkpt lat="50.505863" lon="6.811385">
                <ele>440.0</ele>
                <name>Position 2455</name>
            </trkpt>
            <trkpt lat="50.506" lon="6.810541">
                <ele>439.0</ele>
                <name>Position 2456</name>
            </trkpt>
            <trkpt lat="50.506016" lon="6.809871">
                <ele>441.0</ele>
                <name>Position 2457</name>
            </trkpt>
            <trkpt lat="50.505972" lon="6.80921">
                <ele>440.0</ele>
                <name>Position 2458</name>
            </trkpt>
            <trkpt lat="50.505797" lon="6.808329">
                <ele>439.0</ele>
                <name>Position 2459</name>
            </trkpt>
            <trkpt lat="50.50533" lon="6.806533">
                <ele>430.0</ele>
                <name>Position 2460</name>
            </trkpt>
            <trkpt lat="50.505226" lon="6.805734">
                <ele>426.8</ele>
                <name>Position 2461</name>
            </trkpt>
            <trkpt lat="50.505243" lon="6.805111">
                <ele>426.0</ele>
                <name>Position 2462</name>
            </trkpt>
            <trkpt lat="50.505305" lon="6.804674">
                <ele>425.0</ele>
                <name>Position 2463</name>
            </trkpt>
            <trkpt lat="50.505476" lon="6.804096">
                <ele>423.0</ele>
                <name>Position 2464</name>
            </trkpt>
            <trkpt lat="50.505734" lon="6.803469">
                <ele>422.0</ele>
                <name>Position 2465</name>
            </trkpt>
            <trkpt lat="50.505864" lon="6.803088">
                <ele>420.5</ele>
                <name>Position 2466</name>
            </trkpt>
            <trkpt lat="50.505981" lon="6.802438">
                <ele>421.0</ele>
                <name>Position 2467</name>
            </trkpt>
            <trkpt lat="50.506008" lon="6.801632">
                <ele>417.0</ele>
                <name>Position 2468</name>
            </trkpt>
            <trkpt lat="50.505991" lon="6.801196">
                <ele>414.0</ele>
                <name>Position 2469</name>
            </trkpt>
            <trkpt lat="50.506013" lon="6.800542">
                <ele>410.3</ele>
                <name>Position 2470</name>
            </trkpt>
            <trkpt lat="50.506107" lon="6.800018">
                <ele>407.3</ele>
                <name>Position 2471</name>
            </trkpt>
            <trkpt lat="50.506251" lon="6.799418">
                <ele>407.0</ele>
                <name>Position 2472</name>
            </trkpt>
            <trkpt lat="50.506534" lon="6.79859">
                <ele>407.8</ele>
                <name>Position 2473</name>
            </trkpt>
            <trkpt lat="50.5068" lon="6.797113">
                <ele>407.0</ele>
                <name>Position 2474</name>
            </trkpt>
            <trkpt lat="50.506749" lon="6.793537">
                <ele>403.0</ele>
                <name>Position 2475</name>
            </trkpt>
            <trkpt lat="50.506726" lon="6.791156">
                <ele>393.0</ele>
                <name>Position 2476</name>
            </trkpt>
            <trkpt lat="50.506871" lon="6.79006">
                <ele>391.0</ele>
                <name>Position 2477</name>
            </trkpt>
            <trkpt lat="50.507109" lon="6.789301">
                <ele>387.0</ele>
                <name>Position 2478</name>
            </trkpt>
            <trkpt lat="50.507938" lon="6.787625">
                <ele>385.0</ele>
                <name>Position 2479</name>
            </trkpt>
            <trkpt lat="50.508427" lon="6.786416">
                <ele>376.0</ele>
                <name>Position 2480</name>
            </trkpt>
            <trkpt lat="50.508744" lon="6.78499">
                <ele>380.8</ele>
                <name>Position 2481</name>
            </trkpt>
            <trkpt lat="50.508965" lon="6.78367">
                <ele>380.0</ele>
                <name>Position 2482</name>
            </trkpt>
            <trkpt lat="50.509109" lon="6.782952">
                <ele>376.0</ele>
                <name>Position 2483</name>
            </trkpt>
            <trkpt lat="50.509343" lon="6.782289">
                <ele>376.0</ele>
                <name>Position 2484</name>
            </trkpt>
            <trkpt lat="50.50956" lon="6.781821">
                <ele>375.0</ele>
                <name>Position 2485</name>
            </trkpt>
            <trkpt lat="50.509852" lon="6.781337">
                <ele>372.0</ele>
                <name>Position 2486</name>
            </trkpt>
            <trkpt lat="50.509983" lon="6.781161">
                <ele>370.0</ele>
                <name>Position 2487</name>
            </trkpt>
            <trkpt lat="50.510225" lon="6.780873">
                <ele>366.0</ele>
                <name>Position 2488</name>
            </trkpt>
            <trkpt lat="50.51041" lon="6.780727">
                <ele>365.0</ele>
                <name>Position 2489</name>
            </trkpt>
            <trkpt lat="50.510749" lon="6.780491">
                <ele>364.0</ele>
                <name>Position 2490</name>
            </trkpt>
            <trkpt lat="50.511593" lon="6.779946">
                <ele>358.5</ele>
                <name>Position 2491</name>
            </trkpt>
            <trkpt lat="50.511783" lon="6.779907">
                <ele>359.0</ele>
                <name>Position 2492</name>
            </trkpt>
            <trkpt lat="50.511928" lon="6.779917">
                <ele>357.8</ele>
                <name>Position 2493</name>
            </trkpt>
            <trkpt lat="50.512447" lon="6.78032">
                <ele>358.0</ele>
                <name>Position 2494</name>
            </trkpt>
            <trkpt lat="50.512984" lon="6.780811">
                <ele>357.0</ele>
                <name>Position 2495</name>
            </trkpt>
            <trkpt lat="50.513529" lon="6.781429">
                <ele>357.8</ele>
                <name>Position 2496</name>
            </trkpt>
            <trkpt lat="50.514319" lon="6.782329">
                <ele>356.0</ele>
                <name>Position 2497</name>
            </trkpt>
            <trkpt lat="50.515212" lon="6.783364">
                <ele>356.3</ele>
                <name>Position 2498</name>
            </trkpt>
            <trkpt lat="50.516045" lon="6.784087">
                <ele>351.3</ele>
                <name>Position 2499</name>
            </trkpt>
            <trkpt lat="50.516424" lon="6.784355">
                <ele>351.0</ele>
                <name>Position 2500</name>
            </trkpt>
            <trkpt lat="50.517734" lon="6.78487">
                <ele>358.0</ele>
                <name>Position 2501</name>
            </trkpt>
            <trkpt lat="50.51853" lon="6.784954">
                <ele>359.0</ele>
                <name>Position 2502</name>
            </trkpt>
            <trkpt lat="50.51939" lon="6.784706">
                <ele>359.0</ele>
                <name>Position 2503</name>
            </trkpt>
            <trkpt lat="50.521016" lon="6.783981">
                <ele>356.0</ele>
                <name>Position 2504</name>
            </trkpt>
            <trkpt lat="50.521839" lon="6.783826">
                <ele>352.0</ele>
                <name>Position 2505</name>
            </trkpt>
            <trkpt lat="50.522396" lon="6.784033">
                <ele>353.0</ele>
                <name>Position 2506</name>
            </trkpt>
            <trkpt lat="50.523519" lon="6.784956">
                <ele>354.0</ele>
                <name>Position 2507</name>
            </trkpt>
            <trkpt lat="50.524326" lon="6.785531">
                <ele>351.0</ele>
                <name>Position 2508</name>
            </trkpt>
            <trkpt lat="50.525155" lon="6.785602">
                <ele>343.0</ele>
                <name>Position 2509</name>
            </trkpt>
            <trkpt lat="50.525794" lon="6.785375">
                <ele>346.0</ele>
                <name>Position 2510</name>
            </trkpt>
            <trkpt lat="50.526431" lon="6.784807">
                <ele>351.0</ele>
                <name>Position 2511</name>
            </trkpt>
            <trkpt lat="50.52702" lon="6.78396">
                <ele>347.0</ele>
                <name>Position 2512</name>
            </trkpt>
            <trkpt lat="50.52768" lon="6.782581">
                <ele>336.0</ele>
                <name>Position 2513</name>
            </trkpt>
            <trkpt lat="50.528031" lon="6.781775">
                <ele>330.5</ele>
                <name>Position 2514</name>
            </trkpt>
            <trkpt lat="50.529046" lon="6.779995">
                <ele>325.5</ele>
                <name>Position 2515</name>
            </trkpt>
            <trkpt lat="50.529347" lon="6.77962">
                <ele>324.0</ele>
                <name>Position 2516</name>
            </trkpt>
            <trkpt lat="50.529743" lon="6.779128">
                <ele>323.0</ele>
                <name>Position 2517</name>
            </trkpt>
            <trkpt lat="50.530567" lon="6.778041">
                <ele>322.5</ele>
                <name>Position 2518</name>
            </trkpt>
            <trkpt lat="50.530886" lon="6.77755">
                <ele>324.0</ele>
                <name>Position 2519</name>
            </trkpt>
            <trkpt lat="50.530955" lon="6.777369">
                <ele>324.0</ele>
                <name>Position 2520</name>
            </trkpt>
            <trkpt lat="50.531392" lon="6.776218">
                <ele>320.3</ele>
                <name>Position 2521</name>
            </trkpt>
            <trkpt lat="50.53206" lon="6.774102">
                <ele>321.0</ele>
                <name>Position 2522</name>
            </trkpt>
            <trkpt lat="50.532268" lon="6.772852">
                <ele>320.0</ele>
                <name>Position 2523</name>
            </trkpt>
            <trkpt lat="50.532378" lon="6.772012">
                <ele>319.0</ele>
                <name>Position 2524</name>
            </trkpt>
            <trkpt lat="50.532445" lon="6.771633">
                <ele>317.5</ele>
                <name>Position 2525</name>
            </trkpt>
            <trkpt lat="50.532533" lon="6.771233">
                <ele>316.0</ele>
                <name>Position 2526</name>
            </trkpt>
            <trkpt lat="50.532681" lon="6.770752">
                <ele>315.0</ele>
                <name>Position 2527</name>
            </trkpt>
            <trkpt lat="50.532931" lon="6.770274">
                <ele>315.0</ele>
                <name>Position 2528</name>
            </trkpt>
            <trkpt lat="50.533308" lon="6.769832">
                <ele>313.8</ele>
                <name>Position 2529</name>
            </trkpt>
            <trkpt lat="50.533351" lon="6.769892">
                <ele>314.0</ele>
                <name>Position 2530</name>
            </trkpt>
            <trkpt lat="50.533423" lon="6.769889">
                <ele>315.0</ele>
                <name>Position 2531</name>
            </trkpt>
            <trkpt lat="50.533455" lon="6.769849">
                <ele>314.3</ele>
                <name>Position 2532</name>
            </trkpt>
            <trkpt lat="50.533473" lon="6.769756">
                <ele>314.3</ele>
                <name>Position 2533</name>
            </trkpt>
            <trkpt lat="50.533644" lon="6.769631">
                <ele>314.0</ele>
                <name>Position 2534</name>
            </trkpt>
            <trkpt lat="50.534213" lon="6.769517">
                <ele>314.0</ele>
                <name>Position 2535</name>
            </trkpt>
            <trkpt lat="50.534622" lon="6.769574">
                <ele>315.0</ele>
                <name>Position 2536</name>
            </trkpt>
            <trkpt lat="50.535092" lon="6.769671">
                <ele>317.0</ele>
                <name>Position 2537</name>
            </trkpt>
            <trkpt lat="50.535479" lon="6.769777">
                <ele>318.0</ele>
                <name>Position 2538</name>
            </trkpt>
            <trkpt lat="50.536084" lon="6.769758">
                <ele>319.0</ele>
                <name>Position 2539</name>
            </trkpt>
            <trkpt lat="50.536187" lon="6.769754">
                <ele>319.0</ele>
                <name>Position 2540</name>
            </trkpt>
            <trkpt lat="50.536622" lon="6.769551">
                <ele>317.0</ele>
                <name>Position 2541</name>
            </trkpt>
            <trkpt lat="50.53682" lon="6.769459">
                <ele>317.0</ele>
                <name>Position 2542</name>
            </trkpt>
            <trkpt lat="50.537217" lon="6.769272">
                <ele>315.0</ele>
                <name>Position 2543</name>
            </trkpt>
            <trkpt lat="50.538124" lon="6.769111">
                <ele>314.0</ele>
                <name>Position 2544</name>
            </trkpt>
            <trkpt lat="50.538316" lon="6.769108">
                <ele>315.0</ele>
                <name>Position 2545</name>
            </trkpt>
            <trkpt lat="50.538538" lon="6.769104">
                <ele>316.0</ele>
                <name>Position 2546</name>
            </trkpt>
            <trkpt lat="50.53938" lon="6.768746">
                <ele>317.5</ele>
                <name>Position 2547</name>
            </trkpt>
            <trkpt lat="50.53977" lon="6.768498">
                <ele>317.0</ele>
                <name>Position 2548</name>
            </trkpt>
            <trkpt lat="50.540401" lon="6.768205">
                <ele>315.0</ele>
                <name>Position 2549</name>
            </trkpt>
            <trkpt lat="50.542015" lon="6.767971">
                <ele>316.0</ele>
                <name>Position 2550</name>
            </trkpt>
            <trkpt lat="50.543408" lon="6.767775">
                <ele>312.0</ele>
                <name>Position 2551</name>
            </trkpt>
            <trkpt lat="50.544358" lon="6.767308">
                <ele>306.0</ele>
                <name>Position 2552</name>
            </trkpt>
            <trkpt lat="50.544691" lon="6.767039">
                <ele>306.0</ele>
                <name>Position 2553</name>
            </trkpt>
            <trkpt lat="50.544867" lon="6.766879">
                <ele>304.0</ele>
                <name>Position 2554</name>
            </trkpt>
            <trkpt lat="50.547043" lon="6.764882">
                <ele>304.0</ele>
                <name>Position 2555</name>
            </trkpt>
            <trkpt lat="50.548474" lon="6.764215">
                <ele>301.0</ele>
                <name>Position 2556</name>
            </trkpt>
            <trkpt lat="50.548676" lon="6.764228">
                <ele>302.0</ele>
                <name>Position 2557</name>
            </trkpt>
            <trkpt lat="50.54876" lon="6.764255">
                <ele>303.0</ele>
                <name>Position 2558</name>
            </trkpt>
            <trkpt lat="50.54884" lon="6.764202">
                <ele>302.0</ele>
                <name>Position 2559</name>
            </trkpt>
            <trkpt lat="50.548884" lon="6.764097">
                <ele>300.0</ele>
                <name>Position 2560</name>
            </trkpt>
            <trkpt lat="50.548888" lon="6.76398">
                <ele>299.0</ele>
                <name>Position 2561</name>
            </trkpt>
            <trkpt lat="50.548847" lon="6.763864">
                <ele>298.0</ele>
                <name>Position 2562</name>
            </trkpt>
            <trkpt lat="50.548883" lon="6.763724">
                <ele>296.0</ele>
                <name>Position 2563</name>
            </trkpt>
            <trkpt lat="50.548987" lon="6.763596">
                <ele>295.0</ele>
                <name>Position 2564</name>
            </trkpt>
            <trkpt lat="50.549224" lon="6.763544">
                <ele>295.0</ele>
                <name>Position 2565</name>
            </trkpt>
            <trkpt lat="50.549445" lon="6.763539">
                <ele>295.0</ele>
                <name>Position 2566</name>
            </trkpt>
            <trkpt lat="50.549654" lon="6.763525">
                <ele>295.0</ele>
                <name>Position 2567</name>
            </trkpt>
            <trkpt lat="50.550091" lon="6.763473">
                <ele>294.0</ele>
                <name>Position 2568</name>
            </trkpt>
            <trkpt lat="50.550763" lon="6.763314">
                <ele>291.8</ele>
                <name>Position 2569</name>
            </trkpt>
            <trkpt lat="50.55115" lon="6.76322">
                <ele>290.0</ele>
                <name>Position 2570</name>
            </trkpt>
            <trkpt lat="50.551387" lon="6.763163">
                <ele>288.0</ele>
                <name>Position 2571</name>
            </trkpt>
            <trkpt lat="50.551635" lon="6.762763">
                <ele>286.0</ele>
                <name>Position 2572</name>
            </trkpt>
            <trkpt lat="50.551742" lon="6.762214">
                <ele>285.0</ele>
                <name>Position 2573</name>
            </trkpt>
            <trkpt lat="50.551905" lon="6.761962">
                <ele>285.5</ele>
                <name>Position 2574</name>
            </trkpt>
            <trkpt lat="50.552082" lon="6.761855">
                <ele>285.5</ele>
                <name>Position 2575</name>
            </trkpt>
            <trkpt lat="50.552291" lon="6.761803">
                <ele>285.8</ele>
                <name>Position 2576</name>
            </trkpt>
            <trkpt lat="50.552579" lon="6.761709">
                <ele>287.0</ele>
                <name>Position 2577</name>
            </trkpt>
            <trkpt lat="50.552758" lon="6.761566">
                <ele>287.0</ele>
                <name>Position 2578</name>
            </trkpt>
            <trkpt lat="50.552933" lon="6.761303">
                <ele>289.0</ele>
                <name>Position 2579</name>
            </trkpt>
            <trkpt lat="50.553014" lon="6.761114">
                <ele>290.0</ele>
                <name>Position 2580</name>
            </trkpt>
            <trkpt lat="50.55312" lon="6.760726">
                <ele>293.0</ele>
                <name>Position 2581</name>
            </trkpt>
            <trkpt lat="50.553135" lon="6.760598">
                <ele>295.0</ele>
                <name>Position 2582</name>
            </trkpt>
            <trkpt lat="50.553083" lon="6.760071">
                <ele>302.0</ele>
                <name>Position 2583</name>
            </trkpt>
            <trkpt lat="50.553048" lon="6.759781">
                <ele>305.0</ele>
                <name>Position 2584</name>
            </trkpt>
            <trkpt lat="50.552962" lon="6.759241">
                <ele>309.0</ele>
                <name>Position 2585</name>
            </trkpt>
            <trkpt lat="50.552872" lon="6.758725">
                <ele>312.0</ele>
                <name>Position 2586</name>
            </trkpt>
            <trkpt lat="50.552851" lon="6.758528">
                <ele>313.0</ele>
                <name>Position 2587</name>
            </trkpt>
            <trkpt lat="50.552858" lon="6.758201">
                <ele>315.0</ele>
                <name>Position 2588</name>
            </trkpt>
            <trkpt lat="50.552898" lon="6.757878">
                <ele>316.8</ele>
                <name>Position 2589</name>
            </trkpt>
            <trkpt lat="50.552953" lon="6.757704">
                <ele>319.0</ele>
                <name>Position 2590</name>
            </trkpt>
            <trkpt lat="50.553051" lon="6.75768">
                <ele>318.8</ele>
                <name>Position 2591</name>
            </trkpt>
            <trkpt lat="50.55315" lon="6.757807">
                <ele>319.0</ele>
                <name>Position 2592</name>
            </trkpt>
            <trkpt lat="50.553208" lon="6.758219">
                <ele>314.5</ele>
                <name>Position 2593</name>
            </trkpt>
            <trkpt lat="50.553235" lon="6.758745">
                <ele>312.0</ele>
                <name>Position 2594</name>
            </trkpt>
            <trkpt lat="50.553253" lon="6.759003">
                <ele>311.0</ele>
                <name>Position 2595</name>
            </trkpt>
            <trkpt lat="50.553299" lon="6.759242">
                <ele>310.0</ele>
                <name>Position 2596</name>
            </trkpt>
            <trkpt lat="50.553431" lon="6.759577">
                <ele>309.0</ele>
                <name>Position 2597</name>
            </trkpt>
            <trkpt lat="50.553547" lon="6.75976">
                <ele>309.0</ele>
                <name>Position 2598</name>
            </trkpt>
            <trkpt lat="50.553638" lon="6.759764">
                <ele>310.0</ele>
                <name>Position 2599</name>
            </trkpt>
            <trkpt lat="50.553689" lon="6.759744">
                <ele>311.0</ele>
                <name>Position 2600</name>
            </trkpt>
            <trkpt lat="50.553751" lon="6.759643">
                <ele>312.0</ele>
                <name>Position 2601</name>
            </trkpt>
            <trkpt lat="50.553791" lon="6.759468">
                <ele>315.0</ele>
                <name>Position 2602</name>
            </trkpt>
            <trkpt lat="50.553811" lon="6.759236">
                <ele>317.0</ele>
                <name>Position 2603</name>
            </trkpt>
            <trkpt lat="50.553822" lon="6.758786">
                <ele>321.0</ele>
                <name>Position 2604</name>
            </trkpt>
            <trkpt lat="50.553782" lon="6.758419">
                <ele>324.0</ele>
                <name>Position 2605</name>
            </trkpt>
            <trkpt lat="50.5537546" lon="6.7582863">
                <ele>324.1</ele>
                <time>2013-11-11T11:51:41.867Z</time>
                <name>Nöthener Straße 25, 53902 Bad Münstereifel, Deutschland</name>
            </trkpt>
            <trkpt lat="50.553725" lon="6.758125">
                <ele>325.0</ele>
                <name>Position 2607</name>
            </trkpt>
            <trkpt lat="50.553595" lon="6.757422">
                <ele>329.0</ele>
                <name>Position 2608</name>
            </trkpt>
            <trkpt lat="50.553577" lon="6.756884">
                <ele>332.0</ele>
                <name>Position 2609</name>
            </trkpt>
            <trkpt lat="50.553622" lon="6.755854">
                <ele>341.0</ele>
                <name>Position 2610</name>
            </trkpt>
            <trkpt lat="50.553464" lon="6.7553">
                <ele>345.3</ele>
                <name>Position 2611</name>
            </trkpt>
            <trkpt lat="50.553295" lon="6.754993">
                <ele>346.0</ele>
                <name>Position 2612</name>
            </trkpt>
            <trkpt lat="50.553124" lon="6.754722">
                <ele>347.0</ele>
                <name>Position 2613</name>
            </trkpt>
            <trkpt lat="50.552382" lon="6.753696">
                <ele>358.0</ele>
                <name>Position 2614</name>
            </trkpt>
            <trkpt lat="50.551989" lon="6.753212">
                <ele>363.0</ele>
                <name>Position 2615</name>
            </trkpt>
            <trkpt lat="50.551663" lon="6.752767">
                <ele>368.8</ele>
                <name>Position 2616</name>
            </trkpt>
            <trkpt lat="50.551305" lon="6.75244">
                <ele>373.0</ele>
                <name>Position 2617</name>
            </trkpt>
            <trkpt lat="50.550891" lon="6.752117">
                <ele>375.0</ele>
                <name>Position 2618</name>
            </trkpt>
            <trkpt lat="50.55063" lon="6.751584">
                <ele>383.0</ele>
                <name>Position 2619</name>
            </trkpt>
            <trkpt lat="50.550412" lon="6.751194">
                <ele>387.0</ele>
                <name>Position 2620</name>
            </trkpt>
            <trkpt lat="50.550264" lon="6.751083">
                <ele>388.0</ele>
                <name>Position 2621</name>
            </trkpt>
            <trkpt lat="50.549904" lon="6.751097">
                <ele>385.5</ele>
                <name>Position 2622</name>
            </trkpt>
            <trkpt lat="50.549444" lon="6.751103">
                <ele>386.0</ele>
                <name>Position 2623</name>
            </trkpt>
            <trkpt lat="50.54875" lon="6.750865">
                <ele>396.0</ele>
                <name>Position 2624</name>
            </trkpt>
            <trkpt lat="50.548056" lon="6.750586">
                <ele>409.0</ele>
                <name>Position 2625</name>
            </trkpt>
            <trkpt lat="50.547717" lon="6.750427">
                <ele>412.3</ele>
                <name>Position 2626</name>
            </trkpt>
            <trkpt lat="50.547333" lon="6.749758">
                <ele>416.0</ele>
                <name>Position 2627</name>
            </trkpt>
            <trkpt lat="50.54727" lon="6.748955">
                <ele>415.0</ele>
                <name>Position 2628</name>
            </trkpt>
            <trkpt lat="50.547216" lon="6.747646">
                <ele>407.5</ele>
                <name>Position 2629</name>
            </trkpt>
            <trkpt lat="50.547141" lon="6.746071">
                <ele>402.0</ele>
                <name>Position 2630</name>
            </trkpt>
            <trkpt lat="50.547087" lon="6.74386">
                <ele>399.0</ele>
                <name>Position 2631</name>
            </trkpt>
            <trkpt lat="50.547027" lon="6.742143">
                <ele>394.3</ele>
                <name>Position 2632</name>
            </trkpt>
            <trkpt lat="50.54699" lon="6.740668">
                <ele>396.3</ele>
                <name>Position 2633</name>
            </trkpt>
            <trkpt lat="50.54699" lon="6.740584">
                <ele>397.0</ele>
                <name>Position 2634</name>
            </trkpt>
            <trkpt lat="50.546992" lon="6.74034">
                <ele>396.8</ele>
                <name>Position 2635</name>
            </trkpt>
            <trkpt lat="50.547033" lon="6.739906">
                <ele>398.0</ele>
                <name>Position 2636</name>
            </trkpt>
            <trkpt lat="50.547061" lon="6.739732">
                <ele>397.0</ele>
                <name>Position 2637</name>
            </trkpt>
            <trkpt lat="50.547436" lon="6.737353">
                <ele>392.8</ele>
                <name>Position 2638</name>
            </trkpt>
            <trkpt lat="50.54762" lon="6.736233">
                <ele>391.0</ele>
                <name>Position 2639</name>
            </trkpt>
            <trkpt lat="50.547963" lon="6.734725">
                <ele>381.8</ele>
                <name>Position 2640</name>
            </trkpt>
            <trkpt lat="50.548075" lon="6.734254">
                <ele>380.3</ele>
                <name>Position 2641</name>
            </trkpt>
            <trkpt lat="50.548232" lon="6.733848">
                <ele>380.0</ele>
                <name>Position 2642</name>
            </trkpt>
            <trkpt lat="50.549057" lon="6.73225">
                <ele>370.0</ele>
                <name>Position 2643</name>
            </trkpt>
            <trkpt lat="50.54944" lon="6.731498">
                <ele>362.0</ele>
                <name>Position 2644</name>
            </trkpt>
            <trkpt lat="50.549668" lon="6.730878">
                <ele>356.0</ele>
                <name>Position 2645</name>
            </trkpt>
            <trkpt lat="50.549673" lon="6.730076">
                <ele>350.5</ele>
                <name>Position 2646</name>
            </trkpt>
            <trkpt lat="50.549649" lon="6.729908">
                <ele>349.5</ele>
                <name>Position 2647</name>
            </trkpt>
            <trkpt lat="50.549405" lon="6.728985">
                <ele>347.0</ele>
                <name>Position 2648</name>
            </trkpt>
            <trkpt lat="50.549299" lon="6.728326">
                <ele>344.0</ele>
                <name>Position 2649</name>
            </trkpt>
            <trkpt lat="50.549358" lon="6.727777">
                <ele>339.0</ele>
                <name>Position 2650</name>
            </trkpt>
            <trkpt lat="50.549493" lon="6.727193">
                <ele>336.8</ele>
                <name>Position 2651</name>
            </trkpt>
            <trkpt lat="50.549904" lon="6.726406">
                <ele>335.0</ele>
                <name>Position 2652</name>
            </trkpt>
            <trkpt lat="50.550282" lon="6.725687">
                <ele>332.0</ele>
                <name>Position 2653</name>
            </trkpt>
            <trkpt lat="50.55053" lon="6.725083">
                <ele>329.0</ele>
                <name>Position 2654</name>
            </trkpt>
            <trkpt lat="50.550661" lon="6.724648">
                <ele>328.0</ele>
                <name>Position 2655</name>
            </trkpt>
            <trkpt lat="50.550769" lon="6.724221">
                <ele>325.8</ele>
                <name>Position 2656</name>
            </trkpt>
            <trkpt lat="50.55088" lon="6.723441">
                <ele>324.5</ele>
                <name>Position 2657</name>
            </trkpt>
            <trkpt lat="50.550916" lon="6.72298">
                <ele>326.0</ele>
                <name>Position 2658</name>
            </trkpt>
            <trkpt lat="50.550936" lon="6.722736">
                <ele>326.0</ele>
                <name>Position 2659</name>
            </trkpt>
            <trkpt lat="50.550959" lon="6.72243">
                <ele>327.0</ele>
                <name>Position 2660</name>
            </trkpt>
            <trkpt lat="50.551032" lon="6.72239">
                <ele>325.0</ele>
                <name>Position 2661</name>
            </trkpt>
            <trkpt lat="50.551075" lon="6.722235">
                <ele>325.0</ele>
                <name>Position 2662</name>
            </trkpt>
            <trkpt lat="50.55103" lon="6.722106">
                <ele>325.0</ele>
                <name>Position 2663</name>
            </trkpt>
            <trkpt lat="50.550963" lon="6.722069">
                <ele>326.0</ele>
                <name>Position 2664</name>
            </trkpt>
            <trkpt lat="50.550988" lon="6.721597">
                <ele>323.5</ele>
                <name>Position 2665</name>
            </trkpt>
            <trkpt lat="50.551031" lon="6.719943">
                <ele>315.0</ele>
                <name>Position 2666</name>
            </trkpt>
            <trkpt lat="50.550986" lon="6.719422">
                <ele>314.5</ele>
                <name>Position 2667</name>
            </trkpt>
            <trkpt lat="50.550739" lon="6.718441">
                <ele>315.8</ele>
                <name>Position 2668</name>
            </trkpt>
            <trkpt lat="50.550218" lon="6.717334">
                <ele>319.3</ele>
                <name>Position 2669</name>
            </trkpt>
            <trkpt lat="50.548555" lon="6.714716">
                <ele>331.0</ele>
                <name>Position 2670</name>
            </trkpt>
            <trkpt lat="50.548513" lon="6.714616">
                <ele>330.0</ele>
                <name>Position 2671</name>
            </trkpt>
            <trkpt lat="50.54834" lon="6.714208">
                <ele>325.0</ele>
                <name>Position 2672</name>
            </trkpt>
            <trkpt lat="50.548118" lon="6.713686">
                <ele>328.0</ele>
                <name>Position 2673</name>
            </trkpt>
            <trkpt lat="50.547782" lon="6.712923">
                <ele>331.8</ele>
                <name>Position 2674</name>
            </trkpt>
            <trkpt lat="50.547291" lon="6.71181">
                <ele>333.0</ele>
                <name>Position 2675</name>
            </trkpt>
            <trkpt lat="50.547055" lon="6.711257">
                <ele>335.0</ele>
                <name>Position 2676</name>
            </trkpt>
            <trkpt lat="50.546608" lon="6.710452">
                <ele>331.0</ele>
                <name>Position 2677</name>
            </trkpt>
            <trkpt lat="50.546304" lon="6.709993">
                <ele>327.5</ele>
                <name>Position 2678</name>
            </trkpt>
            <trkpt lat="50.545627" lon="6.70899">
                <ele>331.0</ele>
                <name>Position 2679</name>
            </trkpt>
            <trkpt lat="50.545366" lon="6.708684">
                <ele>334.0</ele>
                <name>Position 2680</name>
            </trkpt>
            <trkpt lat="50.543582" lon="6.707593">
                <ele>336.0</ele>
                <name>Position 2681</name>
            </trkpt>
            <trkpt lat="50.542656" lon="6.707015">
                <ele>342.5</ele>
                <name>Position 2682</name>
            </trkpt>
            <trkpt lat="50.541832" lon="6.706177">
                <ele>349.0</ele>
                <name>Position 2683</name>
            </trkpt>
            <trkpt lat="50.541529" lon="6.705716">
                <ele>350.0</ele>
                <name>Position 2684</name>
            </trkpt>
            <trkpt lat="50.54073" lon="6.704303">
                <ele>352.0</ele>
                <name>Position 2685</name>
            </trkpt>
            <trkpt lat="50.539564" lon="6.702188">
                <ele>354.3</ele>
                <name>Position 2686</name>
            </trkpt>
            <trkpt lat="50.539282" lon="6.70171">
                <ele>349.0</ele>
                <name>Position 2687</name>
            </trkpt>
            <trkpt lat="50.539168" lon="6.701561">
                <ele>349.0</ele>
                <name>Position 2688</name>
            </trkpt>
            <trkpt lat="50.538787" lon="6.701369">
                <ele>348.0</ele>
                <name>Position 2689</name>
            </trkpt>
            <trkpt lat="50.538366" lon="6.701222">
                <ele>348.0</ele>
                <name>Position 2690</name>
            </trkpt>
            <trkpt lat="50.538025" lon="6.701112">
                <ele>348.0</ele>
                <name>Position 2691</name>
            </trkpt>
            <trkpt lat="50.53775" lon="6.701031">
                <ele>349.0</ele>
                <name>Position 2692</name>
            </trkpt>
            <trkpt lat="50.536691" lon="6.700215">
                <ele>355.0</ele>
                <name>Position 2693</name>
            </trkpt>
            <trkpt lat="50.536272" lon="6.699973">
                <ele>355.3</ele>
                <name>Position 2694</name>
            </trkpt>
            <trkpt lat="50.535637" lon="6.699595">
                <ele>358.0</ele>
                <name>Position 2695</name>
            </trkpt>
            <trkpt lat="50.534807" lon="6.699178">
                <ele>358.0</ele>
                <name>Position 2696</name>
            </trkpt>
            <trkpt lat="50.53428" lon="6.698751">
                <ele>356.0</ele>
                <name>Position 2697</name>
            </trkpt>
            <trkpt lat="50.534036" lon="6.698441">
                <ele>355.0</ele>
                <name>Position 2698</name>
            </trkpt>
            <trkpt lat="50.533691" lon="6.6979">
                <ele>355.8</ele>
                <name>Position 2699</name>
            </trkpt>
            <trkpt lat="50.533112" lon="6.696707">
                <ele>359.0</ele>
                <name>Position 2700</name>
            </trkpt>
            <trkpt lat="50.532234" lon="6.694862">
                <ele>362.0</ele>
                <name>Position 2701</name>
            </trkpt>
            <trkpt lat="50.531317" lon="6.693344">
                <ele>367.0</ele>
                <name>Position 2702</name>
            </trkpt>
            <trkpt lat="50.530204" lon="6.691599">
                <ele>369.0</ele>
                <name>Position 2703</name>
            </trkpt>
            <trkpt lat="50.529135" lon="6.689224">
                <ele>374.5</ele>
                <name>Position 2704</name>
            </trkpt>
            <trkpt lat="50.528122" lon="6.687092">
                <ele>385.3</ele>
                <name>Position 2705</name>
            </trkpt>
            <trkpt lat="50.527585" lon="6.686358">
                <ele>391.3</ele>
                <name>Position 2706</name>
            </trkpt>
            <trkpt lat="50.524821" lon="6.68305">
                <ele>405.3</ele>
                <name>Position 2707</name>
            </trkpt>
            <trkpt lat="50.523542" lon="6.681113">
                <ele>415.0</ele>
                <name>Position 2708</name>
            </trkpt>
            <trkpt lat="50.523043" lon="6.679239">
                <ele>421.0</ele>
                <name>Position 2709</name>
            </trkpt>
            <trkpt lat="50.522444" lon="6.677825">
                <ele>417.0</ele>
                <name>Position 2710</name>
            </trkpt>
            <trkpt lat="50.520677" lon="6.673431">
                <ele>435.8</ele>
                <name>Position 2711</name>
            </trkpt>
            <trkpt lat="50.519938" lon="6.6715">
                <ele>445.0</ele>
                <name>Position 2712</name>
            </trkpt>
            <trkpt lat="50.519422" lon="6.668925">
                <ele>458.0</ele>
                <name>Position 2713</name>
            </trkpt>
            <trkpt lat="50.519267" lon="6.667625">
                <ele>460.0</ele>
                <name>Position 2714</name>
            </trkpt>
            <trkpt lat="50.519286" lon="6.665546">
                <ele>466.3</ele>
                <name>Position 2715</name>
            </trkpt>
            <trkpt lat="50.519188" lon="6.664798">
                <ele>469.0</ele>
                <name>Position 2716</name>
            </trkpt>
            <trkpt lat="50.518949" lon="6.663995">
                <ele>473.0</ele>
                <name>Position 2717</name>
            </trkpt>
            <trkpt lat="50.518321" lon="6.662284">
                <ele>477.0</ele>
                <name>Position 2718</name>
            </trkpt>
            <trkpt lat="50.516568" lon="6.657743">
                <ele>502.0</ele>
                <name>Position 2719</name>
            </trkpt>
            <trkpt lat="50.516118" lon="6.656756">
                <ele>507.0</ele>
                <name>Position 2720</name>
            </trkpt>
            <trkpt lat="50.516148" lon="6.656626">
                <ele>507.0</ele>
                <name>Position 2721</name>
            </trkpt>
            <trkpt lat="50.516112" lon="6.656485">
                <ele>506.5</ele>
                <name>Position 2722</name>
            </trkpt>
            <trkpt lat="50.516022" lon="6.656422">
                <ele>508.0</ele>
                <name>Position 2723</name>
            </trkpt>
            <trkpt lat="50.515917" lon="6.656336">
                <ele>508.0</ele>
                <name>Position 2724</name>
            </trkpt>
            <trkpt lat="50.514606" lon="6.653589">
                <ele>514.0</ele>
                <name>Position 2725</name>
            </trkpt>
            <trkpt lat="50.513465" lon="6.651034">
                <ele>516.5</ele>
                <name>Position 2726</name>
            </trkpt>
            <trkpt lat="50.513459" lon="6.650818">
                <ele>518.0</ele>
                <name>Position 2727</name>
            </trkpt>
            <trkpt lat="50.513379" lon="6.650703">
                <ele>518.0</ele>
                <name>Position 2728</name>
            </trkpt>
            <trkpt lat="50.513271" lon="6.650695">
                <ele>518.0</ele>
                <name>Position 2729</name>
            </trkpt>
            <trkpt lat="50.512407" lon="6.649075">
                <ele>517.0</ele>
                <name>Position 2730</name>
            </trkpt>
            <trkpt lat="50.511069" lon="6.646582">
                <ele>513.5</ele>
                <name>Position 2731</name>
            </trkpt>
            <trkpt lat="50.510575" lon="6.645832">
                <ele>515.0</ele>
                <name>Position 2732</name>
            </trkpt>
            <trkpt lat="50.508904" lon="6.643554">
                <ele>515.0</ele>
                <name>Position 2733</name>
            </trkpt>
            <trkpt lat="50.506501" lon="6.640572">
                <ele>511.0</ele>
                <name>Position 2734</name>
            </trkpt>
            <trkpt lat="50.503172" lon="6.63646">
                <ele>495.8</ele>
                <name>Position 2735</name>
            </trkpt>
            <trkpt lat="50.499886" lon="6.632381">
                <ele>476.0</ele>
                <name>Position 2736</name>
            </trkpt>
            <trkpt lat="50.499152" lon="6.631434">
                <ele>470.8</ele>
                <name>Position 2737</name>
            </trkpt>
            <trkpt lat="50.49869" lon="6.630723">
                <ele>467.0</ele>
                <name>Position 2738</name>
            </trkpt>
            <trkpt lat="50.498422" lon="6.630202">
                <ele>465.0</ele>
                <name>Position 2739</name>
            </trkpt>
            <trkpt lat="50.498143" lon="6.629543">
                <ele>466.0</ele>
                <name>Position 2740</name>
            </trkpt>
            <trkpt lat="50.49787" lon="6.628683">
                <ele>463.0</ele>
                <name>Position 2741</name>
            </trkpt>
            <trkpt lat="50.497702" lon="6.627923">
                <ele>455.0</ele>
                <name>Position 2742</name>
            </trkpt>
            <trkpt lat="50.497495" lon="6.626584">
                <ele>445.0</ele>
                <name>Position 2743</name>
            </trkpt>
            <trkpt lat="50.497195" lon="6.62457">
                <ele>466.0</ele>
                <name>Position 2744</name>
            </trkpt>
            <trkpt lat="50.497066" lon="6.623762">
                <ele>475.0</ele>
                <name>Position 2745</name>
            </trkpt>
            <trkpt lat="50.496909" lon="6.623087">
                <ele>478.8</ele>
                <name>Position 2746</name>
            </trkpt>
            <trkpt lat="50.496724" lon="6.622508">
                <ele>481.8</ele>
                <name>Position 2747</name>
            </trkpt>
            <trkpt lat="50.496453" lon="6.621853">
                <ele>484.8</ele>
                <name>Position 2748</name>
            </trkpt>
            <trkpt lat="50.496114" lon="6.621251">
                <ele>488.0</ele>
                <name>Position 2749</name>
            </trkpt>
            <trkpt lat="50.495752" lon="6.620751">
                <ele>490.0</ele>
                <name>Position 2750</name>
            </trkpt>
            <trkpt lat="50.495386" lon="6.620351">
                <ele>492.0</ele>
                <name>Position 2751</name>
            </trkpt>
            <trkpt lat="50.495111" lon="6.620134">
                <ele>492.5</ele>
                <name>Position 2752</name>
            </trkpt>
            <trkpt lat="50.494649" lon="6.619849">
                <ele>496.0</ele>
                <name>Position 2753</name>
            </trkpt>
            <trkpt lat="50.494102" lon="6.619595">
                <ele>498.3</ele>
                <name>Position 2754</name>
            </trkpt>
            <trkpt lat="50.493412" lon="6.619345">
                <ele>503.0</ele>
                <name>Position 2755</name>
            </trkpt>
            <trkpt lat="50.492606" lon="6.619088">
                <ele>507.0</ele>
                <name>Position 2756</name>
            </trkpt>
            <trkpt lat="50.491849" lon="6.618778">
                <ele>508.5</ele>
                <name>Position 2757</name>
            </trkpt>
            <trkpt lat="50.490895" lon="6.618166">
                <ele>508.5</ele>
                <name>Position 2758</name>
            </trkpt>
            <trkpt lat="50.490178" lon="6.617367">
                <ele>508.8</ele>
                <name>Position 2759</name>
            </trkpt>
            <trkpt lat="50.489668" lon="6.616618">
                <ele>510.0</ele>
                <name>Position 2760</name>
            </trkpt>
            <trkpt lat="50.489444" lon="6.616187">
                <ele>509.8</ele>
                <name>Position 2761</name>
            </trkpt>
            <trkpt lat="50.488695" lon="6.613819">
                <ele>512.5</ele>
                <name>Position 2762</name>
            </trkpt>
            <trkpt lat="50.487746" lon="6.609855">
                <ele>518.5</ele>
                <name>Position 2763</name>
            </trkpt>
            <trkpt lat="50.487077" lon="6.607672">
                <ele>521.0</ele>
                <name>Position 2764</name>
            </trkpt>
            <trkpt lat="50.48683" lon="6.60612">
                <ele>522.3</ele>
                <name>Position 2765</name>
            </trkpt>
            <trkpt lat="50.486736" lon="6.603388">
                <ele>527.0</ele>
                <name>Position 2766</name>
            </trkpt>
            <trkpt lat="50.486387" lon="6.600019">
                <ele>523.5</ele>
                <name>Position 2767</name>
            </trkpt>
            <trkpt lat="50.485561" lon="6.595051">
                <ele>528.0</ele>
                <name>Position 2768</name>
            </trkpt>
            <trkpt lat="50.485313" lon="6.594172">
                <ele>526.5</ele>
                <name>Position 2769</name>
            </trkpt>
            <trkpt lat="50.483977" lon="6.591765">
                <ele>529.5</ele>
                <name>Position 2770</name>
            </trkpt>
            <trkpt lat="50.4831209" lon="6.5901272">
                <time>2013-11-11T11:51:42.643Z</time>
                <name>Nettersheimer Straße, 53947 Nettersheim, Deutschland</name>
            </trkpt>
            <trkpt lat="50.482573" lon="6.589163">
                <ele>535.0</ele>
                <name>Position 2772</name>
            </trkpt>
            <trkpt lat="50.481128" lon="6.586389">
                <ele>536.0</ele>
                <name>Position 2773</name>
            </trkpt>
            <trkpt lat="50.480314" lon="6.584785">
                <ele>533.5</ele>
                <name>Position 2774</name>
            </trkpt>
            <trkpt lat="50.479729" lon="6.583798">
                <ele>534.0</ele>
                <name>Position 2775</name>
            </trkpt>
            <trkpt lat="50.479301" lon="6.583102">
                <ele>533.0</ele>
                <name>Position 2776</name>
            </trkpt>
            <trkpt lat="50.479097" lon="6.582905">
                <ele>533.0</ele>
                <name>Position 2777</name>
            </trkpt>
            <trkpt lat="50.478802" lon="6.582608">
                <ele>533.0</ele>
                <name>Position 2778</name>
            </trkpt>
            <trkpt lat="50.478394" lon="6.581793">
                <ele>533.5</ele>
                <name>Position 2779</name>
            </trkpt>
            <trkpt lat="50.478185" lon="6.581298">
                <ele>534.8</ele>
                <name>Position 2780</name>
            </trkpt>
            <trkpt lat="50.478392" lon="6.580099">
                <ele>533.5</ele>
                <name>Position 2781</name>
            </trkpt>
            <trkpt lat="50.478524" lon="6.579421">
                <ele>532.3</ele>
                <name>Position 2782</name>
            </trkpt>
            <trkpt lat="50.478606" lon="6.579217">
                <ele>531.0</ele>
                <name>Position 2783</name>
            </trkpt>
            <trkpt lat="50.478988" lon="6.578945">
                <ele>529.8</ele>
                <name>Position 2784</name>
            </trkpt>
            <trkpt lat="50.479823" lon="6.578424">
                <ele>525.0</ele>
                <name>Position 2785</name>
            </trkpt>
            <trkpt lat="50.48016" lon="6.578435">
                <ele>523.0</ele>
                <name>Position 2786</name>
            </trkpt>
            <trkpt lat="50.480959" lon="6.578763">
                <ele>517.5</ele>
                <name>Position 2787</name>
            </trkpt>
            <trkpt lat="50.48178" lon="6.579191">
                <ele>516.0</ele>
                <name>Position 2788</name>
            </trkpt>
            <trkpt lat="50.48269" lon="6.580048">
                <ele>517.0</ele>
                <name>Position 2789</name>
            </trkpt>
            <trkpt lat="50.484672" lon="6.581073">
                <ele>524.3</ele>
                <name>Position 2790</name>
            </trkpt>
            <trkpt lat="50.485744" lon="6.581445">
                <ele>530.0</ele>
                <name>Position 2791</name>
            </trkpt>
            <trkpt lat="50.487117" lon="6.5814">
                <ele>531.8</ele>
                <name>Position 2792</name>
            </trkpt>
            <trkpt lat="50.487553" lon="6.5814965">
                <ele>531.6</ele>
                <time>2013-11-11T11:51:42.686Z</time>
                <name>L204, 53947 Nettersheim, Deutschland</name>
            </trkpt>
            <trkpt lat="50.487725" lon="6.581529">
                <ele>531.0</ele>
                <name>Position 2794</name>
            </trkpt>
            <trkpt lat="50.488633" lon="6.582222">
                <ele>526.0</ele>
                <name>Position 2795</name>
            </trkpt>
            <trkpt lat="50.489762" lon="6.583628">
                <ele>518.5</ele>
                <name>Position 2796</name>
            </trkpt>
            <trkpt lat="50.490538" lon="6.58439">
                <ele>518.0</ele>
                <name>Position 2797</name>
            </trkpt>
            <trkpt lat="50.491713" lon="6.584915">
                <ele>519.0</ele>
                <name>Position 2798</name>
            </trkpt>
            <trkpt lat="50.494922" lon="6.58527">
                <ele>508.0</ele>
                <name>Position 2799</name>
            </trkpt>
            <trkpt lat="50.495362" lon="6.585575">
                <ele>509.0</ele>
                <name>Position 2800</name>
            </trkpt>
            <trkpt lat="50.49629" lon="6.586895">
                <ele>506.0</ele>
                <name>Position 2801</name>
            </trkpt>
            <trkpt lat="50.497046" lon="6.587742">
                <ele>498.0</ele>
                <name>Position 2802</name>
            </trkpt>
            <trkpt lat="50.497486" lon="6.588057">
                <ele>496.0</ele>
                <name>Position 2803</name>
            </trkpt>
            <trkpt lat="50.497822" lon="6.588216">
                <ele>494.0</ele>
                <name>Position 2804</name>
            </trkpt>
            <trkpt lat="50.498036" lon="6.588245">
                <ele>493.0</ele>
                <name>Position 2805</name>
            </trkpt>
            <trkpt lat="50.498492" lon="6.588219">
                <ele>491.0</ele>
                <name>Position 2806</name>
            </trkpt>
            <trkpt lat="50.49904" lon="6.588011">
                <ele>487.0</ele>
                <name>Position 2807</name>
            </trkpt>
            <trkpt lat="50.499575" lon="6.587529">
                <ele>484.0</ele>
                <name>Position 2808</name>
            </trkpt>
            <trkpt lat="50.499973" lon="6.586933">
                <ele>485.0</ele>
                <name>Position 2809</name>
            </trkpt>
            <trkpt lat="50.500314" lon="6.586034">
                <ele>483.5</ele>
                <name>Position 2810</name>
            </trkpt>
            <trkpt lat="50.50045" lon="6.58474">
                <ele>482.5</ele>
                <name>Position 2811</name>
            </trkpt>
            <trkpt lat="50.500418" lon="6.581664">
                <ele>483.0</ele>
                <name>Position 2812</name>
            </trkpt>
            <trkpt lat="50.499848" lon="6.578812">
                <ele>486.0</ele>
                <name>Position 2813</name>
            </trkpt>
            <trkpt lat="50.499612" lon="6.57733">
                <ele>486.0</ele>
                <name>Position 2814</name>
            </trkpt>
            <trkpt lat="50.499657" lon="6.576325">
                <ele>479.0</ele>
                <name>Position 2815</name>
            </trkpt>
            <trkpt lat="50.499808" lon="6.575703">
                <ele>471.0</ele>
                <name>Position 2816</name>
            </trkpt>
            <trkpt lat="50.50006" lon="6.57511">
                <ele>460.0</ele>
                <name>Position 2817</name>
            </trkpt>
            <trkpt lat="50.501642" lon="6.573512">
                <ele>450.0</ele>
                <name>Position 2818</name>
            </trkpt>
            <trkpt lat="50.502207" lon="6.572495">
                <ele>441.0</ele>
                <name>Position 2819</name>
            </trkpt>
            <trkpt lat="50.502528" lon="6.572182">
                <ele>446.0</ele>
                <name>Position 2820</name>
            </trkpt>
            <trkpt lat="50.502936" lon="6.572126">
                <ele>448.0</ele>
                <name>Position 2821</name>
            </trkpt>
            <trkpt lat="50.504062" lon="6.573005">
                <ele>440.0</ele>
                <name>Position 2822</name>
            </trkpt>
            <trkpt lat="50.505624" lon="6.573513">
                <ele>437.0</ele>
                <name>Position 2823</name>
            </trkpt>
            <trkpt lat="50.506599" lon="6.573795">
                <ele>440.0</ele>
                <name>Position 2824</name>
            </trkpt>
            <trkpt lat="50.507343" lon="6.574399">
                <ele>437.0</ele>
                <name>Position 2825</name>
            </trkpt>
            <trkpt lat="50.507832" lon="6.574453">
                <ele>435.0</ele>
                <name>Position 2826</name>
            </trkpt>
            <trkpt lat="50.508544" lon="6.573994">
                <ele>436.0</ele>
                <name>Position 2827</name>
            </trkpt>
            <trkpt lat="50.50904" lon="6.573901">
                <ele>430.0</ele>
                <name>Position 2828</name>
            </trkpt>
            <trkpt lat="50.509505" lon="6.574053">
                <ele>424.0</ele>
                <name>Position 2829</name>
            </trkpt>
            <trkpt lat="50.509879" lon="6.57426">
                <ele>420.0</ele>
                <name>Position 2830</name>
            </trkpt>
            <trkpt lat="50.510273" lon="6.574601">
                <ele>420.0</ele>
                <name>Position 2831</name>
            </trkpt>
            <trkpt lat="50.5107" lon="6.575085">
                <ele>419.3</ele>
                <name>Position 2832</name>
            </trkpt>
            <trkpt lat="50.51107" lon="6.575663">
                <ele>422.0</ele>
                <name>Position 2833</name>
            </trkpt>
            <trkpt lat="50.511511" lon="6.576519">
                <ele>421.0</ele>
                <name>Position 2834</name>
            </trkpt>
            <trkpt lat="50.511776" lon="6.577146">
                <ele>419.0</ele>
                <name>Position 2835</name>
            </trkpt>
            <trkpt lat="50.512096" lon="6.578135">
                <ele>420.0</ele>
                <name>Position 2836</name>
            </trkpt>
            <trkpt lat="50.512324" lon="6.579015">
                <ele>414.3</ele>
                <name>Position 2837</name>
            </trkpt>
            <trkpt lat="50.512508" lon="6.57976">
                <ele>408.0</ele>
                <name>Position 2838</name>
            </trkpt>
            <trkpt lat="50.512541" lon="6.579883">
                <ele>408.0</ele>
                <name>Position 2839</name>
            </trkpt>
            <trkpt lat="50.51266" lon="6.580361">
                <ele>409.0</ele>
                <name>Position 2840</name>
            </trkpt>
            <trkpt lat="50.512861" lon="6.581371">
                <ele>412.8</ele>
                <name>Position 2841</name>
            </trkpt>
            <trkpt lat="50.512983" lon="6.581495">
                <ele>414.8</ele>
                <name>Position 2842</name>
            </trkpt>
            <trkpt lat="50.513394" lon="6.581052">
                <ele>420.0</ele>
                <name>Position 2843</name>
            </trkpt>
            <trkpt lat="50.513662" lon="6.580642">
                <ele>425.0</ele>
                <name>Position 2844</name>
            </trkpt>
            <trkpt lat="50.514378" lon="6.579369">
                <ele>428.0</ele>
                <name>Position 2845</name>
            </trkpt>
            <trkpt lat="50.514525" lon="6.578999">
                <ele>429.0</ele>
                <name>Position 2846</name>
            </trkpt>
            <trkpt lat="50.514613" lon="6.578593">
                <ele>428.0</ele>
                <name>Position 2847</name>
            </trkpt>
            <trkpt lat="50.514644" lon="6.578171">
                <ele>426.0</ele>
                <name>Position 2848</name>
            </trkpt>
            <trkpt lat="50.514597" lon="6.577436">
                <ele>424.3</ele>
                <name>Position 2849</name>
            </trkpt>
            <trkpt lat="50.514534" lon="6.576445">
                <ele>422.0</ele>
                <name>Position 2850</name>
            </trkpt>
            <trkpt lat="50.514484" lon="6.57475">
                <ele>424.0</ele>
                <name>Position 2851</name>
            </trkpt>
            <trkpt lat="50.514424" lon="6.573646">
                <ele>423.0</ele>
                <name>Position 2852</name>
            </trkpt>
            <trkpt lat="50.514302" lon="6.572091">
                <ele>418.3</ele>
                <name>Position 2853</name>
            </trkpt>
            <trkpt lat="50.514277" lon="6.571389">
                <ele>418.5</ele>
                <name>Position 2854</name>
            </trkpt>
            <trkpt lat="50.514271" lon="6.570445">
                <ele>421.0</ele>
                <name>Position 2855</name>
            </trkpt>
            <trkpt lat="50.514205" lon="6.569764">
                <ele>417.5</ele>
                <name>Position 2856</name>
            </trkpt>
            <trkpt lat="50.514084" lon="6.568792">
                <ele>416.0</ele>
                <name>Position 2857</name>
            </trkpt>
            <trkpt lat="50.514076" lon="6.568194">
                <ele>414.5</ele>
                <name>Position 2858</name>
            </trkpt>
            <trkpt lat="50.514167" lon="6.567667">
                <ele>413.0</ele>
                <name>Position 2859</name>
            </trkpt>
            <trkpt lat="50.514352" lon="6.567173">
                <ele>414.5</ele>
                <name>Position 2860</name>
            </trkpt>
            <trkpt lat="50.514598" lon="6.566736">
                <ele>415.8</ele>
                <name>Position 2861</name>
            </trkpt>
            <trkpt lat="50.515321" lon="6.56582">
                <ele>413.0</ele>
                <name>Position 2862</name>
            </trkpt>
            <trkpt lat="50.515707" lon="6.565388">
                <ele>413.0</ele>
                <name>Position 2863</name>
            </trkpt>
            <trkpt lat="50.516032" lon="6.565163">
                <ele>412.0</ele>
                <name>Position 2864</name>
            </trkpt>
            <trkpt lat="50.516808" lon="6.564902">
                <ele>412.0</ele>
                <name>Position 2865</name>
            </trkpt>
            <trkpt lat="50.51708" lon="6.564841">
                <ele>411.0</ele>
                <name>Position 2866</name>
            </trkpt>
            <trkpt lat="50.517684" lon="6.564826">
                <ele>411.0</ele>
                <name>Position 2867</name>
            </trkpt>
            <trkpt lat="50.518651" lon="6.564818">
                <ele>417.0</ele>
                <name>Position 2868</name>
            </trkpt>
            <trkpt lat="50.519053" lon="6.564702">
                <ele>418.0</ele>
                <name>Position 2869</name>
            </trkpt>
            <trkpt lat="50.519332" lon="6.564441">
                <ele>417.0</ele>
                <name>Position 2870</name>
            </trkpt>
            <trkpt lat="50.519489" lon="6.564126">
                <ele>414.0</ele>
                <name>Position 2871</name>
            </trkpt>
            <trkpt lat="50.51957" lon="6.563766">
                <ele>414.0</ele>
                <name>Position 2872</name>
            </trkpt>
            <trkpt lat="50.519566" lon="6.563319">
                <ele>411.5</ele>
                <name>Position 2873</name>
            </trkpt>
            <trkpt lat="50.519481" lon="6.562997">
                <ele>411.0</ele>
                <name>Position 2874</name>
            </trkpt>
            <trkpt lat="50.519264" lon="6.562634">
                <ele>411.0</ele>
                <name>Position 2875</name>
            </trkpt>
            <trkpt lat="50.518966" lon="6.562341">
                <ele>409.0</ele>
                <name>Position 2876</name>
            </trkpt>
            <trkpt lat="50.518792" lon="6.562086">
                <ele>408.0</ele>
                <name>Position 2877</name>
            </trkpt>
            <trkpt lat="50.518655" lon="6.561685">
                <ele>408.0</ele>
                <name>Position 2878</name>
            </trkpt>
            <trkpt lat="50.518608" lon="6.561271">
                <ele>405.5</ele>
                <name>Position 2879</name>
            </trkpt>
            <trkpt lat="50.518657" lon="6.560816">
                <ele>404.8</ele>
                <name>Position 2880</name>
            </trkpt>
            <trkpt lat="50.518795" lon="6.560305">
                <ele>403.5</ele>
                <name>Position 2881</name>
            </trkpt>
            <trkpt lat="50.518984" lon="6.559935">
                <ele>403.0</ele>
                <name>Position 2882</name>
            </trkpt>
            <trkpt lat="50.519256" lon="6.559706">
                <ele>401.3</ele>
                <name>Position 2883</name>
            </trkpt>
            <trkpt lat="50.519749" lon="6.55945">
                <ele>400.8</ele>
                <name>Position 2884</name>
            </trkpt>
            <trkpt lat="50.520145" lon="6.559292">
                <ele>401.5</ele>
                <name>Position 2885</name>
            </trkpt>
            <trkpt lat="50.520626" lon="6.559143">
                <ele>408.0</ele>
                <name>Position 2886</name>
            </trkpt>
            <trkpt lat="50.52079" lon="6.558986">
                <ele>408.0</ele>
                <name>Position 2887</name>
            </trkpt>
            <trkpt lat="50.521023" lon="6.558624">
                <ele>404.0</ele>
                <name>Position 2888</name>
            </trkpt>
            <trkpt lat="50.521202" lon="6.558487">
                <ele>402.8</ele>
                <name>Position 2889</name>
            </trkpt>
            <trkpt lat="50.521872" lon="6.558134">
                <ele>402.0</ele>
                <name>Position 2890</name>
            </trkpt>
            <trkpt lat="50.522347" lon="6.557869">
                <ele>401.0</ele>
                <name>Position 2891</name>
            </trkpt>
            <trkpt lat="50.52264" lon="6.557759">
                <ele>400.0</ele>
                <name>Position 2892</name>
            </trkpt>
            <trkpt lat="50.523558" lon="6.557696">
                <ele>398.0</ele>
                <name>Position 2893</name>
            </trkpt>
            <trkpt lat="50.524041" lon="6.557621">
                <ele>397.0</ele>
                <name>Position 2894</name>
            </trkpt>
            <trkpt lat="50.52439" lon="6.55748">
                <ele>395.0</ele>
                <name>Position 2895</name>
            </trkpt>
            <trkpt lat="50.524726" lon="6.557366">
                <ele>393.0</ele>
                <name>Position 2896</name>
            </trkpt>
            <trkpt lat="50.52507" lon="6.557405">
                <ele>392.0</ele>
                <name>Position 2897</name>
            </trkpt>
            <trkpt lat="50.525409" lon="6.557385">
                <ele>391.8</ele>
                <name>Position 2898</name>
            </trkpt>
            <trkpt lat="50.525715" lon="6.5572">
                <ele>390.8</ele>
                <name>Position 2899</name>
            </trkpt>
            <trkpt lat="50.526013" lon="6.556909">
                <ele>390.8</ele>
                <name>Position 2900</name>
            </trkpt>
            <trkpt lat="50.526444" lon="6.556343">
                <ele>391.3</ele>
                <name>Position 2901</name>
            </trkpt>
            <trkpt lat="50.526958" lon="6.555571">
                <ele>393.0</ele>
                <name>Position 2902</name>
            </trkpt>
            <trkpt lat="50.527293" lon="6.554983">
                <ele>395.0</ele>
                <name>Position 2903</name>
            </trkpt>
            <trkpt lat="50.527984" lon="6.553473">
                <ele>391.3</ele>
                <name>Position 2904</name>
            </trkpt>
            <trkpt lat="50.528216" lon="6.553051">
                <ele>389.0</ele>
                <name>Position 2905</name>
            </trkpt>
            <trkpt lat="50.528484" lon="6.552751">
                <ele>390.0</ele>
                <name>Position 2906</name>
            </trkpt>
            <trkpt lat="50.52879" lon="6.55255">
                <ele>389.0</ele>
                <name>Position 2907</name>
            </trkpt>
            <trkpt lat="50.529099" lon="6.55248">
                <ele>389.0</ele>
                <name>Position 2908</name>
            </trkpt>
            <trkpt lat="50.529383" lon="6.552512">
                <ele>388.0</ele>
                <name>Position 2909</name>
            </trkpt>
            <trkpt lat="50.52973" lon="6.552686">
                <ele>388.0</ele>
                <name>Position 2910</name>
            </trkpt>
            <trkpt lat="50.53274" lon="6.554574">
                <ele>389.0</ele>
                <name>Position 2911</name>
            </trkpt>
            <trkpt lat="50.534318" lon="6.555568">
                <ele>392.0</ele>
                <name>Position 2912</name>
            </trkpt>
            <trkpt lat="50.535706" lon="6.556127">
                <ele>386.0</ele>
                <name>Position 2913</name>
            </trkpt>
            <trkpt lat="50.536315" lon="6.556441">
                <ele>385.0</ele>
                <name>Position 2914</name>
            </trkpt>
            <trkpt lat="50.537362" lon="6.557331">
                <ele>383.0</ele>
                <name>Position 2915</name>
            </trkpt>
            <trkpt lat="50.537976" lon="6.557669">
                <ele>381.0</ele>
                <name>Position 2916</name>
            </trkpt>
            <trkpt lat="50.538265" lon="6.557828">
                <ele>380.3</ele>
                <name>Position 2917</name>
            </trkpt>
            <trkpt lat="50.53881" lon="6.558293">
                <ele>380.0</ele>
                <name>Position 2918</name>
            </trkpt>
            <trkpt lat="50.539217" lon="6.55855">
                <ele>382.5</ele>
                <name>Position 2919</name>
            </trkpt>
            <trkpt lat="50.53975" lon="6.558641">
                <ele>381.5</ele>
                <name>Position 2920</name>
            </trkpt>
            <trkpt lat="50.540069" lon="6.558813">
                <ele>382.0</ele>
                <name>Position 2921</name>
            </trkpt>
            <trkpt lat="50.540678" lon="6.559584">
                <ele>380.8</ele>
                <name>Position 2922</name>
            </trkpt>
            <trkpt lat="50.5415" lon="6.560846">
                <ele>380.0</ele>
                <name>Position 2923</name>
            </trkpt>
            <trkpt lat="50.541952" lon="6.561731">
                <ele>382.0</ele>
                <name>Position 2924</name>
            </trkpt>
            <trkpt lat="50.541964" lon="6.561925">
                <ele>383.0</ele>
                <name>Position 2925</name>
            </trkpt>
            <trkpt lat="50.541889" lon="6.562132">
                <ele>383.0</ele>
                <name>Position 2926</name>
            </trkpt>
            <trkpt lat="50.541666" lon="6.562221">
                <ele>382.5</ele>
                <name>Position 2927</name>
            </trkpt>
            <trkpt lat="50.541481" lon="6.562016">
                <ele>382.5</ele>
                <name>Position 2928</name>
            </trkpt>
            <trkpt lat="50.541417" lon="6.561842">
                <ele>383.0</ele>
                <name>Position 2929</name>
            </trkpt>
            <trkpt lat="50.5414" lon="6.561609">
                <ele>382.0</ele>
                <name>Position 2930</name>
            </trkpt>
            <trkpt lat="50.541413" lon="6.559625">
                <ele>378.0</ele>
                <name>Position 2931</name>
            </trkpt>
            <trkpt lat="50.54138" lon="6.559344">
                <ele>378.0</ele>
                <name>Position 2932</name>
            </trkpt>
            <trkpt lat="50.541404" lon="6.559293">
                <ele>376.8</ele>
                <name>Position 2933</name>
            </trkpt>
            <trkpt lat="50.541407" lon="6.559212">
                <ele>376.5</ele>
                <name>Position 2934</name>
            </trkpt>
            <trkpt lat="50.541356" lon="6.559122">
                <ele>376.5</ele>
                <name>Position 2935</name>
            </trkpt>
            <trkpt lat="50.541427" lon="6.558883">
                <ele>377.0</ele>
                <name>Position 2936</name>
            </trkpt>
            <trkpt lat="50.541502" lon="6.558691">
                <ele>377.0</ele>
                <name>Position 2937</name>
            </trkpt>
            <trkpt lat="50.541711" lon="6.55834">
                <ele>376.5</ele>
                <name>Position 2938</name>
            </trkpt>
            <trkpt lat="50.542295" lon="6.557491">
                <ele>379.0</ele>
                <name>Position 2939</name>
            </trkpt>
            <trkpt lat="50.542904" lon="6.556653">
                <ele>382.5</ele>
                <name>Position 2940</name>
            </trkpt>
            <trkpt lat="50.544049" lon="6.554919">
                <ele>382.0</ele>
                <name>Position 2941</name>
            </trkpt>
            <trkpt lat="50.544387" lon="6.554519">
                <ele>381.0</ele>
                <name>Position 2942</name>
            </trkpt>
            <trkpt lat="50.544894" lon="6.554135">
                <ele>382.0</ele>
                <name>Position 2943</name>
            </trkpt>
            <trkpt lat="50.546922" lon="6.552952">
                <ele>377.0</ele>
                <name>Position 2944</name>
            </trkpt>
            <trkpt lat="50.547254" lon="6.552703">
                <ele>377.0</ele>
                <name>Position 2945</name>
            </trkpt>
            <trkpt lat="50.548299" lon="6.551707">
                <ele>381.0</ele>
                <name>Position 2946</name>
            </trkpt>
            <trkpt lat="50.549017" lon="6.550966">
                <ele>380.0</ele>
                <name>Position 2947</name>
            </trkpt>
            <trkpt lat="50.549333" lon="6.550487">
                <ele>379.0</ele>
                <name>Position 2948</name>
            </trkpt>
            <trkpt lat="50.549537" lon="6.550085">
                <ele>378.5</ele>
                <name>Position 2949</name>
            </trkpt>
            <trkpt lat="50.549768" lon="6.549509">
                <ele>378.0</ele>
                <name>Position 2950</name>
            </trkpt>
            <trkpt lat="50.550645" lon="6.546866">
                <ele>376.0</ele>
                <name>Position 2951</name>
            </trkpt>
            <trkpt lat="50.550863" lon="6.546302">
                <ele>374.0</ele>
                <name>Position 2952</name>
            </trkpt>
            <trkpt lat="50.551076" lon="6.545918">
                <ele>374.0</ele>
                <name>Position 2953</name>
            </trkpt>
            <trkpt lat="50.551307" lon="6.545605">
                <ele>375.0</ele>
                <name>Position 2954</name>
            </trkpt>
            <trkpt lat="50.552571" lon="6.544044">
                <ele>374.0</ele>
                <name>Position 2955</name>
            </trkpt>
            <trkpt lat="50.553304" lon="6.542986">
                <ele>370.0</ele>
                <name>Position 2956</name>
            </trkpt>
            <trkpt lat="50.553703" lon="6.542422">
                <ele>370.0</ele>
                <name>Position 2957</name>
            </trkpt>
            <trkpt lat="50.554004" lon="6.542243">
                <ele>371.0</ele>
                <name>Position 2958</name>
            </trkpt>
            <trkpt lat="50.554402" lon="6.542041">
                <ele>373.0</ele>
                <name>Position 2959</name>
            </trkpt>
            <trkpt lat="50.556016" lon="6.541721">
                <ele>384.0</ele>
                <name>Position 2960</name>
            </trkpt>
            <trkpt lat="50.556356" lon="6.541749">
                <ele>388.0</ele>
                <name>Position 2961</name>
            </trkpt>
            <trkpt lat="50.556754" lon="6.541691">
                <ele>391.0</ele>
                <name>Position 2962</name>
            </trkpt>
            <trkpt lat="50.557745" lon="6.540898">
                <ele>381.0</ele>
                <name>Position 2963</name>
            </trkpt>
            <trkpt lat="50.559456" lon="6.539559">
                <ele>385.3</ele>
                <name>Position 2964</name>
            </trkpt>
            <trkpt lat="50.561085" lon="6.536651">
                <ele>373.0</ele>
                <name>Position 2965</name>
            </trkpt>
            <trkpt lat="50.56138" lon="6.535748">
                <ele>373.0</ele>
                <name>Position 2966</name>
            </trkpt>
            <trkpt lat="50.5622" lon="6.534508">
                <ele>374.0</ele>
                <name>Position 2967</name>
            </trkpt>
            <trkpt lat="50.56279" lon="6.533965">
                <ele>373.0</ele>
                <name>Position 2968</name>
            </trkpt>
            <trkpt lat="50.565315" lon="6.532105">
                <ele>369.0</ele>
                <name>Position 2969</name>
            </trkpt>
            <trkpt lat="50.565941" lon="6.531413">
                <ele>366.0</ele>
                <name>Position 2970</name>
            </trkpt>
            <trkpt lat="50.566395" lon="6.530495">
                <ele>362.0</ele>
                <name>Position 2971</name>
            </trkpt>
            <trkpt lat="50.566705" lon="6.530114">
                <ele>360.3</ele>
                <name>Position 2972</name>
            </trkpt>
            <trkpt lat="50.567197" lon="6.529782">
                <ele>362.0</ele>
                <name>Position 2973</name>
            </trkpt>
            <trkpt lat="50.567523" lon="6.52956">
                <ele>362.0</ele>
                <name>Position 2974</name>
            </trkpt>
            <trkpt lat="50.567779" lon="6.529248">
                <ele>359.0</ele>
                <name>Position 2975</name>
            </trkpt>
            <trkpt lat="50.567956" lon="6.528915">
                <ele>359.0</ele>
                <name>Position 2976</name>
            </trkpt>
            <trkpt lat="50.568078" lon="6.52855">
                <ele>358.0</ele>
                <name>Position 2977</name>
            </trkpt>
            <trkpt lat="50.568322" lon="6.527769">
                <ele>354.0</ele>
                <name>Position 2978</name>
            </trkpt>
            <trkpt lat="50.568438" lon="6.527151">
                <ele>352.5</ele>
                <name>Position 2979</name>
            </trkpt>
            <trkpt lat="50.568528" lon="6.526429">
                <ele>350.5</ele>
                <name>Position 2980</name>
            </trkpt>
            <trkpt lat="50.568581" lon="6.525883">
                <ele>352.0</ele>
                <name>Position 2981</name>
            </trkpt>
            <trkpt lat="50.568887" lon="6.5229">
                <ele>348.8</ele>
                <name>Position 2982</name>
            </trkpt>
            <trkpt lat="50.568959" lon="6.522194">
                <ele>348.8</ele>
                <name>Position 2983</name>
            </trkpt>
            <trkpt lat="50.569028" lon="6.521493">
                <ele>348.5</ele>
                <name>Position 2984</name>
            </trkpt>
            <trkpt lat="50.569248" lon="6.519337">
                <ele>346.0</ele>
                <name>Position 2985</name>
            </trkpt>
            <trkpt lat="50.569357" lon="6.518259">
                <ele>348.0</ele>
                <name>Position 2986</name>
            </trkpt>
            <trkpt lat="50.56956" lon="6.516206">
                <ele>348.5</ele>
                <name>Position 2987</name>
            </trkpt>
            <trkpt lat="50.569625" lon="6.515514">
                <ele>349.0</ele>
                <name>Position 2988</name>
            </trkpt>
            <trkpt lat="50.569677" lon="6.514963">
                <ele>349.0</ele>
                <name>Position 2989</name>
            </trkpt>
            <trkpt lat="50.570142" lon="6.510249">
                <ele>347.0</ele>
                <name>Position 2990</name>
            </trkpt>
            <trkpt lat="50.570647" lon="6.505006">
                <ele>342.0</ele>
                <name>Position 2991</name>
            </trkpt>
            <trkpt lat="50.570733" lon="6.504473">
                <ele>341.0</ele>
                <name>Position 2992</name>
            </trkpt>
            <trkpt lat="50.570862" lon="6.504082">
                <ele>340.0</ele>
                <name>Position 2993</name>
            </trkpt>
            <trkpt lat="50.571077" lon="6.503558">
                <ele>340.5</ele>
                <name>Position 2994</name>
            </trkpt>
            <trkpt lat="50.571129" lon="6.503519">
                <ele>340.5</ele>
                <name>Position 2995</name>
            </trkpt>
            <trkpt lat="50.571161" lon="6.503537">
                <ele>340.8</ele>
                <name>Position 2996</name>
            </trkpt>
            <trkpt lat="50.571195" lon="6.503523">
                <ele>340.8</ele>
                <name>Position 2997</name>
            </trkpt>
            <trkpt lat="50.571218" lon="6.503483">
                <ele>340.8</ele>
                <name>Position 2998</name>
            </trkpt>
            <trkpt lat="50.571334" lon="6.503612">
                <ele>341.5</ele>
                <name>Position 2999</name>
            </trkpt>
            <trkpt lat="50.571469" lon="6.503683">
                <ele>343.0</ele>
                <name>Position 3000</name>
            </trkpt>
            <trkpt lat="50.571551" lon="6.503699">
                <ele>344.0</ele>
                <name>Position 3001</name>
            </trkpt>
            <trkpt lat="50.571653" lon="6.503679">
                <ele>344.0</ele>
                <name>Position 3002</name>
            </trkpt>
            <trkpt lat="50.571812" lon="6.503561">
                <ele>347.0</ele>
                <name>Position 3003</name>
            </trkpt>
            <trkpt lat="50.572696" lon="6.502493">
                <ele>352.0</ele>
                <name>Position 3004</name>
            </trkpt>
            <trkpt lat="50.573345" lon="6.50155">
                <ele>354.0</ele>
                <name>Position 3005</name>
            </trkpt>
            <trkpt lat="50.573651" lon="6.500986">
                <ele>354.0</ele>
                <name>Position 3006</name>
            </trkpt>
            <trkpt lat="50.573825" lon="6.500726">
                <ele>353.5</ele>
                <name>Position 3007</name>
            </trkpt>
            <trkpt lat="50.573996" lon="6.500619">
                <ele>355.0</ele>
                <name>Position 3008</name>
            </trkpt>
            <trkpt lat="50.574884" lon="6.50024">
                <ele>362.0</ele>
                <name>Position 3009</name>
            </trkpt>
            <trkpt lat="50.575178" lon="6.500067">
                <ele>362.0</ele>
                <name>Position 3010</name>
            </trkpt>
            <trkpt lat="50.57571" lon="6.499736">
                <ele>363.0</ele>
                <name>Position 3011</name>
            </trkpt>
            <trkpt lat="50.575948" lon="6.499759">
                <ele>366.0</ele>
                <name>Position 3012</name>
            </trkpt>
            <trkpt lat="50.576304" lon="6.500097">
                <ele>371.0</ele>
                <name>Position 3013</name>
            </trkpt>
            <trkpt lat="50.576755" lon="6.500667">
                <ele>379.0</ele>
                <name>Position 3014</name>
            </trkpt>
            <trkpt lat="50.57743" lon="6.501493">
                <ele>392.0</ele>
                <name>Position 3015</name>
            </trkpt>
            <trkpt lat="50.577569" lon="6.501713">
                <ele>396.0</ele>
                <name>Position 3016</name>
            </trkpt>
            <trkpt lat="50.578027" lon="6.502632">
                <ele>413.0</ele>
                <name>Position 3017</name>
            </trkpt>
            <trkpt lat="50.578188" lon="6.502782">
                <ele>413.0</ele>
                <name>Position 3018</name>
            </trkpt>
            <trkpt lat="50.578293" lon="6.50276">
                <ele>410.8</ele>
                <name>Position 3019</name>
            </trkpt>
            <trkpt lat="50.578383" lon="6.502585">
                <ele>412.0</ele>
                <name>Position 3020</name>
            </trkpt>
            <trkpt lat="50.578441" lon="6.502205">
                <ele>411.0</ele>
                <name>Position 3021</name>
            </trkpt>
            <trkpt lat="50.578452" lon="6.501725">
                <ele>408.0</ele>
                <name>Position 3022</name>
            </trkpt>
            <trkpt lat="50.578452" lon="6.501726">
                <ele>408.0</ele>
                <name>Position 3023</name>
            </trkpt>
            <trkpt lat="50.578406" lon="6.50118">
                <ele>406.0</ele>
                <name>Position 3024</name>
            </trkpt>
            <trkpt lat="50.578317" lon="6.500516">
                <ele>401.0</ele>
                <name>Position 3025</name>
            </trkpt>
            <trkpt lat="50.578404" lon="6.500212">
                <ele>400.0</ele>
                <name>Position 3026</name>
            </trkpt>
            <trkpt lat="50.578784" lon="6.500037">
                <ele>405.0</ele>
                <name>Position 3027</name>
            </trkpt>
            <trkpt lat="50.57921" lon="6.50007">
                <ele>412.0</ele>
                <name>Position 3028</name>
            </trkpt>
            <trkpt lat="50.579541" lon="6.500497">
                <ele>421.0</ele>
                <name>Position 3029</name>
            </trkpt>
            <trkpt lat="50.579652" lon="6.500903">
                <ele>426.0</ele>
                <name>Position 3030</name>
            </trkpt>
            <trkpt lat="50.579647" lon="6.501447">
                <ele>432.0</ele>
                <name>Position 3031</name>
            </trkpt>
            <trkpt lat="50.579765" lon="6.501766">
                <ele>435.0</ele>
                <name>Position 3032</name>
            </trkpt>
            <trkpt lat="50.579971" lon="6.501771">
                <ele>434.5</ele>
                <name>Position 3033</name>
            </trkpt>
            <trkpt lat="50.580288" lon="6.501077">
                <ele>436.8</ele>
                <name>Position 3034</name>
            </trkpt>
            <trkpt lat="50.580611" lon="6.499844">
                <ele>435.0</ele>
                <name>Position 3035</name>
            </trkpt>
            <trkpt lat="50.580873" lon="6.499311">
                <ele>434.0</ele>
                <name>Position 3036</name>
            </trkpt>
            <trkpt lat="50.581257" lon="6.499212">
                <ele>435.0</ele>
                <name>Position 3037</name>
            </trkpt>
            <trkpt lat="50.581536" lon="6.499441">
                <ele>443.0</ele>
                <name>Position 3038</name>
            </trkpt>
            <trkpt lat="50.58274" lon="6.501552">
                <ele>464.5</ele>
                <name>Position 3039</name>
            </trkpt>
            <trkpt lat="50.584834" lon="6.504717">
                <ele>488.0</ele>
                <name>Position 3040</name>
            </trkpt>
            <trkpt lat="50.585352" lon="6.5052">
                <ele>493.0</ele>
                <name>Position 3041</name>
            </trkpt>
            <trkpt lat="50.586533" lon="6.50617">
                <ele>503.0</ele>
                <name>Position 3042</name>
            </trkpt>
            <trkpt lat="50.586895" lon="6.50664">
                <ele>506.0</ele>
                <name>Position 3043</name>
            </trkpt>
            <trkpt lat="50.587247" lon="6.507326">
                <ele>507.0</ele>
                <name>Position 3044</name>
            </trkpt>
            <trkpt lat="50.587646" lon="6.508548">
                <ele>506.0</ele>
                <name>Position 3045</name>
            </trkpt>
            <trkpt lat="50.588501" lon="6.511678">
                <ele>496.0</ele>
                <name>Position 3046</name>
            </trkpt>
            <trkpt lat="50.589491" lon="6.515039">
                <ele>487.0</ele>
                <name>Position 3047</name>
            </trkpt>
            <trkpt lat="50.589709" lon="6.515496">
                <ele>484.5</ele>
                <name>Position 3048</name>
            </trkpt>
            <trkpt lat="50.589986" lon="6.51596">
                <ele>484.0</ele>
                <name>Position 3049</name>
            </trkpt>
            <trkpt lat="50.594937" lon="6.521136">
                <ele>484.0</ele>
                <name>Position 3050</name>
            </trkpt>
            <trkpt lat="50.595944" lon="6.522436">
                <ele>486.0</ele>
                <name>Position 3051</name>
            </trkpt>
            <trkpt lat="50.597328" lon="6.525358">
                <ele>472.5</ele>
                <name>Position 3052</name>
            </trkpt>
            <trkpt lat="50.605594" lon="6.542831">
                <ele>407.8</ele>
                <name>Position 3053</name>
            </trkpt>
            <trkpt lat="50.606457" lon="6.544663">
                <ele>398.0</ele>
                <name>Position 3054</name>
            </trkpt>
            <trkpt lat="50.607541" lon="6.546906">
                <ele>390.0</ele>
                <name>Position 3055</name>
            </trkpt>
            <trkpt lat="50.607866" lon="6.547179">
                <ele>390.0</ele>
                <name>Position 3056</name>
            </trkpt>
            <trkpt lat="50.608147" lon="6.547238">
                <ele>389.8</ele>
                <name>Position 3057</name>
            </trkpt>
            <trkpt lat="50.608427" lon="6.547189">
                <ele>390.0</ele>
                <name>Position 3058</name>
            </trkpt>
            <trkpt lat="50.608813" lon="6.546714">
                <ele>391.0</ele>
                <name>Position 3059</name>
            </trkpt>
            <trkpt lat="50.609169" lon="6.546194">
                <ele>392.0</ele>
                <name>Position 3060</name>
            </trkpt>
            <trkpt lat="50.611578" lon="6.542935">
                <ele>376.0</ele>
                <name>Position 3061</name>
            </trkpt>
            <trkpt lat="50.612146" lon="6.542131">
                <ele>371.0</ele>
                <name>Position 3062</name>
            </trkpt>
            <trkpt lat="50.612321" lon="6.541819">
                <ele>369.5</ele>
                <name>Position 3063</name>
            </trkpt>
            <trkpt lat="50.612726" lon="6.540962">
                <ele>367.0</ele>
                <name>Position 3064</name>
            </trkpt>
            <trkpt lat="50.613984" lon="6.538333">
                <ele>358.0</ele>
                <name>Position 3065</name>
            </trkpt>
            <trkpt lat="50.614376" lon="6.537655">
                <ele>358.0</ele>
                <name>Position 3066</name>
            </trkpt>
            <trkpt lat="50.614896" lon="6.537259">
                <ele>357.8</ele>
                <name>Position 3067</name>
            </trkpt>
            <trkpt lat="50.615228" lon="6.537186">
                <ele>357.0</ele>
                <name>Position 3068</name>
            </trkpt>
            <trkpt lat="50.615563" lon="6.537243">
                <ele>356.3</ele>
                <name>Position 3069</name>
            </trkpt>
            <trkpt lat="50.615699" lon="6.537307">
                <ele>355.8</ele>
                <name>Position 3070</name>
            </trkpt>
            <trkpt lat="50.615924" lon="6.537487">
                <ele>355.3</ele>
                <name>Position 3071</name>
            </trkpt>
            <trkpt lat="50.616247" lon="6.537834">
                <ele>355.0</ele>
                <name>Position 3072</name>
            </trkpt>
            <trkpt lat="50.616654" lon="6.538564">
                <ele>354.0</ele>
                <name>Position 3073</name>
            </trkpt>
            <trkpt lat="50.617419" lon="6.539965">
                <ele>351.0</ele>
                <name>Position 3074</name>
            </trkpt>
            <trkpt lat="50.617926" lon="6.540819">
                <ele>350.5</ele>
                <name>Position 3075</name>
            </trkpt>
            <trkpt lat="50.618465" lon="6.541415">
                <ele>350.0</ele>
                <name>Position 3076</name>
            </trkpt>
            <trkpt lat="50.619443" lon="6.542409">
                <ele>348.0</ele>
                <name>Position 3077</name>
            </trkpt>
            <trkpt lat="50.620061" lon="6.543042">
                <ele>345.0</ele>
                <name>Position 3078</name>
            </trkpt>
            <trkpt lat="50.621154" lon="6.544025">
                <ele>341.0</ele>
                <name>Position 3079</name>
            </trkpt>
            <trkpt lat="50.621289" lon="6.544057">
                <ele>340.0</ele>
                <name>Position 3080</name>
            </trkpt>
            <trkpt lat="50.621567" lon="6.543946">
                <ele>339.0</ele>
                <name>Position 3081</name>
            </trkpt>
            <trkpt lat="50.621785" lon="6.543938">
                <ele>338.8</ele>
                <name>Position 3082</name>
            </trkpt>
            <trkpt lat="50.621973" lon="6.544066">
                <ele>338.3</ele>
                <name>Position 3083</name>
            </trkpt>
            <trkpt lat="50.622126" lon="6.544319">
                <ele>337.5</ele>
                <name>Position 3084</name>
            </trkpt>
            <trkpt lat="50.622282" lon="6.544729">
                <ele>336.8</ele>
                <name>Position 3085</name>
            </trkpt>
            <trkpt lat="50.62247" lon="6.545267">
                <ele>335.8</ele>
                <name>Position 3086</name>
            </trkpt>
            <trkpt lat="50.622662" lon="6.545767">
                <ele>336.0</ele>
                <name>Position 3087</name>
            </trkpt>
            <trkpt lat="50.622802" lon="6.546077">
                <ele>336.0</ele>
                <name>Position 3088</name>
            </trkpt>
            <trkpt lat="50.623182" lon="6.546733">
                <ele>334.5</ele>
                <name>Position 3089</name>
            </trkpt>
            <trkpt lat="50.624027" lon="6.547956">
                <ele>334.0</ele>
                <name>Position 3090</name>
            </trkpt>
            <trkpt lat="50.624305" lon="6.548122">
                <ele>334.0</ele>
                <name>Position 3091</name>
            </trkpt>
            <trkpt lat="50.624599" lon="6.548157">
                <ele>334.8</ele>
                <name>Position 3092</name>
            </trkpt>
            <trkpt lat="50.624873" lon="6.548007">
                <ele>337.0</ele>
                <name>Position 3093</name>
            </trkpt>
            <trkpt lat="50.625346" lon="6.547679">
                <ele>338.0</ele>
                <name>Position 3094</name>
            </trkpt>
            <trkpt lat="50.625571" lon="6.547607">
                <ele>337.0</ele>
                <name>Position 3095</name>
            </trkpt>
            <trkpt lat="50.626126" lon="6.547734">
                <ele>335.0</ele>
                <name>Position 3096</name>
            </trkpt>
            <trkpt lat="50.626311" lon="6.547718">
                <ele>334.0</ele>
                <name>Position 3097</name>
            </trkpt>
            <trkpt lat="50.627212" lon="6.547433">
                <ele>329.5</ele>
                <name>Position 3098</name>
            </trkpt>
            <trkpt lat="50.627942" lon="6.547029">
                <ele>326.3</ele>
                <name>Position 3099</name>
            </trkpt>
            <trkpt lat="50.628281" lon="6.546861">
                <ele>324.8</ele>
                <name>Position 3100</name>
            </trkpt>
            <trkpt lat="50.628635" lon="6.546801">
                <ele>323.5</ele>
                <name>Position 3101</name>
            </trkpt>
            <trkpt lat="50.629327" lon="6.546907">
                <ele>321.0</ele>
                <name>Position 3102</name>
            </trkpt>
            <trkpt lat="50.629802" lon="6.5469">
                <ele>319.0</ele>
                <name>Position 3103</name>
            </trkpt>
            <trkpt lat="50.630332" lon="6.546778">
                <ele>319.0</ele>
                <name>Position 3104</name>
            </trkpt>
            <trkpt lat="50.631162" lon="6.546548">
                <ele>318.0</ele>
                <name>Position 3105</name>
            </trkpt>
            <trkpt lat="50.631492" lon="6.5465">
                <ele>317.0</ele>
                <name>Position 3106</name>
            </trkpt>
            <trkpt lat="50.631942" lon="6.546516">
                <ele>314.5</ele>
                <name>Position 3107</name>
            </trkpt>
            <trkpt lat="50.632437" lon="6.546632">
                <ele>315.0</ele>
                <name>Position 3108</name>
            </trkpt>
            <trkpt lat="50.632874" lon="6.546787">
                <ele>313.0</ele>
                <name>Position 3109</name>
            </trkpt>
            <trkpt lat="50.633157" lon="6.546928">
                <ele>313.0</ele>
                <name>Position 3110</name>
            </trkpt>
            <trkpt lat="50.633669" lon="6.547184">
                <ele>313.0</ele>
                <name>Position 3111</name>
            </trkpt>
            <trkpt lat="50.634124" lon="6.547282">
                <ele>312.5</ele>
                <name>Position 3112</name>
            </trkpt>
            <trkpt lat="50.63449" lon="6.547249">
                <ele>314.0</ele>
                <name>Position 3113</name>
            </trkpt>
            <trkpt lat="50.634843" lon="6.547183">
                <ele>315.0</ele>
                <name>Position 3114</name>
            </trkpt>
            <trkpt lat="50.634843" lon="6.547183">
                <ele>315.0</ele>
                <name>Position 3115</name>
            </trkpt>
            <trkpt lat="50.635398" lon="6.547087">
                <ele>318.0</ele>
                <name>Position 3116</name>
            </trkpt>
            <trkpt lat="50.636251" lon="6.546928">
                <ele>320.5</ele>
                <name>Position 3117</name>
            </trkpt>
            <trkpt lat="50.636708" lon="6.546839">
                <ele>323.0</ele>
                <name>Position 3118</name>
            </trkpt>
            <trkpt lat="50.637375" lon="6.546612">
                <ele>322.0</ele>
                <name>Position 3119</name>
            </trkpt>
            <trkpt lat="50.637817" lon="6.546408">
                <ele>319.8</ele>
                <name>Position 3120</name>
            </trkpt>
            <trkpt lat="50.638394" lon="6.546139">
                <ele>318.0</ele>
                <name>Position 3121</name>
            </trkpt>
            <trkpt lat="50.639072" lon="6.545751">
                <ele>314.0</ele>
                <name>Position 3122</name>
            </trkpt>
            <trkpt lat="50.639599" lon="6.545422">
                <ele>312.0</ele>
                <name>Position 3123</name>
            </trkpt>
            <trkpt lat="50.640039" lon="6.545151">
                <ele>309.0</ele>
                <name>Position 3124</name>
            </trkpt>
            <trkpt lat="50.640761" lon="6.544704">
                <ele>302.0</ele>
                <name>Position 3125</name>
            </trkpt>
            <trkpt lat="50.641474" lon="6.544262">
                <ele>300.0</ele>
                <name>Position 3126</name>
            </trkpt>
            <trkpt lat="50.641816" lon="6.54404">
                <ele>298.0</ele>
                <name>Position 3127</name>
            </trkpt>
            <trkpt lat="50.642266" lon="6.543702">
                <ele>296.0</ele>
                <name>Position 3128</name>
            </trkpt>
            <trkpt lat="50.643102" lon="6.542094">
                <ele>297.5</ele>
                <name>Position 3129</name>
            </trkpt>
            <trkpt lat="50.642675" lon="6.541703">
                <ele>298.8</ele>
                <name>Position 3130</name>
            </trkpt>
            <trkpt lat="50.642227" lon="6.540906">
                <ele>305.0</ele>
                <name>Position 3131</name>
            </trkpt>
            <trkpt lat="50.642024" lon="6.540396">
                <ele>307.0</ele>
                <name>Position 3132</name>
            </trkpt>
            <trkpt lat="50.642027" lon="6.5402">
                <ele>307.5</ele>
                <name>Position 3133</name>
            </trkpt>
            <trkpt lat="50.642129" lon="6.540113">
                <ele>310.0</ele>
                <name>Position 3134</name>
            </trkpt>
            <trkpt lat="50.64239" lon="6.540275">
                <ele>311.0</ele>
                <name>Position 3135</name>
            </trkpt>
            <trkpt lat="50.642521" lon="6.540329">
                <ele>311.0</ele>
                <name>Position 3136</name>
            </trkpt>
            <trkpt lat="50.642674" lon="6.54031">
                <ele>311.0</ele>
                <name>Position 3137</name>
            </trkpt>
            <trkpt lat="50.642766" lon="6.540221">
                <ele>311.0</ele>
                <name>Position 3138</name>
            </trkpt>
            <trkpt lat="50.642809" lon="6.540086">
                <ele>310.5</ele>
                <name>Position 3139</name>
            </trkpt>
            <trkpt lat="50.642808" lon="6.539946">
                <ele>312.0</ele>
                <name>Position 3140</name>
            </trkpt>
            <trkpt lat="50.64276" lon="6.5398">
                <ele>312.5</ele>
                <name>Position 3141</name>
            </trkpt>
            <trkpt lat="50.642583" lon="6.539487">
                <ele>315.0</ele>
                <name>Position 3142</name>
            </trkpt>
            <trkpt lat="50.642551" lon="6.53931">
                <ele>316.0</ele>
                <name>Position 3143</name>
            </trkpt>
            <trkpt lat="50.642552" lon="6.539138">
                <ele>316.8</ele>
                <name>Position 3144</name>
            </trkpt>
            <trkpt lat="50.642642" lon="6.538871">
                <ele>318.0</ele>
                <name>Position 3145</name>
            </trkpt>
            <trkpt lat="50.642998" lon="6.538403">
                <ele>319.8</ele>
                <name>Position 3146</name>
            </trkpt>
            <trkpt lat="50.643233" lon="6.538069">
                <ele>321.5</ele>
                <name>Position 3147</name>
            </trkpt>
            <trkpt lat="50.64327" lon="6.537922">
                <ele>322.5</ele>
                <name>Position 3148</name>
            </trkpt>
            <trkpt lat="50.643272" lon="6.537772">
                <ele>324.0</ele>
                <name>Position 3149</name>
            </trkpt>
            <trkpt lat="50.643223" lon="6.537605">
                <ele>324.5</ele>
                <name>Position 3150</name>
            </trkpt>
            <trkpt lat="50.643149" lon="6.537499">
                <ele>326.0</ele>
                <name>Position 3151</name>
            </trkpt>
            <trkpt lat="50.643015" lon="6.537395">
                <ele>327.0</ele>
                <name>Position 3152</name>
            </trkpt>
            <trkpt lat="50.642338" lon="6.537009">
                <ele>330.0</ele>
                <name>Position 3153</name>
            </trkpt>
            <trkpt lat="50.642084" lon="6.536605">
                <ele>331.0</ele>
                <name>Position 3154</name>
            </trkpt>
            <trkpt lat="50.641972" lon="6.536085">
                <ele>333.0</ele>
                <name>Position 3155</name>
            </trkpt>
            <trkpt lat="50.641999" lon="6.535554">
                <ele>336.0</ele>
                <name>Position 3156</name>
            </trkpt>
            <trkpt lat="50.64207" lon="6.534995">
                <ele>337.8</ele>
                <name>Position 3157</name>
            </trkpt>
            <trkpt lat="50.642064" lon="6.534735">
                <ele>338.5</ele>
                <name>Position 3158</name>
            </trkpt>
            <trkpt lat="50.642026" lon="6.534516">
                <ele>340.0</ele>
                <name>Position 3159</name>
            </trkpt>
            <trkpt lat="50.641111" lon="6.53155">
                <ele>348.0</ele>
                <name>Position 3160</name>
            </trkpt>
            <trkpt lat="50.640966" lon="6.530971">
                <ele>348.5</ele>
                <name>Position 3161</name>
            </trkpt>
            <trkpt lat="50.640412" lon="6.527196">
                <ele>354.5</ele>
                <name>Position 3162</name>
            </trkpt>
            <trkpt lat="50.639766" lon="6.523435">
                <ele>344.0</ele>
                <name>Position 3163</name>
            </trkpt>
            <trkpt lat="50.639417" lon="6.521237">
                <ele>335.0</ele>
                <name>Position 3164</name>
            </trkpt>
            <trkpt lat="50.639013" lon="6.518388">
                <ele>325.8</ele>
                <name>Position 3165</name>
            </trkpt>
            <trkpt lat="50.638822" lon="6.51571">
                <ele>320.0</ele>
                <name>Position 3166</name>
            </trkpt>
            <trkpt lat="50.638691" lon="6.514691">
                <ele>316.5</ele>
                <name>Position 3167</name>
            </trkpt>
            <trkpt lat="50.638432" lon="6.513138">
                <ele>311.0</ele>
                <name>Position 3168</name>
            </trkpt>
            <trkpt lat="50.6384" lon="6.512736">
                <ele>308.5</ele>
                <name>Position 3169</name>
            </trkpt>
            <trkpt lat="50.638398" lon="6.511471">
                <ele>305.8</ele>
                <name>Position 3170</name>
            </trkpt>
            <trkpt lat="50.638363" lon="6.51125">
                <ele>305.3</ele>
                <name>Position 3171</name>
            </trkpt>
            <trkpt lat="50.638102" lon="6.510525">
                <ele>305.3</ele>
                <name>Position 3172</name>
            </trkpt>
            <trkpt lat="50.637953" lon="6.509998">
                <ele>306.0</ele>
                <name>Position 3173</name>
            </trkpt>
            <trkpt lat="50.63767" lon="6.508271">
                <ele>302.5</ele>
                <name>Position 3174</name>
            </trkpt>
            <trkpt lat="50.637527" lon="6.507693">
                <ele>300.5</ele>
                <name>Position 3175</name>
            </trkpt>
            <trkpt lat="50.637246" lon="6.506984">
                <ele>300.5</ele>
                <name>Position 3176</name>
            </trkpt>
            <trkpt lat="50.636785" lon="6.505904">
                <ele>300.0</ele>
                <name>Position 3177</name>
            </trkpt>
            <trkpt lat="50.636711" lon="6.505664">
                <ele>299.0</ele>
                <name>Position 3178</name>
            </trkpt>
            <trkpt lat="50.63667" lon="6.50554">
                <ele>297.5</ele>
                <name>Position 3179</name>
            </trkpt>
            <trkpt lat="50.636513" lon="6.505055">
                <ele>298.5</ele>
                <name>Position 3180</name>
            </trkpt>
            <trkpt lat="50.635842" lon="6.503545">
                <ele>300.0</ele>
                <name>Position 3181</name>
            </trkpt>
            <trkpt lat="50.635674" lon="6.503009">
                <ele>300.8</ele>
                <name>Position 3182</name>
            </trkpt>
            <trkpt lat="50.635436" lon="6.50185">
                <ele>297.8</ele>
                <name>Position 3183</name>
            </trkpt>
            <trkpt lat="50.63519" lon="6.500964">
                <ele>294.0</ele>
                <name>Position 3184</name>
            </trkpt>
            <trkpt lat="50.63473" lon="6.499576">
                <ele>291.5</ele>
                <name>Position 3185</name>
            </trkpt>
            <trkpt lat="50.634593" lon="6.499093">
                <ele>292.0</ele>
                <name>Position 3186</name>
            </trkpt>
            <trkpt lat="50.634449" lon="6.49806">
                <ele>286.5</ele>
                <name>Position 3187</name>
            </trkpt>
            <trkpt lat="50.634317" lon="6.497479">
                <ele>281.0</ele>
                <name>Position 3188</name>
            </trkpt>
            <trkpt lat="50.633995" lon="6.496692">
                <ele>277.3</ele>
                <name>Position 3189</name>
            </trkpt>
            <trkpt lat="50.633239" lon="6.495006">
                <ele>267.5</ele>
                <name>Position 3190</name>
            </trkpt>
            <trkpt lat="50.633009" lon="6.494417">
                <ele>268.0</ele>
                <name>Position 3191</name>
            </trkpt>
            <trkpt lat="50.632649" lon="6.493316">
                <ele>263.0</ele>
                <name>Position 3192</name>
            </trkpt>
            <trkpt lat="50.63194" lon="6.491204">
                <ele>262.0</ele>
                <name>Position 3193</name>
            </trkpt>
            <trkpt lat="50.631728" lon="6.490461">
                <ele>253.0</ele>
                <name>Position 3194</name>
            </trkpt>
            <trkpt lat="50.631674" lon="6.49015">
                <ele>250.3</ele>
                <name>Position 3195</name>
            </trkpt>
            <trkpt lat="50.63165" lon="6.489679">
                <ele>247.8</ele>
                <name>Position 3196</name>
            </trkpt>
            <trkpt lat="50.631635" lon="6.488834">
                <ele>243.5</ele>
                <name>Position 3197</name>
            </trkpt>
            <trkpt lat="50.631622" lon="6.488115">
                <ele>240.0</ele>
                <name>Position 3198</name>
            </trkpt>
            <trkpt lat="50.631635" lon="6.487726">
                <ele>238.0</ele>
                <name>Position 3199</name>
            </trkpt>
            <trkpt lat="50.631795" lon="6.487493">
                <ele>238.0</ele>
                <name>Position 3200</name>
            </trkpt>
            <trkpt lat="50.632192" lon="6.487122">
                <ele>239.0</ele>
                <name>Position 3201</name>
            </trkpt>
            <trkpt lat="50.632386" lon="6.486815">
                <ele>236.0</ele>
                <name>Position 3202</name>
            </trkpt>
            <trkpt lat="50.632755" lon="6.486117">
                <ele>240.0</ele>
                <name>Position 3203</name>
            </trkpt>
            <trkpt lat="50.632813" lon="6.485801">
                <ele>240.0</ele>
                <name>Position 3204</name>
            </trkpt>
            <trkpt lat="50.632901" lon="6.485021">
                <ele>241.0</ele>
                <name>Position 3205</name>
            </trkpt>
            <trkpt lat="50.632813" lon="6.484398">
                <ele>237.0</ele>
                <name>Position 3206</name>
            </trkpt>
            <trkpt lat="50.632781" lon="6.484049">
                <ele>234.8</ele>
                <name>Position 3207</name>
            </trkpt>
            <trkpt lat="50.632774" lon="6.483421">
                <ele>234.0</ele>
                <name>Position 3208</name>
            </trkpt>
            <trkpt lat="50.632846" lon="6.482816">
                <ele>233.0</ele>
                <name>Position 3209</name>
            </trkpt>
            <trkpt lat="50.63292" lon="6.482347">
                <ele>231.0</ele>
                <name>Position 3210</name>
            </trkpt>
        </trkseg>
    </trk>
</gpx>
