<?xml version="1.0" encoding="UTF-8" standalone="yes"?>
<gpx xmlns:gpxtpx1="http://www.garmin.com/xmlschemas/TrackPointExtension/v1" xmlns="http://www.topografix.com/GPX/1/1" xmlns:trp="http://www.garmin.com/xmlschemas/TripExtensions/v1" xmlns:gpxx="http://www.garmin.com/xmlschemas/GpxExtensions/v3" xmlns:gpxtpx="http://www.garmin.com/xmlschemas/TrackPointExtension/v2" version="1.1" creator="RouteConverter 2.27.2">
    <trk>
        <name>ADAC Track Tourenkarte Eifel2 Ahrgebirge</name>
        <trkseg>
            <trkpt lat="50.5608003" lon="6.766176">
                <name>ADAC Track Tourenkarte Eifel2 Ahrgebirge - Schleidtalstraße, 53902 Bad Münstereifel, Deutschland</name>
            </trkpt>
            <trkpt lat="50.560825" lon="6.766242">
                <ele>278.0</ele>
                <name>Position 2</name>
            </trkpt>
            <trkpt lat="50.561152" lon="6.766421">
                <ele>277.8</ele>
                <name>Position 3</name>
            </trkpt>
            <trkpt lat="50.561502" lon="6.766545">
                <ele>277.8</ele>
                <name>Position 4</name>
            </trkpt>
            <trkpt lat="50.561612" lon="6.76664">
                <ele>277.8</ele>
                <name>Position 5</name>
            </trkpt>
            <trkpt lat="50.561638" lon="6.766751">
                <ele>279.0</ele>
                <name>Position 6</name>
            </trkpt>
            <trkpt lat="50.561631" lon="6.766887">
                <ele>278.8</ele>
                <name>Position 7</name>
            </trkpt>
            <trkpt lat="50.561385" lon="6.767651">
                <ele>283.0</ele>
                <name>Position 8</name>
            </trkpt>
            <trkpt lat="50.561008" lon="6.768461">
                <ele>282.8</ele>
                <name>Position 9</name>
            </trkpt>
            <trkpt lat="50.560525" lon="6.769504">
                <ele>286.8</ele>
                <name>Position 10</name>
            </trkpt>
            <trkpt lat="50.560377" lon="6.770186">
                <ele>287.5</ele>
                <name>Position 11</name>
            </trkpt>
            <trkpt lat="50.560324" lon="6.770721">
                <ele>287.8</ele>
                <name>Position 12</name>
            </trkpt>
            <trkpt lat="50.560295" lon="6.772014">
                <ele>289.8</ele>
                <name>Position 13</name>
            </trkpt>
            <trkpt lat="50.560243" lon="6.77376">
                <ele>297.0</ele>
                <name>Position 14</name>
            </trkpt>
            <trkpt lat="50.560221" lon="6.774249">
                <ele>297.0</ele>
                <name>Position 15</name>
            </trkpt>
            <trkpt lat="50.560212" lon="6.775175">
                <ele>296.8</ele>
                <name>Position 16</name>
            </trkpt>
            <trkpt lat="50.560404" lon="6.777194">
                <ele>304.8</ele>
                <name>Position 17</name>
            </trkpt>
            <trkpt lat="50.560473" lon="6.778396">
                <ele>308.0</ele>
                <name>Position 18</name>
            </trkpt>
            <trkpt lat="50.560449" lon="6.77907">
                <ele>309.0</ele>
                <name>Position 19</name>
            </trkpt>
            <trkpt lat="50.560227" lon="6.780006">
                <ele>312.0</ele>
                <name>Position 20</name>
            </trkpt>
            <trkpt lat="50.560113" lon="6.780492">
                <ele>314.0</ele>
                <name>Position 21</name>
            </trkpt>
            <trkpt lat="50.559538" lon="6.78262">
                <ele>329.5</ele>
                <name>Position 22</name>
            </trkpt>
            <trkpt lat="50.559164" lon="6.78436">
                <ele>333.0</ele>
                <name>Position 23</name>
            </trkpt>
            <trkpt lat="50.558989" lon="6.785517">
                <ele>337.0</ele>
                <name>Position 24</name>
            </trkpt>
            <trkpt lat="50.558986" lon="6.786652">
                <ele>338.0</ele>
                <name>Position 25</name>
            </trkpt>
            <trkpt lat="50.559237" lon="6.789122">
                <ele>339.0</ele>
                <name>Position 26</name>
            </trkpt>
            <trkpt lat="50.559224" lon="6.789885">
                <ele>343.0</ele>
                <name>Position 27</name>
            </trkpt>
            <trkpt lat="50.558927" lon="6.790646">
                <ele>346.5</ele>
                <name>Position 28</name>
            </trkpt>
            <trkpt lat="50.558396" lon="6.791828">
                <ele>351.5</ele>
                <name>Position 29</name>
            </trkpt>
            <trkpt lat="50.558226" lon="6.793319">
                <ele>351.0</ele>
                <name>Position 30</name>
            </trkpt>
            <trkpt lat="50.558274" lon="6.794345">
                <ele>347.0</ele>
                <name>Position 31</name>
            </trkpt>
            <trkpt lat="50.55817" lon="6.794725">
                <ele>349.8</ele>
                <name>Position 32</name>
            </trkpt>
            <trkpt lat="50.557828" lon="6.795322">
                <ele>356.0</ele>
                <name>Position 33</name>
            </trkpt>
            <trkpt lat="50.557522" lon="6.795783">
                <ele>356.0</ele>
                <name>Position 34</name>
            </trkpt>
            <trkpt lat="50.5571" lon="6.796468">
                <ele>365.0</ele>
                <name>Position 35</name>
            </trkpt>
            <trkpt lat="50.556693" lon="6.797678">
                <ele>370.0</ele>
                <name>Position 36</name>
            </trkpt>
            <trkpt lat="50.556342" lon="6.798532">
                <ele>375.0</ele>
                <name>Position 37</name>
            </trkpt>
            <trkpt lat="50.555785" lon="6.799001">
                <ele>375.0</ele>
                <name>Position 38</name>
            </trkpt>
            <trkpt lat="50.555419" lon="6.799137">
                <ele>376.0</ele>
                <name>Position 39</name>
            </trkpt>
            <trkpt lat="50.554983" lon="6.79922">
                <ele>376.0</ele>
                <name>Position 40</name>
            </trkpt>
            <trkpt lat="50.554613" lon="6.799186">
                <ele>378.0</ele>
                <name>Position 41</name>
            </trkpt>
            <trkpt lat="50.553807" lon="6.798852">
                <ele>385.0</ele>
                <name>Position 42</name>
            </trkpt>
            <trkpt lat="50.553238" lon="6.798779">
                <ele>390.0</ele>
                <name>Position 43</name>
            </trkpt>
            <trkpt lat="50.552462" lon="6.798819">
                <ele>389.0</ele>
                <name>Position 44</name>
            </trkpt>
            <trkpt lat="50.552083" lon="6.798899">
                <ele>389.0</ele>
                <name>Position 45</name>
            </trkpt>
            <trkpt lat="50.551854" lon="6.799082">
                <ele>389.0</ele>
                <name>Position 46</name>
            </trkpt>
            <trkpt lat="50.551476" lon="6.79967">
                <ele>394.0</ele>
                <name>Position 47</name>
            </trkpt>
            <trkpt lat="50.550379" lon="6.801969">
                <ele>402.5</ele>
                <name>Position 48</name>
            </trkpt>
            <trkpt lat="50.550302" lon="6.802331">
                <ele>405.0</ele>
                <name>Position 49</name>
            </trkpt>
            <trkpt lat="50.550306" lon="6.802749">
                <ele>407.0</ele>
                <name>Position 50</name>
            </trkpt>
            <trkpt lat="50.550383" lon="6.803134">
                <ele>408.0</ele>
                <name>Position 51</name>
            </trkpt>
            <trkpt lat="50.550351" lon="6.803549">
                <ele>409.3</ele>
                <name>Position 52</name>
            </trkpt>
            <trkpt lat="50.550176" lon="6.803905">
                <ele>408.0</ele>
                <name>Position 53</name>
            </trkpt>
            <trkpt lat="50.549877" lon="6.804198">
                <ele>408.0</ele>
                <name>Position 54</name>
            </trkpt>
            <trkpt lat="50.549371" lon="6.804375">
                <ele>412.0</ele>
                <name>Position 55</name>
            </trkpt>
            <trkpt lat="50.548974" lon="6.804759">
                <ele>416.3</ele>
                <name>Position 56</name>
            </trkpt>
            <trkpt lat="50.548664" lon="6.805348">
                <ele>418.3</ele>
                <name>Position 57</name>
            </trkpt>
            <trkpt lat="50.547419" lon="6.808382">
                <ele>427.0</ele>
                <name>Position 58</name>
            </trkpt>
            <trkpt lat="50.547018" lon="6.809957">
                <ele>434.0</ele>
                <name>Position 59</name>
            </trkpt>
            <trkpt lat="50.546733" lon="6.810377">
                <ele>437.5</ele>
                <name>Position 60</name>
            </trkpt>
            <trkpt lat="50.546481" lon="6.810474">
                <ele>438.8</ele>
                <name>Position 61</name>
            </trkpt>
            <trkpt lat="50.546358" lon="6.810597">
                <ele>439.8</ele>
                <name>Position 62</name>
            </trkpt>
            <trkpt lat="50.546336" lon="6.810751">
                <ele>440.5</ele>
                <name>Position 63</name>
            </trkpt>
            <trkpt lat="50.546435" lon="6.81089">
                <ele>442.0</ele>
                <name>Position 64</name>
            </trkpt>
            <trkpt lat="50.546666" lon="6.810787">
                <ele>440.5</ele>
                <name>Position 65</name>
            </trkpt>
            <trkpt lat="50.547095" lon="6.810514">
                <ele>438.5</ele>
                <name>Position 66</name>
            </trkpt>
            <trkpt lat="50.54728" lon="6.81048">
                <ele>438.3</ele>
                <name>Position 67</name>
            </trkpt>
            <trkpt lat="50.547442" lon="6.810613">
                <ele>439.5</ele>
                <name>Position 68</name>
            </trkpt>
            <trkpt lat="50.547726" lon="6.811138">
                <ele>445.5</ele>
                <name>Position 69</name>
            </trkpt>
            <trkpt lat="50.548189" lon="6.812026">
                <ele>449.5</ele>
                <name>Position 70</name>
            </trkpt>
            <trkpt lat="50.548403" lon="6.812901">
                <ele>455.5</ele>
                <name>Position 71</name>
            </trkpt>
            <trkpt lat="50.548636" lon="6.813787">
                <ele>459.0</ele>
                <name>Position 72</name>
            </trkpt>
            <trkpt lat="50.548765" lon="6.814048">
                <ele>459.0</ele>
                <name>Position 73</name>
            </trkpt>
            <trkpt lat="50.549089" lon="6.814421">
                <ele>458.5</ele>
                <name>Position 74</name>
            </trkpt>
            <trkpt lat="50.549221" lon="6.814564">
                <ele>458.5</ele>
                <name>Position 75</name>
            </trkpt>
            <trkpt lat="50.549299" lon="6.814705">
                <ele>458.8</ele>
                <name>Position 76</name>
            </trkpt>
            <trkpt lat="50.549324" lon="6.814731">
                <ele>460.0</ele>
                <name>Position 77</name>
            </trkpt>
            <trkpt lat="50.549363" lon="6.814746">
                <ele>460.0</ele>
                <name>Position 78</name>
            </trkpt>
            <trkpt lat="50.549426" lon="6.8148">
                <ele>460.0</ele>
                <name>Position 79</name>
            </trkpt>
            <trkpt lat="50.549538" lon="6.814933">
                <ele>460.0</ele>
                <name>Position 80</name>
            </trkpt>
            <trkpt lat="50.549781" lon="6.815517">
                <ele>460.0</ele>
                <name>Position 81</name>
            </trkpt>
            <trkpt lat="50.55007" lon="6.816371">
                <ele>459.5</ele>
                <name>Position 82</name>
            </trkpt>
            <trkpt lat="50.550129" lon="6.817501">
                <ele>460.0</ele>
                <name>Position 83</name>
            </trkpt>
            <trkpt lat="50.55011" lon="6.820132">
                <ele>460.3</ele>
                <name>Position 84</name>
            </trkpt>
            <trkpt lat="50.550079" lon="6.821964">
                <ele>458.0</ele>
                <name>Position 85</name>
            </trkpt>
            <trkpt lat="50.550128" lon="6.823054">
                <ele>453.5</ele>
                <name>Position 86</name>
            </trkpt>
            <trkpt lat="50.550221" lon="6.823551">
                <ele>453.0</ele>
                <name>Position 87</name>
            </trkpt>
            <trkpt lat="50.550809" lon="6.826616">
                <ele>444.0</ele>
                <name>Position 88</name>
            </trkpt>
            <trkpt lat="50.551547" lon="6.829671">
                <ele>433.0</ele>
                <name>Position 89</name>
            </trkpt>
            <trkpt lat="50.552447" lon="6.833446">
                <ele>430.0</ele>
                <name>Position 90</name>
            </trkpt>
            <trkpt lat="50.552654" lon="6.834255">
                <ele>429.8</ele>
                <name>Position 91</name>
            </trkpt>
            <trkpt lat="50.552709" lon="6.834593">
                <ele>430.5</ele>
                <name>Position 92</name>
            </trkpt>
            <trkpt lat="50.552794" lon="6.837516">
                <ele>425.0</ele>
                <name>Position 93</name>
            </trkpt>
            <trkpt lat="50.552895" lon="6.841688">
                <ele>431.0</ele>
                <name>Position 94</name>
            </trkpt>
            <trkpt lat="50.552962" lon="6.84391">
                <ele>425.8</ele>
                <name>Position 95</name>
            </trkpt>
            <trkpt lat="50.553382" lon="6.846598">
                <ele>423.0</ele>
                <name>Position 96</name>
            </trkpt>
            <trkpt lat="50.553824" lon="6.849603">
                <ele>414.8</ele>
                <name>Position 97</name>
            </trkpt>
            <trkpt lat="50.553925" lon="6.850856">
                <ele>418.0</ele>
                <name>Position 98</name>
            </trkpt>
            <trkpt lat="50.553007" lon="6.852801">
                <ele>406.0</ele>
                <name>Position 99</name>
            </trkpt>
            <trkpt lat="50.551715" lon="6.855434">
                <ele>405.0</ele>
                <name>Position 100</name>
            </trkpt>
            <trkpt lat="50.551463" lon="6.855978">
                <ele>406.0</ele>
                <name>Position 101</name>
            </trkpt>
            <trkpt lat="50.55102" lon="6.857302">
                <ele>404.8</ele>
                <name>Position 102</name>
            </trkpt>
            <trkpt lat="50.55081" lon="6.857987">
                <ele>405.0</ele>
                <name>Position 103</name>
            </trkpt>
            <trkpt lat="50.551173" lon="6.860371">
                <ele>400.8</ele>
                <name>Position 104</name>
            </trkpt>
            <trkpt lat="50.552194" lon="6.866343">
                <ele>387.0</ele>
                <name>Position 105</name>
            </trkpt>
            <trkpt lat="50.553333" lon="6.872736">
                <ele>373.0</ele>
                <name>Position 106</name>
            </trkpt>
            <trkpt lat="50.553908" lon="6.876016">
                <ele>367.5</ele>
                <name>Position 107</name>
            </trkpt>
            <trkpt lat="50.554247" lon="6.878017">
                <ele>364.0</ele>
                <name>Position 108</name>
            </trkpt>
            <trkpt lat="50.554522" lon="6.879592">
                <ele>360.0</ele>
                <name>Position 109</name>
            </trkpt>
            <trkpt lat="50.555336" lon="6.884125">
                <ele>364.0</ele>
                <name>Position 110</name>
            </trkpt>
            <trkpt lat="50.555544" lon="6.884713">
                <ele>361.0</ele>
                <name>Position 111</name>
            </trkpt>
            <trkpt lat="50.555772" lon="6.884999">
                <ele>359.0</ele>
                <name>Position 112</name>
            </trkpt>
            <trkpt lat="50.55601" lon="6.885232">
                <ele>358.0</ele>
                <name>Position 113</name>
            </trkpt>
            <trkpt lat="50.556158" lon="6.885609">
                <ele>357.0</ele>
                <name>Position 114</name>
            </trkpt>
            <trkpt lat="50.556185" lon="6.886033">
                <ele>358.0</ele>
                <name>Position 115</name>
            </trkpt>
            <trkpt lat="50.55609" lon="6.888675">
                <ele>369.0</ele>
                <name>Position 116</name>
            </trkpt>
            <trkpt lat="50.556251" lon="6.889601">
                <ele>369.0</ele>
                <name>Position 117</name>
            </trkpt>
            <trkpt lat="50.556448" lon="6.889871">
                <ele>368.0</ele>
                <name>Position 118</name>
            </trkpt>
            <trkpt lat="50.557272" lon="6.890357">
                <ele>370.8</ele>
                <name>Position 119</name>
            </trkpt>
            <trkpt lat="50.557451" lon="6.890675">
                <ele>371.0</ele>
                <name>Position 120</name>
            </trkpt>
            <trkpt lat="50.557743" lon="6.891566">
                <ele>369.5</ele>
                <name>Position 121</name>
            </trkpt>
            <trkpt lat="50.558159" lon="6.892806">
                <ele>373.0</ele>
                <name>Position 122</name>
            </trkpt>
            <trkpt lat="50.558451" lon="6.89315">
                <ele>375.0</ele>
                <name>Position 123</name>
            </trkpt>
            <trkpt lat="50.56014" lon="6.894199">
                <ele>385.0</ele>
                <name>Position 124</name>
            </trkpt>
            <trkpt lat="50.560396" lon="6.894574">
                <ele>386.5</ele>
                <name>Position 125</name>
            </trkpt>
            <trkpt lat="50.560475" lon="6.895097">
                <ele>386.5</ele>
                <name>Position 126</name>
            </trkpt>
            <trkpt lat="50.56052" lon="6.895903">
                <ele>385.5</ele>
                <name>Position 127</name>
            </trkpt>
            <trkpt lat="50.560627" lon="6.896915">
                <ele>386.0</ele>
                <name>Position 128</name>
            </trkpt>
            <trkpt lat="50.560954" lon="6.898168">
                <ele>384.0</ele>
                <name>Position 129</name>
            </trkpt>
            <trkpt lat="50.561039" lon="6.898747">
                <ele>382.0</ele>
                <name>Position 130</name>
            </trkpt>
            <trkpt lat="50.561184" lon="6.899984">
                <ele>380.0</ele>
                <name>Position 131</name>
            </trkpt>
            <trkpt lat="50.561485" lon="6.902554">
                <ele>377.0</ele>
                <name>Position 132</name>
            </trkpt>
            <trkpt lat="50.561515" lon="6.902708">
                <ele>376.0</ele>
                <name>Position 133</name>
            </trkpt>
            <trkpt lat="50.561334" lon="6.902637">
                <ele>374.5</ele>
                <name>Position 134</name>
            </trkpt>
            <trkpt lat="50.561111" lon="6.902819">
                <ele>372.8</ele>
                <name>Position 135</name>
            </trkpt>
            <trkpt lat="50.560819" lon="6.903268">
                <ele>371.0</ele>
                <name>Position 136</name>
            </trkpt>
            <trkpt lat="50.560602" lon="6.903551">
                <ele>371.0</ele>
                <name>Position 137</name>
            </trkpt>
            <trkpt lat="50.560395" lon="6.903557">
                <ele>371.0</ele>
                <name>Position 138</name>
            </trkpt>
            <trkpt lat="50.560125" lon="6.903369">
                <ele>371.0</ele>
                <name>Position 139</name>
            </trkpt>
            <trkpt lat="50.559769" lon="6.90311">
                <ele>369.5</ele>
                <name>Position 140</name>
            </trkpt>
            <trkpt lat="50.559239" lon="6.902689">
                <ele>368.8</ele>
                <name>Position 141</name>
            </trkpt>
            <trkpt lat="50.558796" lon="6.90221">
                <ele>369.0</ele>
                <name>Position 142</name>
            </trkpt>
            <trkpt lat="50.558474" lon="6.902116">
                <ele>367.5</ele>
                <name>Position 143</name>
            </trkpt>
            <trkpt lat="50.558253" lon="6.902005">
                <ele>368.0</ele>
                <name>Position 144</name>
            </trkpt>
            <trkpt lat="50.557824" lon="6.90171">
                <ele>368.0</ele>
                <name>Position 145</name>
            </trkpt>
            <trkpt lat="50.55771" lon="6.902076">
                <ele>367.0</ele>
                <name>Position 146</name>
            </trkpt>
            <trkpt lat="50.557522" lon="6.902672">
                <ele>364.3</ele>
                <name>Position 147</name>
            </trkpt>
            <trkpt lat="50.557497" lon="6.902844">
                <ele>363.8</ele>
                <name>Position 148</name>
            </trkpt>
            <trkpt lat="50.557522" lon="6.903042">
                <ele>364.0</ele>
                <name>Position 149</name>
            </trkpt>
            <trkpt lat="50.557629" lon="6.903445">
                <ele>364.0</ele>
                <name>Position 150</name>
            </trkpt>
            <trkpt lat="50.557771" lon="6.904531">
                <ele>361.0</ele>
                <name>Position 151</name>
            </trkpt>
            <trkpt lat="50.557944" lon="6.905814">
                <ele>357.5</ele>
                <name>Position 152</name>
            </trkpt>
            <trkpt lat="50.557961" lon="6.906286">
                <ele>356.5</ele>
                <name>Position 153</name>
            </trkpt>
            <trkpt lat="50.557912" lon="6.906891">
                <ele>355.0</ele>
                <name>Position 154</name>
            </trkpt>
            <trkpt lat="50.557918" lon="6.907369">
                <ele>354.0</ele>
                <name>Position 155</name>
            </trkpt>
            <trkpt lat="50.558175" lon="6.909068">
                <ele>352.5</ele>
                <name>Position 156</name>
            </trkpt>
            <trkpt lat="50.558324" lon="6.910014">
                <ele>351.0</ele>
                <name>Position 157</name>
            </trkpt>
            <trkpt lat="50.558394" lon="6.910568">
                <ele>351.0</ele>
                <name>Position 158</name>
            </trkpt>
            <trkpt lat="50.558388" lon="6.910932">
                <ele>351.0</ele>
                <name>Position 159</name>
            </trkpt>
            <trkpt lat="50.558307" lon="6.911309">
                <ele>351.0</ele>
                <name>Position 160</name>
            </trkpt>
            <trkpt lat="50.558307" lon="6.911309">
                <ele>351.0</ele>
                <name>Position 161</name>
            </trkpt>
            <trkpt lat="50.558255" lon="6.911466">
                <ele>352.0</ele>
                <name>Position 162</name>
            </trkpt>
            <trkpt lat="50.558109" lon="6.91174">
                <ele>353.0</ele>
                <name>Position 163</name>
            </trkpt>
            <trkpt lat="50.55787" lon="6.911984">
                <ele>353.8</ele>
                <name>Position 164</name>
            </trkpt>
            <trkpt lat="50.557578" lon="6.912125">
                <ele>355.5</ele>
                <name>Position 165</name>
            </trkpt>
            <trkpt lat="50.557027" lon="6.912264">
                <ele>358.0</ele>
                <name>Position 166</name>
            </trkpt>
            <trkpt lat="50.556519" lon="6.912373">
                <ele>361.0</ele>
                <name>Position 167</name>
            </trkpt>
            <trkpt lat="50.555851" lon="6.912462">
                <ele>364.0</ele>
                <name>Position 168</name>
            </trkpt>
            <trkpt lat="50.555275" lon="6.91249">
                <ele>369.0</ele>
                <name>Position 169</name>
            </trkpt>
            <trkpt lat="50.554617" lon="6.9125">
                <ele>371.0</ele>
                <name>Position 170</name>
            </trkpt>
            <trkpt lat="50.554069" lon="6.912299">
                <ele>372.0</ele>
                <name>Position 171</name>
            </trkpt>
            <trkpt lat="50.553981" lon="6.912359">
                <ele>372.0</ele>
                <name>Position 172</name>
            </trkpt>
            <trkpt lat="50.553975" lon="6.91271">
                <ele>372.0</ele>
                <name>Position 173</name>
            </trkpt>
            <trkpt lat="50.554027" lon="6.913341">
                <ele>371.8</ele>
                <name>Position 174</name>
            </trkpt>
            <trkpt lat="50.5541" lon="6.914096">
                <ele>372.8</ele>
                <name>Position 175</name>
            </trkpt>
            <trkpt lat="50.554142" lon="6.914726">
                <ele>374.3</ele>
                <name>Position 176</name>
            </trkpt>
            <trkpt lat="50.554115" lon="6.915064">
                <ele>375.0</ele>
                <name>Position 177</name>
            </trkpt>
            <trkpt lat="50.554073" lon="6.915253">
                <ele>375.0</ele>
                <name>Position 178</name>
            </trkpt>
            <trkpt lat="50.553848" lon="6.91587">
                <ele>377.8</ele>
                <name>Position 179</name>
            </trkpt>
            <trkpt lat="50.553737" lon="6.915972">
                <ele>378.5</ele>
                <name>Position 180</name>
            </trkpt>
            <trkpt lat="50.553547" lon="6.915999">
                <ele>380.0</ele>
                <name>Position 181</name>
            </trkpt>
            <trkpt lat="50.552299" lon="6.915887">
                <ele>384.5</ele>
                <name>Position 182</name>
            </trkpt>
            <trkpt lat="50.552158" lon="6.916025">
                <ele>386.5</ele>
                <name>Position 183</name>
            </trkpt>
            <trkpt lat="50.552295" lon="6.917578">
                <ele>390.5</ele>
                <name>Position 184</name>
            </trkpt>
            <trkpt lat="50.552261" lon="6.917769">
                <ele>392.0</ele>
                <name>Position 185</name>
            </trkpt>
            <trkpt lat="50.552106" lon="6.917991">
                <ele>392.5</ele>
                <name>Position 186</name>
            </trkpt>
            <trkpt lat="50.551969" lon="6.918121">
                <ele>394.0</ele>
                <name>Position 187</name>
            </trkpt>
            <trkpt lat="50.551928" lon="6.918248">
                <ele>393.5</ele>
                <name>Position 188</name>
            </trkpt>
            <trkpt lat="50.552291" lon="6.919131">
                <ele>396.0</ele>
                <name>Position 189</name>
            </trkpt>
            <trkpt lat="50.552386" lon="6.919482">
                <ele>397.0</ele>
                <name>Position 190</name>
            </trkpt>
            <trkpt lat="50.552333" lon="6.919862">
                <ele>397.0</ele>
                <name>Position 191</name>
            </trkpt>
            <trkpt lat="50.55219" lon="6.920641">
                <ele>397.0</ele>
                <name>Position 192</name>
            </trkpt>
            <trkpt lat="50.551923" lon="6.9222">
                <ele>392.0</ele>
                <name>Position 193</name>
            </trkpt>
            <trkpt lat="50.551739" lon="6.923272">
                <ele>390.5</ele>
                <name>Position 194</name>
            </trkpt>
            <trkpt lat="50.551704" lon="6.923409">
                <ele>391.0</ele>
                <name>Position 195</name>
            </trkpt>
            <trkpt lat="50.551579" lon="6.923813">
                <ele>391.0</ele>
                <name>Position 196</name>
            </trkpt>
            <trkpt lat="50.551421" lon="6.924354">
                <ele>391.0</ele>
                <name>Position 197</name>
            </trkpt>
            <trkpt lat="50.551173" lon="6.925474">
                <ele>391.0</ele>
                <name>Position 198</name>
            </trkpt>
            <trkpt lat="50.551012" lon="6.926568">
                <ele>390.5</ele>
                <name>Position 199</name>
            </trkpt>
            <trkpt lat="50.550959" lon="6.927067">
                <ele>390.8</ele>
                <name>Position 200</name>
            </trkpt>
            <trkpt lat="50.550984" lon="6.92735">
                <ele>392.0</ele>
                <name>Position 201</name>
            </trkpt>
            <trkpt lat="50.55113" lon="6.927879">
                <ele>391.0</ele>
                <name>Position 202</name>
            </trkpt>
            <trkpt lat="50.551461" lon="6.928752">
                <ele>389.0</ele>
                <name>Position 203</name>
            </trkpt>
            <trkpt lat="50.551546" lon="6.929245">
                <ele>388.0</ele>
                <name>Position 204</name>
            </trkpt>
            <trkpt lat="50.551518" lon="6.92968">
                <ele>386.5</ele>
                <name>Position 205</name>
            </trkpt>
            <trkpt lat="50.55139" lon="6.930137">
                <ele>387.0</ele>
                <name>Position 206</name>
            </trkpt>
            <trkpt lat="50.551173" lon="6.930619">
                <ele>386.0</ele>
                <name>Position 207</name>
            </trkpt>
            <trkpt lat="50.550715" lon="6.931109">
                <ele>383.5</ele>
                <name>Position 208</name>
            </trkpt>
            <trkpt lat="50.550533" lon="6.93136">
                <ele>382.0</ele>
                <name>Position 209</name>
            </trkpt>
            <trkpt lat="50.5504" lon="6.931441">
                <ele>382.0</ele>
                <name>Position 210</name>
            </trkpt>
            <trkpt lat="50.550301" lon="6.931455">
                <ele>381.0</ele>
                <name>Position 211</name>
            </trkpt>
            <trkpt lat="50.550076" lon="6.931332">
                <ele>382.0</ele>
                <name>Position 212</name>
            </trkpt>
            <trkpt lat="50.549766" lon="6.931226">
                <ele>383.0</ele>
                <name>Position 213</name>
            </trkpt>
            <trkpt lat="50.549365" lon="6.931205">
                <ele>384.0</ele>
                <name>Position 214</name>
            </trkpt>
            <trkpt lat="50.548977" lon="6.931062">
                <ele>386.0</ele>
                <name>Position 215</name>
            </trkpt>
            <trkpt lat="50.548524" lon="6.93076">
                <ele>390.0</ele>
                <name>Position 216</name>
            </trkpt>
            <trkpt lat="50.54803" lon="6.930619">
                <ele>392.0</ele>
                <name>Position 217</name>
            </trkpt>
            <trkpt lat="50.54744" lon="6.93047">
                <ele>393.8</ele>
                <name>Position 218</name>
            </trkpt>
            <trkpt lat="50.547175" lon="6.930336">
                <ele>394.8</ele>
                <name>Position 219</name>
            </trkpt>
            <trkpt lat="50.546689" lon="6.930071">
                <ele>398.0</ele>
                <name>Position 220</name>
            </trkpt>
            <trkpt lat="50.54638" lon="6.930014">
                <ele>397.5</ele>
                <name>Position 221</name>
            </trkpt>
            <trkpt lat="50.545274" lon="6.930584">
                <ele>393.0</ele>
                <name>Position 222</name>
            </trkpt>
            <trkpt lat="50.543661" lon="6.931764">
                <ele>390.0</ele>
                <name>Position 223</name>
            </trkpt>
            <trkpt lat="50.543305" lon="6.932058">
                <ele>392.0</ele>
                <name>Position 224</name>
            </trkpt>
            <trkpt lat="50.542612" lon="6.932464">
                <ele>391.8</ele>
                <name>Position 225</name>
            </trkpt>
            <trkpt lat="50.541468" lon="6.933114">
                <ele>395.5</ele>
                <name>Position 226</name>
            </trkpt>
            <trkpt lat="50.541144" lon="6.933465">
                <ele>399.0</ele>
                <name>Position 227</name>
            </trkpt>
            <trkpt lat="50.540796" lon="6.93449">
                <ele>403.0</ele>
                <name>Position 228</name>
            </trkpt>
            <trkpt lat="50.540647" lon="6.93607">
                <ele>407.0</ele>
                <name>Position 229</name>
            </trkpt>
            <trkpt lat="50.540369" lon="6.937694">
                <ele>415.0</ele>
                <name>Position 230</name>
            </trkpt>
            <trkpt lat="50.54029" lon="6.93791">
                <ele>416.0</ele>
                <name>Position 231</name>
            </trkpt>
            <trkpt lat="50.539205" lon="6.938191">
                <ele>425.0</ele>
                <name>Position 232</name>
            </trkpt>
            <trkpt lat="50.538227" lon="6.938152">
                <ele>419.0</ele>
                <name>Position 233</name>
            </trkpt>
            <trkpt lat="50.537405" lon="6.937648">
                <ele>418.0</ele>
                <name>Position 234</name>
            </trkpt>
            <trkpt lat="50.536563" lon="6.937479">
                <ele>421.0</ele>
                <name>Position 235</name>
            </trkpt>
            <trkpt lat="50.535358" lon="6.935413">
                <ele>415.5</ele>
                <name>Position 236</name>
            </trkpt>
            <trkpt lat="50.535015" lon="6.934826">
                <ele>413.0</ele>
                <name>Position 237</name>
            </trkpt>
            <trkpt lat="50.534213" lon="6.933332">
                <ele>407.0</ele>
                <name>Position 238</name>
            </trkpt>
            <trkpt lat="50.534054" lon="6.933081">
                <ele>404.8</ele>
                <name>Position 239</name>
            </trkpt>
            <trkpt lat="50.534055" lon="6.933081">
                <ele>404.8</ele>
                <name>Position 240</name>
            </trkpt>
            <trkpt lat="50.533821" lon="6.932814">
                <ele>403.8</ele>
                <name>Position 241</name>
            </trkpt>
            <trkpt lat="50.533377" lon="6.93247">
                <ele>404.0</ele>
                <name>Position 242</name>
            </trkpt>
            <trkpt lat="50.532892" lon="6.93224">
                <ele>403.3</ele>
                <name>Position 243</name>
            </trkpt>
            <trkpt lat="50.532579" lon="6.931922">
                <ele>403.5</ele>
                <name>Position 244</name>
            </trkpt>
            <trkpt lat="50.531572" lon="6.93067">
                <ele>411.0</ele>
                <name>Position 245</name>
            </trkpt>
            <trkpt lat="50.531309" lon="6.930369">
                <ele>414.0</ele>
                <name>Position 246</name>
            </trkpt>
            <trkpt lat="50.531171" lon="6.93006">
                <ele>415.5</ele>
                <name>Position 247</name>
            </trkpt>
            <trkpt lat="50.531055" lon="6.92952">
                <ele>418.0</ele>
                <name>Position 248</name>
            </trkpt>
            <trkpt lat="50.530924" lon="6.92919">
                <ele>420.0</ele>
                <name>Position 249</name>
            </trkpt>
            <trkpt lat="50.530577" lon="6.928768">
                <ele>423.0</ele>
                <name>Position 250</name>
            </trkpt>
            <trkpt lat="50.530446" lon="6.928675">
                <ele>424.0</ele>
                <name>Position 251</name>
            </trkpt>
            <trkpt lat="50.530367" lon="6.928708">
                <ele>425.0</ele>
                <name>Position 252</name>
            </trkpt>
            <trkpt lat="50.530309" lon="6.928958">
                <ele>426.0</ele>
                <name>Position 253</name>
            </trkpt>
            <trkpt lat="50.530166" lon="6.929367">
                <ele>427.0</ele>
                <name>Position 254</name>
            </trkpt>
            <trkpt lat="50.529986" lon="6.929551">
                <ele>428.0</ele>
                <name>Position 255</name>
            </trkpt>
            <trkpt lat="50.529691" lon="6.929472">
                <ele>431.0</ele>
                <name>Position 256</name>
            </trkpt>
            <trkpt lat="50.529473" lon="6.929413">
                <ele>433.0</ele>
                <name>Position 257</name>
            </trkpt>
            <trkpt lat="50.529237" lon="6.929405">
                <ele>435.0</ele>
                <name>Position 258</name>
            </trkpt>
            <trkpt lat="50.529025" lon="6.929371">
                <ele>436.3</ele>
                <name>Position 259</name>
            </trkpt>
            <trkpt lat="50.528539" lon="6.92903">
                <ele>438.0</ele>
                <name>Position 260</name>
            </trkpt>
            <trkpt lat="50.528233" lon="6.928822">
                <ele>439.0</ele>
                <name>Position 261</name>
            </trkpt>
            <trkpt lat="50.527952" lon="6.928681">
                <ele>439.3</ele>
                <name>Position 262</name>
            </trkpt>
            <trkpt lat="50.527779" lon="6.928637">
                <ele>439.0</ele>
                <name>Position 263</name>
            </trkpt>
            <trkpt lat="50.527492" lon="6.928758">
                <ele>438.0</ele>
                <name>Position 264</name>
            </trkpt>
            <trkpt lat="50.526538" lon="6.930132">
                <ele>435.0</ele>
                <name>Position 265</name>
            </trkpt>
            <trkpt lat="50.526219" lon="6.93048">
                <ele>433.0</ele>
                <name>Position 266</name>
            </trkpt>
            <trkpt lat="50.52554" lon="6.931165">
                <ele>429.8</ele>
                <name>Position 267</name>
            </trkpt>
            <trkpt lat="50.52514" lon="6.931545">
                <ele>430.0</ele>
                <name>Position 268</name>
            </trkpt>
            <trkpt lat="50.5245" lon="6.932052">
                <ele>427.0</ele>
                <name>Position 269</name>
            </trkpt>
            <trkpt lat="50.523488" lon="6.933347">
                <ele>426.0</ele>
                <name>Position 270</name>
            </trkpt>
            <trkpt lat="50.522843" lon="6.935094">
                <ele>422.0</ele>
                <name>Position 271</name>
            </trkpt>
            <trkpt lat="50.522626" lon="6.935779">
                <ele>419.0</ele>
                <name>Position 272</name>
            </trkpt>
            <trkpt lat="50.522613" lon="6.936259">
                <ele>418.0</ele>
                <name>Position 273</name>
            </trkpt>
            <trkpt lat="50.522675" lon="6.936718">
                <ele>417.8</ele>
                <name>Position 274</name>
            </trkpt>
            <trkpt lat="50.52267" lon="6.936985">
                <ele>417.0</ele>
                <name>Position 275</name>
            </trkpt>
            <trkpt lat="50.522608" lon="6.937461">
                <ele>414.0</ele>
                <name>Position 276</name>
            </trkpt>
            <trkpt lat="50.522583" lon="6.937745">
                <ele>411.0</ele>
                <name>Position 277</name>
            </trkpt>
            <trkpt lat="50.522702" lon="6.938073">
                <ele>410.0</ele>
                <name>Position 278</name>
            </trkpt>
            <trkpt lat="50.52297" lon="6.938501">
                <ele>409.0</ele>
                <name>Position 279</name>
            </trkpt>
            <trkpt lat="50.523131" lon="6.93885">
                <ele>405.0</ele>
                <name>Position 280</name>
            </trkpt>
            <trkpt lat="50.523422" lon="6.939055">
                <ele>405.3</ele>
                <name>Position 281</name>
            </trkpt>
            <trkpt lat="50.523581" lon="6.939218">
                <ele>404.0</ele>
                <name>Position 282</name>
            </trkpt>
            <trkpt lat="50.52365" lon="6.939487">
                <ele>402.0</ele>
                <name>Position 283</name>
            </trkpt>
            <trkpt lat="50.524498" lon="6.940535">
                <ele>398.0</ele>
                <name>Position 284</name>
            </trkpt>
            <trkpt lat="50.524994" lon="6.941114">
                <ele>395.8</ele>
                <name>Position 285</name>
            </trkpt>
            <trkpt lat="50.52512" lon="6.941376">
                <ele>394.5</ele>
                <name>Position 286</name>
            </trkpt>
            <trkpt lat="50.525256" lon="6.942027">
                <ele>391.0</ele>
                <name>Position 287</name>
            </trkpt>
            <trkpt lat="50.525382" lon="6.942954">
                <ele>388.0</ele>
                <name>Position 288</name>
            </trkpt>
            <trkpt lat="50.525365" lon="6.943703">
                <ele>384.0</ele>
                <name>Position 289</name>
            </trkpt>
            <trkpt lat="50.525533" lon="6.944529">
                <ele>381.0</ele>
                <name>Position 290</name>
            </trkpt>
            <trkpt lat="50.525896" lon="6.945489">
                <ele>381.3</ele>
                <name>Position 291</name>
            </trkpt>
            <trkpt lat="50.525743" lon="6.94629">
                <ele>378.3</ele>
                <name>Position 292</name>
            </trkpt>
            <trkpt lat="50.52567" lon="6.947077">
                <ele>379.0</ele>
                <name>Position 293</name>
            </trkpt>
            <trkpt lat="50.525683" lon="6.947565">
                <ele>380.0</ele>
                <name>Position 294</name>
            </trkpt>
            <trkpt lat="50.525676" lon="6.948599">
                <ele>378.5</ele>
                <name>Position 295</name>
            </trkpt>
            <trkpt lat="50.525578" lon="6.9489">
                <ele>378.3</ele>
                <name>Position 296</name>
            </trkpt>
            <trkpt lat="50.525387" lon="6.94922">
                <ele>377.0</ele>
                <name>Position 297</name>
            </trkpt>
            <trkpt lat="50.525226" lon="6.949451">
                <ele>377.0</ele>
                <name>Position 298</name>
            </trkpt>
            <trkpt lat="50.525021" lon="6.949651">
                <ele>377.0</ele>
                <name>Position 299</name>
            </trkpt>
            <trkpt lat="50.524024" lon="6.950025">
                <ele>376.0</ele>
                <name>Position 300</name>
            </trkpt>
            <trkpt lat="50.523748" lon="6.950134">
                <ele>375.0</ele>
                <name>Position 301</name>
            </trkpt>
            <trkpt lat="50.523428" lon="6.950265">
                <ele>373.0</ele>
                <name>Position 302</name>
            </trkpt>
            <trkpt lat="50.523254" lon="6.950554">
                <ele>371.0</ele>
                <name>Position 303</name>
            </trkpt>
            <trkpt lat="50.5231" lon="6.950956">
                <ele>368.0</ele>
                <name>Position 304</name>
            </trkpt>
            <trkpt lat="50.523026" lon="6.951468">
                <ele>364.0</ele>
                <name>Position 305</name>
            </trkpt>
            <trkpt lat="50.523034" lon="6.951672">
                <ele>361.5</ele>
                <name>Position 306</name>
            </trkpt>
            <trkpt lat="50.522656" lon="6.953133">
                <ele>352.8</ele>
                <name>Position 307</name>
            </trkpt>
            <trkpt lat="50.52244" lon="6.953745">
                <ele>353.0</ele>
                <name>Position 308</name>
            </trkpt>
            <trkpt lat="50.522195" lon="6.954014">
                <ele>357.0</ele>
                <name>Position 309</name>
            </trkpt>
            <trkpt lat="50.521408" lon="6.954129">
                <ele>363.0</ele>
                <name>Position 310</name>
            </trkpt>
            <trkpt lat="50.52087" lon="6.954594">
                <ele>367.0</ele>
                <name>Position 311</name>
            </trkpt>
            <trkpt lat="50.520339" lon="6.954586">
                <ele>361.0</ele>
                <name>Position 312</name>
            </trkpt>
            <trkpt lat="50.519953" lon="6.954767">
                <ele>358.3</ele>
                <name>Position 313</name>
            </trkpt>
            <trkpt lat="50.519944" lon="6.954986">
                <ele>359.0</ele>
                <name>Position 314</name>
            </trkpt>
            <trkpt lat="50.520127" lon="6.956182">
                <ele>363.0</ele>
                <name>Position 315</name>
            </trkpt>
            <trkpt lat="50.520498" lon="6.957562">
                <ele>349.0</ele>
                <name>Position 316</name>
            </trkpt>
            <trkpt lat="50.520981" lon="6.958427">
                <ele>343.8</ele>
                <name>Position 317</name>
            </trkpt>
            <trkpt lat="50.521339" lon="6.959165">
                <ele>339.0</ele>
                <name>Position 318</name>
            </trkpt>
            <trkpt lat="50.521499" lon="6.959763">
                <ele>334.8</ele>
                <name>Position 319</name>
            </trkpt>
            <trkpt lat="50.521502" lon="6.960384">
                <ele>330.0</ele>
                <name>Position 320</name>
            </trkpt>
            <trkpt lat="50.5214524" lon="6.9604759">
                <name>K31, 53505 Berg, Deutschland</name>
            </trkpt>
            <trkpt lat="50.521611" lon="6.96077">
                <ele>329.0</ele>
                <name>Position 322</name>
            </trkpt>
            <trkpt lat="50.521751" lon="6.9611">
                <ele>327.0</ele>
                <name>Position 323</name>
            </trkpt>
            <trkpt lat="50.521611" lon="6.961241">
                <ele>325.0</ele>
                <name>Position 324</name>
            </trkpt>
            <trkpt lat="50.521366" lon="6.961252">
                <ele>324.0</ele>
                <name>Position 325</name>
            </trkpt>
            <trkpt lat="50.521044" lon="6.961254">
                <ele>321.0</ele>
                <name>Position 326</name>
            </trkpt>
            <trkpt lat="50.520847" lon="6.961016">
                <ele>319.0</ele>
                <name>Position 327</name>
            </trkpt>
            <trkpt lat="50.520321" lon="6.960991">
                <ele>317.0</ele>
                <name>Position 328</name>
            </trkpt>
            <trkpt lat="50.519583" lon="6.960939">
                <ele>308.5</ele>
                <name>Position 329</name>
            </trkpt>
            <trkpt lat="50.519138" lon="6.961132">
                <ele>304.0</ele>
                <name>Position 330</name>
            </trkpt>
            <trkpt lat="50.518988" lon="6.961324">
                <ele>301.0</ele>
                <name>Position 331</name>
            </trkpt>
            <trkpt lat="50.518874" lon="6.961783">
                <ele>301.0</ele>
                <name>Position 332</name>
            </trkpt>
            <trkpt lat="50.518775" lon="6.961835">
                <ele>296.8</ele>
                <name>Position 333</name>
            </trkpt>
            <trkpt lat="50.518746" lon="6.961727">
                <ele>294.8</ele>
                <name>Position 334</name>
            </trkpt>
            <trkpt lat="50.518837" lon="6.961285">
                <ele>295.0</ele>
                <name>Position 335</name>
            </trkpt>
            <trkpt lat="50.519014" lon="6.960899">
                <ele>297.0</ele>
                <name>Position 336</name>
            </trkpt>
            <trkpt lat="50.519356" lon="6.9605">
                <ele>298.3</ele>
                <name>Position 337</name>
            </trkpt>
            <trkpt lat="50.5196" lon="6.96039">
                <ele>300.0</ele>
                <name>Position 338</name>
            </trkpt>
            <trkpt lat="50.519813" lon="6.960407">
                <ele>304.3</ele>
                <name>Position 339</name>
            </trkpt>
            <trkpt lat="50.519852" lon="6.960347">
                <ele>303.0</ele>
                <name>Position 340</name>
            </trkpt>
            <trkpt lat="50.519828" lon="6.960286">
                <ele>302.0</ele>
                <name>Position 341</name>
            </trkpt>
            <trkpt lat="50.519629" lon="6.960244">
                <ele>298.0</ele>
                <name>Position 342</name>
            </trkpt>
            <trkpt lat="50.519147" lon="6.960403">
                <ele>293.0</ele>
                <name>Position 343</name>
            </trkpt>
            <trkpt lat="50.518689" lon="6.960718">
                <ele>282.8</ele>
                <name>Position 344</name>
            </trkpt>
            <trkpt lat="50.518331" lon="6.961471">
                <ele>275.5</ele>
                <name>Position 345</name>
            </trkpt>
            <trkpt lat="50.518142" lon="6.962289">
                <ele>275.0</ele>
                <name>Position 346</name>
            </trkpt>
            <trkpt lat="50.518185" lon="6.962632">
                <ele>280.0</ele>
                <name>Position 347</name>
            </trkpt>
            <trkpt lat="50.518118" lon="6.96291">
                <ele>283.0</ele>
                <name>Position 348</name>
            </trkpt>
            <trkpt lat="50.517771" lon="6.963093">
                <ele>275.3</ele>
                <name>Position 349</name>
            </trkpt>
            <trkpt lat="50.517248" lon="6.96344">
                <ele>263.0</ele>
                <name>Position 350</name>
            </trkpt>
            <trkpt lat="50.516878" lon="6.963976">
                <ele>253.0</ele>
                <name>Position 351</name>
            </trkpt>
            <trkpt lat="50.516802" lon="6.964529">
                <ele>253.0</ele>
                <name>Position 352</name>
            </trkpt>
            <trkpt lat="50.516833" lon="6.965133">
                <ele>256.8</ele>
                <name>Position 353</name>
            </trkpt>
            <trkpt lat="50.51686" lon="6.965637">
                <ele>259.8</ele>
                <name>Position 354</name>
            </trkpt>
            <trkpt lat="50.516813" lon="6.965789">
                <ele>258.3</ele>
                <name>Position 355</name>
            </trkpt>
            <trkpt lat="50.516752" lon="6.965756">
                <ele>255.3</ele>
                <name>Position 356</name>
            </trkpt>
            <trkpt lat="50.516738" lon="6.965625">
                <ele>254.3</ele>
                <name>Position 357</name>
            </trkpt>
            <trkpt lat="50.516719" lon="6.965234">
                <ele>251.5</ele>
                <name>Position 358</name>
            </trkpt>
            <trkpt lat="50.516577" lon="6.964394">
                <ele>242.0</ele>
                <name>Position 359</name>
            </trkpt>
            <trkpt lat="50.516566" lon="6.963556">
                <ele>237.0</ele>
                <name>Position 360</name>
            </trkpt>
            <trkpt lat="50.516743" lon="6.963035">
                <ele>238.0</ele>
                <name>Position 361</name>
            </trkpt>
            <trkpt lat="50.517148" lon="6.96262">
                <ele>245.0</ele>
                <name>Position 362</name>
            </trkpt>
            <trkpt lat="50.517259" lon="6.962441">
                <ele>245.0</ele>
                <name>Position 363</name>
            </trkpt>
            <trkpt lat="50.51722" lon="6.962355">
                <ele>243.0</ele>
                <name>Position 364</name>
            </trkpt>
            <trkpt lat="50.516951" lon="6.962592">
                <ele>239.0</ele>
                <name>Position 365</name>
            </trkpt>
            <trkpt lat="50.516616" lon="6.962826">
                <ele>232.0</ele>
                <name>Position 366</name>
            </trkpt>
            <trkpt lat="50.516347" lon="6.962958">
                <ele>226.0</ele>
                <name>Position 367</name>
            </trkpt>
            <trkpt lat="50.516157" lon="6.963258">
                <ele>220.5</ele>
                <name>Position 368</name>
            </trkpt>
            <trkpt lat="50.516125" lon="6.963955">
                <ele>220.5</ele>
                <name>Position 369</name>
            </trkpt>
            <trkpt lat="50.516186" lon="6.964999">
                <ele>224.8</ele>
                <name>Position 370</name>
            </trkpt>
            <trkpt lat="50.516174" lon="6.965147">
                <ele>225.0</ele>
                <name>Position 371</name>
            </trkpt>
            <trkpt lat="50.516102" lon="6.965176">
                <ele>221.5</ele>
                <name>Position 372</name>
            </trkpt>
            <trkpt lat="50.516047" lon="6.964977">
                <ele>219.0</ele>
                <name>Position 373</name>
            </trkpt>
            <trkpt lat="50.516002" lon="6.964342">
                <ele>217.0</ele>
                <name>Position 374</name>
            </trkpt>
            <trkpt lat="50.515673" lon="6.96351">
                <ele>206.8</ele>
                <name>Position 375</name>
            </trkpt>
            <trkpt lat="50.515472" lon="6.963276">
                <ele>204.0</ele>
                <name>Position 376</name>
            </trkpt>
            <trkpt lat="50.515282" lon="6.963422">
                <ele>199.8</ele>
                <name>Position 377</name>
            </trkpt>
            <trkpt lat="50.515227" lon="6.964145">
                <ele>197.3</ele>
                <name>Position 378</name>
            </trkpt>
            <trkpt lat="50.514811" lon="6.964829">
                <ele>195.0</ele>
                <name>Position 379</name>
            </trkpt>
            <trkpt lat="50.514552" lon="6.96522">
                <ele>198.8</ele>
                <name>Position 380</name>
            </trkpt>
            <trkpt lat="50.514474" lon="6.964001">
                <ele>203.0</ele>
                <name>Position 381</name>
            </trkpt>
            <trkpt lat="50.514308" lon="6.963206">
                <ele>202.3</ele>
                <name>Position 382</name>
            </trkpt>
            <trkpt lat="50.514323" lon="6.962736">
                <ele>201.3</ele>
                <name>Position 383</name>
            </trkpt>
            <trkpt lat="50.51471" lon="6.960921">
                <ele>200.0</ele>
                <name>Position 384</name>
            </trkpt>
            <trkpt lat="50.514095" lon="6.959063">
                <ele>202.0</ele>
                <name>Position 385</name>
            </trkpt>
            <trkpt lat="50.514187" lon="6.958298">
                <ele>198.0</ele>
                <name>Position 386</name>
            </trkpt>
            <trkpt lat="50.514485" lon="6.95732">
                <ele>206.0</ele>
                <name>Position 387</name>
            </trkpt>
            <trkpt lat="50.514887" lon="6.957542">
                <ele>206.0</ele>
                <name>Position 388</name>
            </trkpt>
            <trkpt lat="50.515396" lon="6.957385">
                <ele>215.8</ele>
                <name>Position 389</name>
            </trkpt>
            <trkpt lat="50.515917" lon="6.956706">
                <ele>225.3</ele>
                <name>Position 390</name>
            </trkpt>
            <trkpt lat="50.516006" lon="6.956304">
                <ele>228.0</ele>
                <name>Position 391</name>
            </trkpt>
            <trkpt lat="50.515884" lon="6.955054">
                <ele>227.0</ele>
                <name>Position 392</name>
            </trkpt>
            <trkpt lat="50.515637" lon="6.954199">
                <ele>229.0</ele>
                <name>Position 393</name>
            </trkpt>
            <trkpt lat="50.514895" lon="6.954154">
                <ele>217.0</ele>
                <name>Position 394</name>
            </trkpt>
            <trkpt lat="50.514517" lon="6.954088">
                <ele>214.0</ele>
                <name>Position 395</name>
            </trkpt>
            <trkpt lat="50.514324" lon="6.953911">
                <ele>214.0</ele>
                <name>Position 396</name>
            </trkpt>
            <trkpt lat="50.513907" lon="6.952926">
                <ele>218.0</ele>
                <name>Position 397</name>
            </trkpt>
            <trkpt lat="50.513383" lon="6.95213">
                <ele>224.0</ele>
                <name>Position 398</name>
            </trkpt>
            <trkpt lat="50.513076" lon="6.951865">
                <ele>225.0</ele>
                <name>Position 399</name>
            </trkpt>
            <trkpt lat="50.512041" lon="6.951278">
                <ele>223.0</ele>
                <name>Position 400</name>
            </trkpt>
            <trkpt lat="50.511136" lon="6.950572">
                <ele>224.0</ele>
                <name>Position 401</name>
            </trkpt>
            <trkpt lat="50.510725" lon="6.95004">
                <ele>224.5</ele>
                <name>Position 402</name>
            </trkpt>
            <trkpt lat="50.510405" lon="6.949813">
                <ele>223.0</ele>
                <name>Position 403</name>
            </trkpt>
            <trkpt lat="50.509914" lon="6.949596">
                <ele>218.5</ele>
                <name>Position 404</name>
            </trkpt>
            <trkpt lat="50.509625" lon="6.948923">
                <ele>223.0</ele>
                <name>Position 405</name>
            </trkpt>
            <trkpt lat="50.509568" lon="6.947774">
                <ele>219.8</ele>
                <name>Position 406</name>
            </trkpt>
            <trkpt lat="50.509492" lon="6.946954">
                <ele>217.8</ele>
                <name>Position 407</name>
            </trkpt>
            <trkpt lat="50.509403" lon="6.946123">
                <ele>219.0</ele>
                <name>Position 408</name>
            </trkpt>
            <trkpt lat="50.509349" lon="6.944601">
                <ele>222.0</ele>
                <name>Position 409</name>
            </trkpt>
            <trkpt lat="50.509284" lon="6.942867">
                <ele>226.5</ele>
                <name>Position 410</name>
            </trkpt>
            <trkpt lat="50.509251" lon="6.942188">
                <ele>227.0</ele>
                <name>Position 411</name>
            </trkpt>
            <trkpt lat="50.509061" lon="6.941155">
                <ele>227.8</ele>
                <name>Position 412</name>
            </trkpt>
            <trkpt lat="50.509137" lon="6.939846">
                <ele>223.0</ele>
                <name>Position 413</name>
            </trkpt>
            <trkpt lat="50.508907" lon="6.937588">
                <ele>225.0</ele>
                <name>Position 414</name>
            </trkpt>
            <trkpt lat="50.508916" lon="6.936968">
                <ele>226.3</ele>
                <name>Position 415</name>
            </trkpt>
            <trkpt lat="50.509219" lon="6.936078">
                <ele>231.0</ele>
                <name>Position 416</name>
            </trkpt>
            <trkpt lat="50.509382" lon="6.935387">
                <ele>237.0</ele>
                <name>Position 417</name>
            </trkpt>
            <trkpt lat="50.50936" lon="6.934327">
                <ele>240.0</ele>
                <name>Position 418</name>
            </trkpt>
            <trkpt lat="50.509443" lon="6.933661">
                <ele>243.0</ele>
                <name>Position 419</name>
            </trkpt>
            <trkpt lat="50.509555" lon="6.932963">
                <ele>243.8</ele>
                <name>Position 420</name>
            </trkpt>
            <trkpt lat="50.509644" lon="6.931966">
                <ele>241.0</ele>
                <name>Position 421</name>
            </trkpt>
            <trkpt lat="50.509655" lon="6.930878">
                <ele>234.8</ele>
                <name>Position 422</name>
            </trkpt>
            <trkpt lat="50.509628" lon="6.930588">
                <ele>233.5</ele>
                <name>Position 423</name>
            </trkpt>
            <trkpt lat="50.509628" lon="6.930589">
                <ele>233.5</ele>
                <name>Position 424</name>
            </trkpt>
            <trkpt lat="50.509639" lon="6.929994">
                <ele>231.8</ele>
                <name>Position 425</name>
            </trkpt>
            <trkpt lat="50.509883" lon="6.928357">
                <ele>241.0</ele>
                <name>Position 426</name>
            </trkpt>
            <trkpt lat="50.509849" lon="6.927836">
                <ele>244.0</ele>
                <name>Position 427</name>
            </trkpt>
            <trkpt lat="50.509321" lon="6.926842">
                <ele>251.0</ele>
                <name>Position 428</name>
            </trkpt>
            <trkpt lat="50.508782" lon="6.92606">
                <ele>248.0</ele>
                <name>Position 429</name>
            </trkpt>
            <trkpt lat="50.508159" lon="6.924911">
                <ele>245.3</ele>
                <name>Position 430</name>
            </trkpt>
            <trkpt lat="50.507678" lon="6.923987">
                <ele>257.0</ele>
                <name>Position 431</name>
            </trkpt>
            <trkpt lat="50.507396" lon="6.922661">
                <ele>256.0</ele>
                <name>Position 432</name>
            </trkpt>
            <trkpt lat="50.507332" lon="6.921073">
                <ele>256.8</ele>
                <name>Position 433</name>
            </trkpt>
            <trkpt lat="50.507531" lon="6.918755">
                <ele>252.0</ele>
                <name>Position 434</name>
            </trkpt>
            <trkpt lat="50.508411" lon="6.917177">
                <ele>245.0</ele>
                <name>Position 435</name>
            </trkpt>
            <trkpt lat="50.508834" lon="6.916313">
                <ele>247.8</ele>
                <name>Position 436</name>
            </trkpt>
            <trkpt lat="50.509038" lon="6.915767">
                <ele>250.0</ele>
                <name>Position 437</name>
            </trkpt>
            <trkpt lat="50.509121" lon="6.915339">
                <ele>250.0</ele>
                <name>Position 438</name>
            </trkpt>
            <trkpt lat="50.509254" lon="6.913999">
                <ele>257.0</ele>
                <name>Position 439</name>
            </trkpt>
            <trkpt lat="50.509979" lon="6.911444">
                <ele>267.0</ele>
                <name>Position 440</name>
            </trkpt>
            <trkpt lat="50.510573" lon="6.910725">
                <ele>261.0</ele>
                <name>Position 441</name>
            </trkpt>
            <trkpt lat="50.511129" lon="6.909886">
                <ele>258.8</ele>
                <name>Position 442</name>
            </trkpt>
            <trkpt lat="50.511636" lon="6.90838">
                <ele>260.5</ele>
                <name>Position 443</name>
            </trkpt>
            <trkpt lat="50.5117" lon="6.908074">
                <ele>261.5</ele>
                <name>Position 444</name>
            </trkpt>
            <trkpt lat="50.511827" lon="6.907436">
                <ele>264.3</ele>
                <name>Position 445</name>
            </trkpt>
            <trkpt lat="50.512253" lon="6.906775">
                <ele>262.0</ele>
                <name>Position 446</name>
            </trkpt>
            <trkpt lat="50.512857" lon="6.906073">
                <ele>264.0</ele>
                <name>Position 447</name>
            </trkpt>
            <trkpt lat="50.513104" lon="6.905787">
                <ele>263.0</ele>
                <name>Position 448</name>
            </trkpt>
            <trkpt lat="50.513698" lon="6.904571">
                <ele>263.0</ele>
                <name>Position 449</name>
            </trkpt>
            <trkpt lat="50.513799" lon="6.904334">
                <ele>263.0</ele>
                <name>Position 450</name>
            </trkpt>
            <trkpt lat="50.514419" lon="6.902957">
                <ele>274.0</ele>
                <name>Position 451</name>
            </trkpt>
            <trkpt lat="50.514613" lon="6.902826">
                <ele>276.0</ele>
                <name>Position 452</name>
            </trkpt>
            <trkpt lat="50.515609" lon="6.90243">
                <ele>278.0</ele>
                <name>Position 453</name>
            </trkpt>
            <trkpt lat="50.516525" lon="6.902442">
                <ele>277.0</ele>
                <name>Position 454</name>
            </trkpt>
            <trkpt lat="50.517128" lon="6.902481">
                <ele>274.0</ele>
                <name>Position 455</name>
            </trkpt>
            <trkpt lat="50.517332" lon="6.902445">
                <ele>274.0</ele>
                <name>Position 456</name>
            </trkpt>
            <trkpt lat="50.517297" lon="6.902247">
                <ele>277.0</ele>
                <name>Position 457</name>
            </trkpt>
            <trkpt lat="50.516695" lon="6.901787">
                <ele>293.0</ele>
                <name>Position 458</name>
            </trkpt>
            <trkpt lat="50.516365" lon="6.901707">
                <ele>296.0</ele>
                <name>Position 459</name>
            </trkpt>
            <trkpt lat="50.515479" lon="6.901848">
                <ele>292.8</ele>
                <name>Position 460</name>
            </trkpt>
            <trkpt lat="50.515188" lon="6.901743">
                <ele>294.5</ele>
                <name>Position 461</name>
            </trkpt>
            <trkpt lat="50.514408" lon="6.901159">
                <ele>302.0</ele>
                <name>Position 462</name>
            </trkpt>
            <trkpt lat="50.514403" lon="6.900988">
                <ele>305.0</ele>
                <name>Position 463</name>
            </trkpt>
            <trkpt lat="50.515675" lon="6.9011">
                <ele>308.0</ele>
                <name>Position 464</name>
            </trkpt>
            <trkpt lat="50.516193" lon="6.901013">
                <ele>310.0</ele>
                <name>Position 465</name>
            </trkpt>
            <trkpt lat="50.516679" lon="6.900745">
                <ele>316.0</ele>
                <name>Position 466</name>
            </trkpt>
            <trkpt lat="50.516828" lon="6.900503">
                <ele>314.0</ele>
                <name>Position 467</name>
            </trkpt>
            <trkpt lat="50.516698" lon="6.900249">
                <ele>322.0</ele>
                <name>Position 468</name>
            </trkpt>
            <trkpt lat="50.516264" lon="6.900168">
                <ele>325.0</ele>
                <name>Position 469</name>
            </trkpt>
            <trkpt lat="50.5162347" lon="6.9001678">
                <name>L76, 53505 Kirchsahr, Deutschland</name>
            </trkpt>
            <trkpt lat="50.516061" lon="6.900073">
                <ele>326.0</ele>
                <name>Position 471</name>
            </trkpt>
            <trkpt lat="50.51523" lon="6.899376">
                <ele>335.0</ele>
                <name>Position 472</name>
            </trkpt>
            <trkpt lat="50.514522" lon="6.89916">
                <ele>339.0</ele>
                <name>Position 473</name>
            </trkpt>
            <trkpt lat="50.513638" lon="6.899059">
                <ele>347.0</ele>
                <name>Position 474</name>
            </trkpt>
            <trkpt lat="50.513236" lon="6.899327">
                <ele>349.0</ele>
                <name>Position 475</name>
            </trkpt>
            <trkpt lat="50.512952" lon="6.899651">
                <ele>352.5</ele>
                <name>Position 476</name>
            </trkpt>
            <trkpt lat="50.51222" lon="6.900089">
                <ele>363.0</ele>
                <name>Position 477</name>
            </trkpt>
            <trkpt lat="50.511951" lon="6.900392">
                <ele>359.0</ele>
                <name>Position 478</name>
            </trkpt>
            <trkpt lat="50.511919" lon="6.900327">
                <ele>360.0</ele>
                <name>Position 479</name>
            </trkpt>
            <trkpt lat="50.512016" lon="6.900118">
                <ele>364.0</ele>
                <name>Position 480</name>
            </trkpt>
            <trkpt lat="50.51251" lon="6.899488">
                <ele>368.0</ele>
                <name>Position 481</name>
            </trkpt>
            <trkpt lat="50.51295" lon="6.897662">
                <ele>379.0</ele>
                <name>Position 482</name>
            </trkpt>
            <trkpt lat="50.512854" lon="6.897117">
                <ele>382.0</ele>
                <name>Position 483</name>
            </trkpt>
            <trkpt lat="50.512419" lon="6.896685">
                <ele>387.0</ele>
                <name>Position 484</name>
            </trkpt>
            <trkpt lat="50.511933" lon="6.89647">
                <ele>386.0</ele>
                <name>Position 485</name>
            </trkpt>
            <trkpt lat="50.511746" lon="6.896565">
                <ele>388.0</ele>
                <name>Position 486</name>
            </trkpt>
            <trkpt lat="50.511436" lon="6.896867">
                <ele>389.0</ele>
                <name>Position 487</name>
            </trkpt>
            <trkpt lat="50.51103" lon="6.897117">
                <ele>390.0</ele>
                <name>Position 488</name>
            </trkpt>
            <trkpt lat="50.510397" lon="6.896662">
                <ele>401.0</ele>
                <name>Position 489</name>
            </trkpt>
            <trkpt lat="50.510062" lon="6.896056">
                <ele>405.0</ele>
                <name>Position 490</name>
            </trkpt>
            <trkpt lat="50.508258" lon="6.888848">
                <ele>426.0</ele>
                <name>Position 491</name>
            </trkpt>
            <trkpt lat="50.507747" lon="6.892157">
                <ele>432.8</ele>
                <name>Position 492</name>
            </trkpt>
            <trkpt lat="50.507728" lon="6.892229">
                <ele>433.3</ele>
                <name>Position 493</name>
            </trkpt>
            <trkpt lat="50.507554" lon="6.893542">
                <ele>439.5</ele>
                <name>Position 494</name>
            </trkpt>
            <trkpt lat="50.507527" lon="6.894078">
                <ele>443.0</ele>
                <name>Position 495</name>
            </trkpt>
            <trkpt lat="50.50751" lon="6.898002">
                <ele>459.0</ele>
                <name>Position 496</name>
            </trkpt>
            <trkpt lat="50.507313" lon="6.899187">
                <ele>453.0</ele>
                <name>Position 497</name>
            </trkpt>
            <trkpt lat="50.506705" lon="6.899795">
                <ele>456.0</ele>
                <name>Position 498</name>
            </trkpt>
            <trkpt lat="50.506566" lon="6.899922">
                <ele>455.5</ele>
                <name>Position 499</name>
            </trkpt>
            <trkpt lat="50.506163" lon="6.901219">
                <ele>447.5</ele>
                <name>Position 500</name>
            </trkpt>
            <trkpt lat="50.506053" lon="6.901602">
                <ele>444.0</ele>
                <name>Position 501</name>
            </trkpt>
            <trkpt lat="50.505965" lon="6.901655">
                <ele>443.8</ele>
                <name>Position 502</name>
            </trkpt>
            <trkpt lat="50.505686" lon="6.901512">
                <ele>443.3</ele>
                <name>Position 503</name>
            </trkpt>
            <trkpt lat="50.505212" lon="6.900959">
                <ele>445.0</ele>
                <name>Position 504</name>
            </trkpt>
            <trkpt lat="50.505063" lon="6.900829">
                <ele>445.0</ele>
                <name>Position 505</name>
            </trkpt>
            <trkpt lat="50.504746" lon="6.900703">
                <ele>443.0</ele>
                <name>Position 506</name>
            </trkpt>
            <trkpt lat="50.504178" lon="6.900814">
                <ele>439.0</ele>
                <name>Position 507</name>
            </trkpt>
            <trkpt lat="50.503908" lon="6.900863">
                <ele>436.8</ele>
                <name>Position 508</name>
            </trkpt>
            <trkpt lat="50.503685" lon="6.90097">
                <ele>436.3</ele>
                <name>Position 509</name>
            </trkpt>
            <trkpt lat="50.5035803" lon="6.9009423">
                <name>K29, 53505 Kirchsahr, Deutschland</name>
            </trkpt>
            <trkpt lat="50.50354" lon="6.9011">
                <ele>435.0</ele>
                <name>Position 511</name>
            </trkpt>
            <trkpt lat="50.503278" lon="6.901478">
                <ele>435.5</ele>
                <name>Position 512</name>
            </trkpt>
            <trkpt lat="50.502931" lon="6.902044">
                <ele>438.0</ele>
                <name>Position 513</name>
            </trkpt>
            <trkpt lat="50.50259" lon="6.902448">
                <ele>437.5</ele>
                <name>Position 514</name>
            </trkpt>
            <trkpt lat="50.502159" lon="6.902795">
                <ele>434.0</ele>
                <name>Position 515</name>
            </trkpt>
            <trkpt lat="50.501854" lon="6.903541">
                <ele>427.0</ele>
                <name>Position 516</name>
            </trkpt>
            <trkpt lat="50.502083" lon="6.904742">
                <ele>424.0</ele>
                <name>Position 517</name>
            </trkpt>
            <trkpt lat="50.502118" lon="6.904957">
                <ele>423.0</ele>
                <name>Position 518</name>
            </trkpt>
            <trkpt lat="50.502182" lon="6.905371">
                <ele>421.0</ele>
                <name>Position 519</name>
            </trkpt>
            <trkpt lat="50.502232" lon="6.905816">
                <ele>419.0</ele>
                <name>Position 520</name>
            </trkpt>
            <trkpt lat="50.502161" lon="6.906162">
                <ele>418.0</ele>
                <name>Position 521</name>
            </trkpt>
            <trkpt lat="50.501897" lon="6.906587">
                <ele>414.0</ele>
                <name>Position 522</name>
            </trkpt>
            <trkpt lat="50.501364" lon="6.907124">
                <ele>408.3</ele>
                <name>Position 523</name>
            </trkpt>
            <trkpt lat="50.500894" lon="6.907577">
                <ele>404.0</ele>
                <name>Position 524</name>
            </trkpt>
            <trkpt lat="50.5002" lon="6.908888">
                <ele>401.0</ele>
                <name>Position 525</name>
            </trkpt>
            <trkpt lat="50.499994" lon="6.909263">
                <ele>399.0</ele>
                <name>Position 526</name>
            </trkpt>
            <trkpt lat="50.499532" lon="6.909255">
                <ele>402.0</ele>
                <name>Position 527</name>
            </trkpt>
            <trkpt lat="50.499128" lon="6.909289">
                <ele>403.0</ele>
                <name>Position 528</name>
            </trkpt>
            <trkpt lat="50.498115" lon="6.909607">
                <ele>408.0</ele>
                <name>Position 529</name>
            </trkpt>
            <trkpt lat="50.497715" lon="6.910389">
                <ele>410.0</ele>
                <name>Position 530</name>
            </trkpt>
            <trkpt lat="50.497444" lon="6.911168">
                <ele>413.0</ele>
                <name>Position 531</name>
            </trkpt>
            <trkpt lat="50.497688" lon="6.913266">
                <ele>420.5</ele>
                <name>Position 532</name>
            </trkpt>
            <trkpt lat="50.498234" lon="6.915154">
                <ele>414.0</ele>
                <name>Position 533</name>
            </trkpt>
            <trkpt lat="50.49747" lon="6.916527">
                <ele>407.0</ele>
                <name>Position 534</name>
            </trkpt>
            <trkpt lat="50.497016" lon="6.916949">
                <ele>401.0</ele>
                <name>Position 535</name>
            </trkpt>
            <trkpt lat="50.496356" lon="6.91655">
                <ele>401.5</ele>
                <name>Position 536</name>
            </trkpt>
            <trkpt lat="50.49595" lon="6.916661">
                <ele>397.0</ele>
                <name>Position 537</name>
            </trkpt>
            <trkpt lat="50.495565" lon="6.917064">
                <ele>391.3</ele>
                <name>Position 538</name>
            </trkpt>
            <trkpt lat="50.495261" lon="6.917833">
                <ele>391.0</ele>
                <name>Position 539</name>
            </trkpt>
            <trkpt lat="50.49492" lon="6.917521">
                <ele>392.0</ele>
                <name>Position 540</name>
            </trkpt>
            <trkpt lat="50.493732" lon="6.915799">
                <ele>384.0</ele>
                <name>Position 541</name>
            </trkpt>
            <trkpt lat="50.493224" lon="6.914896">
                <ele>378.0</ele>
                <name>Position 542</name>
            </trkpt>
            <trkpt lat="50.492861" lon="6.914598">
                <ele>375.5</ele>
                <name>Position 543</name>
            </trkpt>
            <trkpt lat="50.492394" lon="6.914382">
                <ele>379.0</ele>
                <name>Position 544</name>
            </trkpt>
            <trkpt lat="50.491689" lon="6.913553">
                <ele>378.0</ele>
                <name>Position 545</name>
            </trkpt>
            <trkpt lat="50.491257" lon="6.91279">
                <ele>358.0</ele>
                <name>Position 546</name>
            </trkpt>
            <trkpt lat="50.491019" lon="6.912608">
                <ele>353.0</ele>
                <name>Position 547</name>
            </trkpt>
            <trkpt lat="50.490689" lon="6.912961">
                <ele>364.0</ele>
                <name>Position 548</name>
            </trkpt>
            <trkpt lat="50.490545" lon="6.913171">
                <ele>370.0</ele>
                <name>Position 549</name>
            </trkpt>
            <trkpt lat="50.490463" lon="6.913119">
                <ele>369.3</ele>
                <name>Position 550</name>
            </trkpt>
            <trkpt lat="50.490568" lon="6.912879">
                <ele>361.0</ele>
                <name>Position 551</name>
            </trkpt>
            <trkpt lat="50.490858" lon="6.912224">
                <ele>345.0</ele>
                <name>Position 552</name>
            </trkpt>
            <trkpt lat="50.491123" lon="6.911691">
                <ele>333.8</ele>
                <name>Position 553</name>
            </trkpt>
            <trkpt lat="50.491151" lon="6.91155">
                <ele>331.5</ele>
                <name>Position 554</name>
            </trkpt>
            <trkpt lat="50.491072" lon="6.911519">
                <ele>330.5</ele>
                <name>Position 555</name>
            </trkpt>
            <trkpt lat="50.490848" lon="6.911864">
                <ele>337.0</ele>
                <name>Position 556</name>
            </trkpt>
            <trkpt lat="50.490556" lon="6.912415">
                <ele>348.0</ele>
                <name>Position 557</name>
            </trkpt>
            <trkpt lat="50.490409" lon="6.91264">
                <ele>354.0</ele>
                <name>Position 558</name>
            </trkpt>
            <trkpt lat="50.490356" lon="6.912526">
                <ele>351.3</ele>
                <name>Position 559</name>
            </trkpt>
            <trkpt lat="50.49057" lon="6.91207">
                <ele>339.0</ele>
                <name>Position 560</name>
            </trkpt>
            <trkpt lat="50.490722" lon="6.911534">
                <ele>327.8</ele>
                <name>Position 561</name>
            </trkpt>
            <trkpt lat="50.490882" lon="6.911026">
                <ele>321.0</ele>
                <name>Position 562</name>
            </trkpt>
            <trkpt lat="50.491057" lon="6.910787">
                <ele>317.8</ele>
                <name>Position 563</name>
            </trkpt>
            <trkpt lat="50.491119" lon="6.910631">
                <ele>316.3</ele>
                <name>Position 564</name>
            </trkpt>
            <trkpt lat="50.491061" lon="6.910554">
                <ele>314.0</ele>
                <name>Position 565</name>
            </trkpt>
            <trkpt lat="50.490889" lon="6.910765">
                <ele>316.0</ele>
                <name>Position 566</name>
            </trkpt>
            <trkpt lat="50.490676" lon="6.911086">
                <ele>318.0</ele>
                <name>Position 567</name>
            </trkpt>
            <trkpt lat="50.490517" lon="6.911428">
                <ele>323.0</ele>
                <name>Position 568</name>
            </trkpt>
            <trkpt lat="50.490429" lon="6.911731">
                <ele>328.5</ele>
                <name>Position 569</name>
            </trkpt>
            <trkpt lat="50.490349" lon="6.911742">
                <ele>327.8</ele>
                <name>Position 570</name>
            </trkpt>
            <trkpt lat="50.490356" lon="6.911578">
                <ele>323.8</ele>
                <name>Position 571</name>
            </trkpt>
            <trkpt lat="50.490459" lon="6.911329">
                <ele>319.0</ele>
                <name>Position 572</name>
            </trkpt>
            <trkpt lat="50.490568" lon="6.910905">
                <ele>312.0</ele>
                <name>Position 573</name>
            </trkpt>
            <trkpt lat="50.490875" lon="6.910197">
                <ele>304.0</ele>
                <name>Position 574</name>
            </trkpt>
            <trkpt lat="50.49105" lon="6.909945">
                <ele>303.0</ele>
                <name>Position 575</name>
            </trkpt>
            <trkpt lat="50.491264" lon="6.909987">
                <ele>308.0</ele>
                <name>Position 576</name>
            </trkpt>
            <trkpt lat="50.491397" lon="6.910036">
                <ele>311.0</ele>
                <name>Position 577</name>
            </trkpt>
            <trkpt lat="50.491485" lon="6.909955">
                <ele>312.0</ele>
                <name>Position 578</name>
            </trkpt>
            <trkpt lat="50.491459" lon="6.909794">
                <ele>312.0</ele>
                <name>Position 579</name>
            </trkpt>
            <trkpt lat="50.491211" lon="6.909482">
                <ele>305.0</ele>
                <name>Position 580</name>
            </trkpt>
            <trkpt lat="50.490828" lon="6.909279">
                <ele>293.0</ele>
                <name>Position 581</name>
            </trkpt>
            <trkpt lat="50.490598" lon="6.909291">
                <ele>292.0</ele>
                <name>Position 582</name>
            </trkpt>
            <trkpt lat="50.490083" lon="6.909511">
                <ele>287.0</ele>
                <name>Position 583</name>
            </trkpt>
            <trkpt lat="50.489468" lon="6.90952">
                <ele>284.0</ele>
                <name>Position 584</name>
            </trkpt>
            <trkpt lat="50.489133" lon="6.90935">
                <ele>283.0</ele>
                <name>Position 585</name>
            </trkpt>
            <trkpt lat="50.488821" lon="6.909383">
                <ele>282.0</ele>
                <name>Position 586</name>
            </trkpt>
            <trkpt lat="50.48835" lon="6.909448">
                <ele>281.0</ele>
                <name>Position 587</name>
            </trkpt>
            <trkpt lat="50.488018" lon="6.909494">
                <ele>280.0</ele>
                <name>Position 588</name>
            </trkpt>
            <trkpt lat="50.487857" lon="6.909594">
                <ele>280.0</ele>
                <name>Position 589</name>
            </trkpt>
            <trkpt lat="50.48769" lon="6.909739">
                <ele>280.0</ele>
                <name>Position 590</name>
            </trkpt>
            <trkpt lat="50.487144" lon="6.910026">
                <ele>283.0</ele>
                <name>Position 591</name>
            </trkpt>
            <trkpt lat="50.4865" lon="6.910062">
                <ele>284.0</ele>
                <name>Position 592</name>
            </trkpt>
            <trkpt lat="50.486128" lon="6.910186">
                <ele>286.0</ele>
                <name>Position 593</name>
            </trkpt>
            <trkpt lat="50.485531" lon="6.910319">
                <ele>287.0</ele>
                <name>Position 594</name>
            </trkpt>
            <trkpt lat="50.484609" lon="6.910543">
                <ele>285.0</ele>
                <name>Position 595</name>
            </trkpt>
            <trkpt lat="50.484258" lon="6.910767">
                <ele>284.0</ele>
                <name>Position 596</name>
            </trkpt>
            <trkpt lat="50.483917" lon="6.910853">
                <ele>281.0</ele>
                <name>Position 597</name>
            </trkpt>
            <trkpt lat="50.48372" lon="6.911216">
                <ele>281.0</ele>
                <name>Position 598</name>
            </trkpt>
            <trkpt lat="50.483588" lon="6.912268">
                <ele>283.0</ele>
                <name>Position 599</name>
            </trkpt>
            <trkpt lat="50.483292" lon="6.913906">
                <ele>277.0</ele>
                <name>Position 600</name>
            </trkpt>
            <trkpt lat="50.482897" lon="6.914941">
                <ele>273.8</ele>
                <name>Position 601</name>
            </trkpt>
            <trkpt lat="50.482335" lon="6.916177">
                <ele>271.0</ele>
                <name>Position 602</name>
            </trkpt>
            <trkpt lat="50.482216" lon="6.916355">
                <ele>273.0</ele>
                <name>Position 603</name>
            </trkpt>
            <trkpt lat="50.481755" lon="6.916683">
                <ele>276.0</ele>
                <name>Position 604</name>
            </trkpt>
            <trkpt lat="50.48113" lon="6.916614">
                <ele>278.0</ele>
                <name>Position 605</name>
            </trkpt>
            <trkpt lat="50.480098" lon="6.916217">
                <ele>277.0</ele>
                <name>Position 606</name>
            </trkpt>
            <trkpt lat="50.479056" lon="6.91589">
                <ele>270.0</ele>
                <name>Position 607</name>
            </trkpt>
            <trkpt lat="50.478067" lon="6.915674">
                <ele>264.0</ele>
                <name>Position 608</name>
            </trkpt>
            <trkpt lat="50.477321" lon="6.915665">
                <ele>262.0</ele>
                <name>Position 609</name>
            </trkpt>
            <trkpt lat="50.477036" lon="6.915872">
                <ele>261.0</ele>
                <name>Position 610</name>
            </trkpt>
            <trkpt lat="50.476702" lon="6.91614">
                <ele>259.0</ele>
                <name>Position 611</name>
            </trkpt>
            <trkpt lat="50.476432" lon="6.916355">
                <ele>258.0</ele>
                <name>Position 612</name>
            </trkpt>
            <trkpt lat="50.475379" lon="6.917804">
                <ele>267.0</ele>
                <name>Position 613</name>
            </trkpt>
            <trkpt lat="50.475057" lon="6.918166">
                <ele>266.0</ele>
                <name>Position 614</name>
            </trkpt>
            <trkpt lat="50.475057" lon="6.918166">
                <ele>266.0</ele>
                <name>Position 615</name>
            </trkpt>
            <trkpt lat="50.474713" lon="6.918525">
                <ele>264.0</ele>
                <name>Position 616</name>
            </trkpt>
            <trkpt lat="50.474171" lon="6.919477">
                <ele>264.0</ele>
                <name>Position 617</name>
            </trkpt>
            <trkpt lat="50.473612" lon="6.920339">
                <ele>264.8</ele>
                <name>Position 618</name>
            </trkpt>
            <trkpt lat="50.472774" lon="6.921048">
                <ele>260.0</ele>
                <name>Position 619</name>
            </trkpt>
            <trkpt lat="50.472182" lon="6.92134">
                <ele>255.0</ele>
                <name>Position 620</name>
            </trkpt>
            <trkpt lat="50.471875" lon="6.921602">
                <ele>253.5</ele>
                <name>Position 621</name>
            </trkpt>
            <trkpt lat="50.471654" lon="6.921912">
                <ele>253.0</ele>
                <name>Position 622</name>
            </trkpt>
            <trkpt lat="50.47148" lon="6.922043">
                <ele>253.0</ele>
                <name>Position 623</name>
            </trkpt>
            <trkpt lat="50.470966" lon="6.922116">
                <ele>247.5</ele>
                <name>Position 624</name>
            </trkpt>
            <trkpt lat="50.470011" lon="6.922668">
                <ele>249.0</ele>
                <name>Position 625</name>
            </trkpt>
            <trkpt lat="50.468771" lon="6.923151">
                <ele>251.0</ele>
                <name>Position 626</name>
            </trkpt>
            <trkpt lat="50.468142" lon="6.923237">
                <ele>250.0</ele>
                <name>Position 627</name>
            </trkpt>
            <trkpt lat="50.467647" lon="6.923317">
                <ele>249.0</ele>
                <name>Position 628</name>
            </trkpt>
            <trkpt lat="50.466961" lon="6.923636">
                <ele>249.0</ele>
                <name>Position 629</name>
            </trkpt>
            <trkpt lat="50.466344" lon="6.924036">
                <ele>250.0</ele>
                <name>Position 630</name>
            </trkpt>
            <trkpt lat="50.46576" lon="6.924398">
                <ele>249.0</ele>
                <name>Position 631</name>
            </trkpt>
            <trkpt lat="50.465408" lon="6.92472">
                <ele>248.0</ele>
                <name>Position 632</name>
            </trkpt>
            <trkpt lat="50.465142" lon="6.925227">
                <ele>246.0</ele>
                <name>Position 633</name>
            </trkpt>
            <trkpt lat="50.464985" lon="6.925806">
                <ele>244.0</ele>
                <name>Position 634</name>
            </trkpt>
            <trkpt lat="50.464846" lon="6.926236">
                <ele>247.0</ele>
                <name>Position 635</name>
            </trkpt>
            <trkpt lat="50.464624" lon="6.926641">
                <ele>245.0</ele>
                <name>Position 636</name>
            </trkpt>
            <trkpt lat="50.464064" lon="6.927574">
                <ele>245.0</ele>
                <name>Position 637</name>
            </trkpt>
            <trkpt lat="50.463705" lon="6.928477">
                <ele>240.0</ele>
                <name>Position 638</name>
            </trkpt>
            <trkpt lat="50.463532" lon="6.928863">
                <ele>239.0</ele>
                <name>Position 639</name>
            </trkpt>
            <trkpt lat="50.463094" lon="6.929582">
                <ele>240.0</ele>
                <name>Position 640</name>
            </trkpt>
            <trkpt lat="50.462783" lon="6.930272">
                <ele>241.0</ele>
                <name>Position 641</name>
            </trkpt>
            <trkpt lat="50.462675" lon="6.930478">
                <ele>241.0</ele>
                <name>Position 642</name>
            </trkpt>
            <trkpt lat="50.462126" lon="6.930855">
                <ele>234.3</ele>
                <name>Position 643</name>
            </trkpt>
            <trkpt lat="50.461814" lon="6.931117">
                <ele>230.3</ele>
                <name>Position 644</name>
            </trkpt>
            <trkpt lat="50.461481" lon="6.931808">
                <ele>230.8</ele>
                <name>Position 645</name>
            </trkpt>
            <trkpt lat="50.461182" lon="6.932513">
                <ele>231.5</ele>
                <name>Position 646</name>
            </trkpt>
            <trkpt lat="50.460873" lon="6.932926">
                <ele>226.8</ele>
                <name>Position 647</name>
            </trkpt>
            <trkpt lat="50.460751" lon="6.933328">
                <ele>228.0</ele>
                <name>Position 648</name>
            </trkpt>
            <trkpt lat="50.460678" lon="6.934075">
                <ele>229.0</ele>
                <name>Position 649</name>
            </trkpt>
            <trkpt lat="50.460547" lon="6.934611">
                <ele>229.5</ele>
                <name>Position 650</name>
            </trkpt>
            <trkpt lat="50.460209" lon="6.935626">
                <ele>228.0</ele>
                <name>Position 651</name>
            </trkpt>
            <trkpt lat="50.460064" lon="6.936217">
                <ele>223.0</ele>
                <name>Position 652</name>
            </trkpt>
            <trkpt lat="50.459826" lon="6.93714">
                <ele>222.0</ele>
                <name>Position 653</name>
            </trkpt>
            <trkpt lat="50.459638" lon="6.937308">
                <ele>223.0</ele>
                <name>Position 654</name>
            </trkpt>
            <trkpt lat="50.459285" lon="6.938772">
                <ele>220.0</ele>
                <name>Position 655</name>
            </trkpt>
            <trkpt lat="50.45911" lon="6.939386">
                <ele>216.8</ele>
                <name>Position 656</name>
            </trkpt>
            <trkpt lat="50.458891" lon="6.940457">
                <ele>215.0</ele>
                <name>Position 657</name>
            </trkpt>
            <trkpt lat="50.458649" lon="6.941389">
                <ele>214.0</ele>
                <name>Position 658</name>
            </trkpt>
            <trkpt lat="50.458527" lon="6.941764">
                <ele>213.0</ele>
                <name>Position 659</name>
            </trkpt>
            <trkpt lat="50.458481" lon="6.942157">
                <ele>213.0</ele>
                <name>Position 660</name>
            </trkpt>
            <trkpt lat="50.45845" lon="6.942577">
                <ele>213.0</ele>
                <name>Position 661</name>
            </trkpt>
            <trkpt lat="50.45843" lon="6.942851">
                <ele>212.0</ele>
                <name>Position 662</name>
            </trkpt>
            <trkpt lat="50.458445" lon="6.943171">
                <ele>210.5</ele>
                <name>Position 663</name>
            </trkpt>
            <trkpt lat="50.458535" lon="6.943401">
                <ele>211.5</ele>
                <name>Position 664</name>
            </trkpt>
            <trkpt lat="50.458581" lon="6.943756">
                <ele>211.0</ele>
                <name>Position 665</name>
            </trkpt>
            <trkpt lat="50.4585" lon="6.944147">
                <ele>209.0</ele>
                <name>Position 666</name>
            </trkpt>
            <trkpt lat="50.458335" lon="6.944366">
                <ele>207.5</ele>
                <name>Position 667</name>
            </trkpt>
            <trkpt lat="50.457627" lon="6.944686">
                <ele>205.5</ele>
                <name>Position 668</name>
            </trkpt>
            <trkpt lat="50.457343" lon="6.944667">
                <ele>206.0</ele>
                <name>Position 669</name>
            </trkpt>
            <trkpt lat="50.457063" lon="6.944859">
                <ele>206.0</ele>
                <name>Position 670</name>
            </trkpt>
            <trkpt lat="50.456934" lon="6.945351">
                <ele>205.0</ele>
                <name>Position 671</name>
            </trkpt>
            <trkpt lat="50.456861" lon="6.946355">
                <ele>204.0</ele>
                <name>Position 672</name>
            </trkpt>
            <trkpt lat="50.456895" lon="6.946847">
                <ele>205.0</ele>
                <name>Position 673</name>
            </trkpt>
            <trkpt lat="50.457" lon="6.948524">
                <ele>226.0</ele>
                <name>Position 674</name>
            </trkpt>
            <trkpt lat="50.457974" lon="6.948936">
                <ele>227.0</ele>
                <name>Position 675</name>
            </trkpt>
            <trkpt lat="50.458421" lon="6.948996">
                <ele>222.0</ele>
                <name>Position 676</name>
            </trkpt>
            <trkpt lat="50.460611" lon="6.948739">
                <ele>218.0</ele>
                <name>Position 677</name>
            </trkpt>
            <trkpt lat="50.461521" lon="6.949419">
                <ele>224.0</ele>
                <name>Position 678</name>
            </trkpt>
            <trkpt lat="50.464447" lon="6.951906">
                <ele>219.0</ele>
                <name>Position 679</name>
            </trkpt>
            <trkpt lat="50.465592" lon="6.952131">
                <ele>221.0</ele>
                <name>Position 680</name>
            </trkpt>
            <trkpt lat="50.467972" lon="6.951379">
                <ele>219.0</ele>
                <name>Position 681</name>
            </trkpt>
            <trkpt lat="50.469191" lon="6.950304">
                <ele>207.0</ele>
                <name>Position 682</name>
            </trkpt>
            <trkpt lat="50.470291" lon="6.949763">
                <ele>202.0</ele>
                <name>Position 683</name>
            </trkpt>
            <trkpt lat="50.471413" lon="6.949383">
                <ele>202.0</ele>
                <name>Position 684</name>
            </trkpt>
            <trkpt lat="50.471881" lon="6.949457">
                <ele>203.0</ele>
                <name>Position 685</name>
            </trkpt>
            <trkpt lat="50.472515" lon="6.949771">
                <ele>202.0</ele>
                <name>Position 686</name>
            </trkpt>
            <trkpt lat="50.47325" lon="6.950527">
                <ele>198.0</ele>
                <name>Position 687</name>
            </trkpt>
            <trkpt lat="50.473848" lon="6.951823">
                <ele>200.0</ele>
                <name>Position 688</name>
            </trkpt>
            <trkpt lat="50.474137" lon="6.953116">
                <ele>199.0</ele>
                <name>Position 689</name>
            </trkpt>
            <trkpt lat="50.474087" lon="6.956898">
                <ele>198.0</ele>
                <name>Position 690</name>
            </trkpt>
            <trkpt lat="50.474347" lon="6.959408">
                <ele>196.0</ele>
                <name>Position 691</name>
            </trkpt>
            <trkpt lat="50.474405" lon="6.960461">
                <ele>196.0</ele>
                <name>Position 692</name>
            </trkpt>
            <trkpt lat="50.474631" lon="6.961711">
                <ele>195.0</ele>
                <name>Position 693</name>
            </trkpt>
            <trkpt lat="50.475741" lon="6.963864">
                <ele>192.8</ele>
                <name>Position 694</name>
            </trkpt>
            <trkpt lat="50.4760214" lon="6.9644415">
                <name>Bikertreff Cafe Fahrtwind - In den Weidenhecken 31, 53506 Hönningen, Deutschland</name>
            </trkpt>
            <trkpt lat="50.476511" lon="6.965329">
                <ele>193.0</ele>
                <name>Position 696</name>
            </trkpt>
            <trkpt lat="50.4769" lon="6.965903">
                <ele>194.0</ele>
                <name>Position 697</name>
            </trkpt>
            <trkpt lat="50.479163" lon="6.968043">
                <ele>196.0</ele>
                <name>Position 698</name>
            </trkpt>
            <trkpt lat="50.479599" lon="6.968495">
                <ele>196.0</ele>
                <name>Position 699</name>
            </trkpt>
            <trkpt lat="50.480201" lon="6.969597">
                <ele>203.0</ele>
                <name>Position 700</name>
            </trkpt>
            <trkpt lat="50.481502" lon="6.97195">
                <ele>216.0</ele>
                <name>Position 701</name>
            </trkpt>
            <trkpt lat="50.483124" lon="6.973117">
                <ele>210.0</ele>
                <name>Position 702</name>
            </trkpt>
            <trkpt lat="50.484543" lon="6.97367">
                <ele>192.8</ele>
                <name>Position 703</name>
            </trkpt>
            <trkpt lat="50.485205" lon="6.973838">
                <ele>190.0</ele>
                <name>Position 704</name>
            </trkpt>
            <trkpt lat="50.485206" lon="6.973838">
                <ele>190.0</ele>
                <name>Position 705</name>
            </trkpt>
            <trkpt lat="50.485266" lon="6.974707">
                <ele>193.0</ele>
                <name>Position 706</name>
            </trkpt>
            <trkpt lat="50.485461" lon="6.97615">
                <ele>199.0</ele>
                <name>Position 707</name>
            </trkpt>
            <trkpt lat="50.48552" lon="6.977324">
                <ele>200.0</ele>
                <name>Position 708</name>
            </trkpt>
            <trkpt lat="50.485285" lon="6.978099">
                <ele>198.5</ele>
                <name>Position 709</name>
            </trkpt>
            <trkpt lat="50.484279" lon="6.979311">
                <ele>201.0</ele>
                <name>Position 710</name>
            </trkpt>
            <trkpt lat="50.484242" lon="6.979518">
                <ele>200.0</ele>
                <name>Position 711</name>
            </trkpt>
            <trkpt lat="50.484391" lon="6.979898">
                <ele>199.0</ele>
                <name>Position 712</name>
            </trkpt>
            <trkpt lat="50.484541" lon="6.98013">
                <ele>202.3</ele>
                <name>Position 713</name>
            </trkpt>
            <trkpt lat="50.484377" lon="6.980767">
                <ele>207.0</ele>
                <name>Position 714</name>
            </trkpt>
            <trkpt lat="50.484318" lon="6.981093">
                <ele>207.0</ele>
                <name>Position 715</name>
            </trkpt>
            <trkpt lat="50.484227" lon="6.981744">
                <ele>205.0</ele>
                <name>Position 716</name>
            </trkpt>
            <trkpt lat="50.484203" lon="6.981998">
                <ele>203.5</ele>
                <name>Position 717</name>
            </trkpt>
            <trkpt lat="50.484056" lon="6.983176">
                <ele>204.5</ele>
                <name>Position 718</name>
            </trkpt>
            <trkpt lat="50.483932" lon="6.983998">
                <ele>205.0</ele>
                <name>Position 719</name>
            </trkpt>
            <trkpt lat="50.483634" lon="6.985449">
                <ele>203.0</ele>
                <name>Position 720</name>
            </trkpt>
            <trkpt lat="50.483308" lon="6.987277">
                <ele>202.0</ele>
                <name>Position 721</name>
            </trkpt>
            <trkpt lat="50.483185" lon="6.990583">
                <ele>209.0</ele>
                <name>Position 722</name>
            </trkpt>
            <trkpt lat="50.483227" lon="6.991903">
                <ele>214.0</ele>
                <name>Position 723</name>
            </trkpt>
            <trkpt lat="50.483298" lon="6.992761">
                <ele>214.0</ele>
                <name>Position 724</name>
            </trkpt>
            <trkpt lat="50.483486" lon="6.994352">
                <ele>217.3</ele>
                <name>Position 725</name>
            </trkpt>
            <trkpt lat="50.483492" lon="6.994861">
                <ele>216.3</ele>
                <name>Position 726</name>
            </trkpt>
            <trkpt lat="50.483406" lon="6.995541">
                <ele>215.0</ele>
                <name>Position 727</name>
            </trkpt>
            <trkpt lat="50.483424" lon="6.997452">
                <ele>210.0</ele>
                <name>Position 728</name>
            </trkpt>
            <trkpt lat="50.483186" lon="6.999326">
                <ele>223.0</ele>
                <name>Position 729</name>
            </trkpt>
            <trkpt lat="50.483079" lon="7.001006">
                <ele>228.0</ele>
                <name>Position 730</name>
            </trkpt>
            <trkpt lat="50.483163" lon="7.002688">
                <ele>226.0</ele>
                <name>Position 731</name>
            </trkpt>
            <trkpt lat="50.483221" lon="7.005166">
                <ele>223.0</ele>
                <name>Position 732</name>
            </trkpt>
            <trkpt lat="50.483315" lon="7.005886">
                <ele>224.0</ele>
                <name>Position 733</name>
            </trkpt>
            <trkpt lat="50.4836" lon="7.006549">
                <ele>229.0</ele>
                <name>Position 734</name>
            </trkpt>
            <trkpt lat="50.483737" lon="7.007031">
                <ele>234.5</ele>
                <name>Position 735</name>
            </trkpt>
            <trkpt lat="50.483814" lon="7.008008">
                <ele>243.0</ele>
                <name>Position 736</name>
            </trkpt>
            <trkpt lat="50.484023" lon="7.009887">
                <ele>240.0</ele>
                <name>Position 737</name>
            </trkpt>
            <trkpt lat="50.484056" lon="7.010707">
                <ele>238.0</ele>
                <name>Position 738</name>
            </trkpt>
            <trkpt lat="50.484109" lon="7.011729">
                <ele>240.0</ele>
                <name>Position 739</name>
            </trkpt>
            <trkpt lat="50.484051" lon="7.012762">
                <ele>234.8</ele>
                <name>Position 740</name>
            </trkpt>
            <trkpt lat="50.484094" lon="7.013521">
                <ele>232.8</ele>
                <name>Position 741</name>
            </trkpt>
            <trkpt lat="50.484328" lon="7.014902">
                <ele>239.3</ele>
                <name>Position 742</name>
            </trkpt>
            <trkpt lat="50.484537" lon="7.017622">
                <ele>245.0</ele>
                <name>Position 743</name>
            </trkpt>
            <trkpt lat="50.484668" lon="7.01898">
                <ele>244.0</ele>
                <name>Position 744</name>
            </trkpt>
            <trkpt lat="50.484499" lon="7.020067">
                <ele>238.0</ele>
                <name>Position 745</name>
            </trkpt>
            <trkpt lat="50.484186" lon="7.021115">
                <ele>230.5</ele>
                <name>Position 746</name>
            </trkpt>
            <trkpt lat="50.483991" lon="7.021458">
                <ele>230.5</ele>
                <name>Position 747</name>
            </trkpt>
            <trkpt lat="50.483217" lon="7.022429">
                <ele>232.0</ele>
                <name>Position 748</name>
            </trkpt>
            <trkpt lat="50.482422" lon="7.023286">
                <ele>233.5</ele>
                <name>Position 749</name>
            </trkpt>
            <trkpt lat="50.482189" lon="7.023703">
                <ele>235.0</ele>
                <name>Position 750</name>
            </trkpt>
            <trkpt lat="50.481957" lon="7.024747">
                <ele>235.0</ele>
                <name>Position 751</name>
            </trkpt>
            <trkpt lat="50.481849" lon="7.025147">
                <ele>236.0</ele>
                <name>Position 752</name>
            </trkpt>
            <trkpt lat="50.4816" lon="7.025079">
                <ele>234.8</ele>
                <name>Position 753</name>
            </trkpt>
            <trkpt lat="50.481076" lon="7.025108">
                <ele>237.0</ele>
                <name>Position 754</name>
            </trkpt>
            <trkpt lat="50.480892" lon="7.025097">
                <ele>237.8</ele>
                <name>Position 755</name>
            </trkpt>
            <trkpt lat="50.480469" lon="7.024547">
                <ele>245.3</ele>
                <name>Position 756</name>
            </trkpt>
            <trkpt lat="50.479392" lon="7.023256">
                <ele>254.0</ele>
                <name>Position 757</name>
            </trkpt>
            <trkpt lat="50.478446" lon="7.022265">
                <ele>257.0</ele>
                <name>Position 758</name>
            </trkpt>
            <trkpt lat="50.478131" lon="7.022184">
                <ele>257.0</ele>
                <name>Position 759</name>
            </trkpt>
            <trkpt lat="50.477584" lon="7.022291">
                <ele>260.0</ele>
                <name>Position 760</name>
            </trkpt>
            <trkpt lat="50.476977" lon="7.022386">
                <ele>261.0</ele>
                <name>Position 761</name>
            </trkpt>
            <trkpt lat="50.476521" lon="7.022312">
                <ele>262.0</ele>
                <name>Position 762</name>
            </trkpt>
            <trkpt lat="50.47612" lon="7.022162">
                <ele>265.0</ele>
                <name>Position 763</name>
            </trkpt>
            <trkpt lat="50.473151" lon="7.020391">
                <ele>268.0</ele>
                <name>Position 764</name>
            </trkpt>
            <trkpt lat="50.471402" lon="7.019871">
                <ele>272.3</ele>
                <name>Position 765</name>
            </trkpt>
            <trkpt lat="50.46896" lon="7.018514">
                <ele>277.0</ele>
                <name>Position 766</name>
            </trkpt>
            <trkpt lat="50.467491" lon="7.018096">
                <ele>275.0</ele>
                <name>Position 767</name>
            </trkpt>
            <trkpt lat="50.466315" lon="7.01804">
                <ele>274.0</ele>
                <name>Position 768</name>
            </trkpt>
            <trkpt lat="50.465929" lon="7.018245">
                <ele>275.0</ele>
                <name>Position 769</name>
            </trkpt>
            <trkpt lat="50.465011" lon="7.019464">
                <ele>283.0</ele>
                <name>Position 770</name>
            </trkpt>
            <trkpt lat="50.464136" lon="7.020645">
                <ele>289.3</ele>
                <name>Position 771</name>
            </trkpt>
            <trkpt lat="50.462295" lon="7.021835">
                <ele>288.0</ele>
                <name>Position 772</name>
            </trkpt>
            <trkpt lat="50.461167" lon="7.021696">
                <ele>289.0</ele>
                <name>Position 773</name>
            </trkpt>
            <trkpt lat="50.459553" lon="7.021065">
                <ele>284.0</ele>
                <name>Position 774</name>
            </trkpt>
            <trkpt lat="50.457982" lon="7.020696">
                <ele>289.0</ele>
                <name>Position 775</name>
            </trkpt>
            <trkpt lat="50.45633" lon="7.019559">
                <ele>288.0</ele>
                <name>Position 776</name>
            </trkpt>
            <trkpt lat="50.455113" lon="7.019476">
                <ele>295.0</ele>
                <name>Position 777</name>
            </trkpt>
            <trkpt lat="50.454226" lon="7.019639">
                <ele>299.0</ele>
                <name>Position 778</name>
            </trkpt>
            <trkpt lat="50.45368" lon="7.01985">
                <ele>299.0</ele>
                <name>Position 779</name>
            </trkpt>
            <trkpt lat="50.452859" lon="7.020387">
                <ele>302.0</ele>
                <name>Position 780</name>
            </trkpt>
            <trkpt lat="50.451702" lon="7.020736">
                <ele>307.0</ele>
                <name>Position 781</name>
            </trkpt>
            <trkpt lat="50.451043" lon="7.021124">
                <ele>310.0</ele>
                <name>Position 782</name>
            </trkpt>
            <trkpt lat="50.450581" lon="7.02159">
                <ele>311.0</ele>
                <name>Position 783</name>
            </trkpt>
            <trkpt lat="50.44967" lon="7.022247">
                <ele>304.0</ele>
                <name>Position 784</name>
            </trkpt>
            <trkpt lat="50.449371" lon="7.022367">
                <ele>302.0</ele>
                <name>Position 785</name>
            </trkpt>
            <trkpt lat="50.449089" lon="7.022393">
                <ele>300.0</ele>
                <name>Position 786</name>
            </trkpt>
            <trkpt lat="50.448206" lon="7.022151">
                <ele>300.0</ele>
                <name>Position 787</name>
            </trkpt>
            <trkpt lat="50.447526" lon="7.022051">
                <ele>302.0</ele>
                <name>Position 788</name>
            </trkpt>
            <trkpt lat="50.447199" lon="7.022175">
                <ele>304.0</ele>
                <name>Position 789</name>
            </trkpt>
            <trkpt lat="50.446321" lon="7.022721">
                <ele>309.0</ele>
                <name>Position 790</name>
            </trkpt>
            <trkpt lat="50.445176" lon="7.023598">
                <ele>316.0</ele>
                <name>Position 791</name>
            </trkpt>
            <trkpt lat="50.444541" lon="7.024186">
                <ele>320.0</ele>
                <name>Position 792</name>
            </trkpt>
            <trkpt lat="50.443758" lon="7.024593">
                <ele>322.0</ele>
                <name>Position 793</name>
            </trkpt>
            <trkpt lat="50.443111" lon="7.024732">
                <ele>318.0</ele>
                <name>Position 794</name>
            </trkpt>
            <trkpt lat="50.441901" lon="7.024916">
                <ele>317.0</ele>
                <name>Position 795</name>
            </trkpt>
            <trkpt lat="50.441311" lon="7.024826">
                <ele>317.0</ele>
                <name>Position 796</name>
            </trkpt>
            <trkpt lat="50.440574" lon="7.024633">
                <ele>318.0</ele>
                <name>Position 797</name>
            </trkpt>
            <trkpt lat="50.439867" lon="7.024526">
                <ele>320.0</ele>
                <name>Position 798</name>
            </trkpt>
            <trkpt lat="50.439234" lon="7.024172">
                <ele>319.0</ele>
                <name>Position 799</name>
            </trkpt>
            <trkpt lat="50.438489" lon="7.023844">
                <ele>320.0</ele>
                <name>Position 800</name>
            </trkpt>
            <trkpt lat="50.437721" lon="7.023528">
                <ele>324.0</ele>
                <name>Position 801</name>
            </trkpt>
            <trkpt lat="50.437027" lon="7.023018">
                <ele>327.0</ele>
                <name>Position 802</name>
            </trkpt>
            <trkpt lat="50.436525" lon="7.02246">
                <ele>324.0</ele>
                <name>Position 803</name>
            </trkpt>
            <trkpt lat="50.436019" lon="7.022058">
                <ele>327.0</ele>
                <name>Position 804</name>
            </trkpt>
            <trkpt lat="50.435104" lon="7.02177">
                <ele>326.0</ele>
                <name>Position 805</name>
            </trkpt>
            <trkpt lat="50.434207" lon="7.021125">
                <ele>327.0</ele>
                <name>Position 806</name>
            </trkpt>
            <trkpt lat="50.433767" lon="7.02087">
                <ele>327.0</ele>
                <name>Position 807</name>
            </trkpt>
            <trkpt lat="50.433275" lon="7.020931">
                <ele>330.0</ele>
                <name>Position 808</name>
            </trkpt>
            <trkpt lat="50.432683" lon="7.021317">
                <ele>332.8</ele>
                <name>Position 809</name>
            </trkpt>
            <trkpt lat="50.43216" lon="7.021173">
                <ele>335.0</ele>
                <name>Position 810</name>
            </trkpt>
            <trkpt lat="50.430739" lon="7.020542">
                <ele>333.0</ele>
                <name>Position 811</name>
            </trkpt>
            <trkpt lat="50.430323" lon="7.020366">
                <ele>333.0</ele>
                <name>Position 812</name>
            </trkpt>
            <trkpt lat="50.429261" lon="7.020624">
                <ele>337.0</ele>
                <name>Position 813</name>
            </trkpt>
            <trkpt lat="50.42908" lon="7.020689">
                <ele>339.0</ele>
                <name>Position 814</name>
            </trkpt>
            <trkpt lat="50.428343" lon="7.02109">
                <ele>347.0</ele>
                <name>Position 815</name>
            </trkpt>
            <trkpt lat="50.427613" lon="7.021412">
                <ele>351.0</ele>
                <name>Position 816</name>
            </trkpt>
            <trkpt lat="50.42668" lon="7.021489">
                <ele>351.0</ele>
                <name>Position 817</name>
            </trkpt>
            <trkpt lat="50.426113" lon="7.021267">
                <ele>355.0</ele>
                <name>Position 818</name>
            </trkpt>
            <trkpt lat="50.425328" lon="7.020709">
                <ele>358.0</ele>
                <name>Position 819</name>
            </trkpt>
            <trkpt lat="50.423353" lon="7.018904">
                <ele>358.0</ele>
                <name>Position 820</name>
            </trkpt>
            <trkpt lat="50.422577" lon="7.018458">
                <ele>357.0</ele>
                <name>Position 821</name>
            </trkpt>
            <trkpt lat="50.42173" lon="7.017984">
                <ele>363.0</ele>
                <name>Position 822</name>
            </trkpt>
            <trkpt lat="50.420513" lon="7.016989">
                <ele>366.0</ele>
                <name>Position 823</name>
            </trkpt>
            <trkpt lat="50.420116" lon="7.016447">
                <ele>366.0</ele>
                <name>Position 824</name>
            </trkpt>
            <trkpt lat="50.418757" lon="7.013742">
                <ele>379.0</ele>
                <name>Position 825</name>
            </trkpt>
            <trkpt lat="50.417307" lon="7.012461">
                <ele>388.0</ele>
                <name>Position 826</name>
            </trkpt>
            <trkpt lat="50.415297" lon="7.011447">
                <ele>383.3</ele>
                <name>Position 827</name>
            </trkpt>
            <trkpt lat="50.414719" lon="7.010943">
                <ele>383.0</ele>
                <name>Position 828</name>
            </trkpt>
            <trkpt lat="50.414326" lon="7.010503">
                <ele>385.0</ele>
                <name>Position 829</name>
            </trkpt>
            <trkpt lat="50.413266" lon="7.010078">
                <ele>385.0</ele>
                <name>Position 830</name>
            </trkpt>
            <trkpt lat="50.412791" lon="7.010306">
                <ele>385.0</ele>
                <name>Position 831</name>
            </trkpt>
            <trkpt lat="50.412124" lon="7.010691">
                <ele>388.0</ele>
                <name>Position 832</name>
            </trkpt>
            <trkpt lat="50.411588" lon="7.011147">
                <ele>393.0</ele>
                <name>Position 833</name>
            </trkpt>
            <trkpt lat="50.410774" lon="7.012681">
                <ele>401.0</ele>
                <name>Position 834</name>
            </trkpt>
            <trkpt lat="50.410449" lon="7.013056">
                <ele>402.3</ele>
                <name>Position 835</name>
            </trkpt>
            <trkpt lat="50.4102" lon="7.013078">
                <ele>403.8</ele>
                <name>Position 836</name>
            </trkpt>
            <trkpt lat="50.409831" lon="7.01286">
                <ele>408.0</ele>
                <name>Position 837</name>
            </trkpt>
            <trkpt lat="50.40942" lon="7.012831">
                <ele>411.0</ele>
                <name>Position 838</name>
            </trkpt>
            <trkpt lat="50.409157" lon="7.013051">
                <ele>411.8</ele>
                <name>Position 839</name>
            </trkpt>
            <trkpt lat="50.40888" lon="7.013543">
                <ele>413.8</ele>
                <name>Position 840</name>
            </trkpt>
            <trkpt lat="50.408197" lon="7.013722">
                <ele>420.5</ele>
                <name>Position 841</name>
            </trkpt>
            <trkpt lat="50.4074" lon="7.014453">
                <ele>428.0</ele>
                <name>Position 842</name>
            </trkpt>
            <trkpt lat="50.406685" lon="7.015461">
                <ele>438.0</ele>
                <name>Position 843</name>
            </trkpt>
            <trkpt lat="50.40636" lon="7.016589">
                <ele>440.5</ele>
                <name>Position 844</name>
            </trkpt>
            <trkpt lat="50.406102" lon="7.016962">
                <ele>443.0</ele>
                <name>Position 845</name>
            </trkpt>
            <trkpt lat="50.40587" lon="7.016946">
                <ele>446.0</ele>
                <name>Position 846</name>
            </trkpt>
            <trkpt lat="50.405348" lon="7.015304">
                <ele>452.5</ele>
                <name>Position 847</name>
            </trkpt>
            <trkpt lat="50.404788" lon="7.013231">
                <ele>465.5</ele>
                <name>Position 848</name>
            </trkpt>
            <trkpt lat="50.404483" lon="7.011621">
                <ele>476.0</ele>
                <name>Position 849</name>
            </trkpt>
            <trkpt lat="50.404554" lon="7.009543">
                <ele>485.0</ele>
                <name>Position 850</name>
            </trkpt>
            <trkpt lat="50.404642" lon="7.008653">
                <ele>484.0</ele>
                <name>Position 851</name>
            </trkpt>
            <trkpt lat="50.404161" lon="7.005881">
                <ele>494.0</ele>
                <name>Position 852</name>
            </trkpt>
            <trkpt lat="50.403176" lon="7.002662">
                <ele>510.0</ele>
                <name>Position 853</name>
            </trkpt>
            <trkpt lat="50.402495" lon="7.001253">
                <ele>518.0</ele>
                <name>Position 854</name>
            </trkpt>
            <trkpt lat="50.400676" lon="6.997996">
                <ele>532.0</ele>
                <name>Position 855</name>
            </trkpt>
            <trkpt lat="50.399606" lon="6.997352">
                <ele>542.0</ele>
                <name>Position 856</name>
            </trkpt>
            <trkpt lat="50.397017" lon="6.997357">
                <ele>563.3</ele>
                <name>Position 857</name>
            </trkpt>
            <trkpt lat="50.395557" lon="6.997283">
                <ele>573.0</ele>
                <name>Position 858</name>
            </trkpt>
            <trkpt lat="50.395159" lon="6.996757">
                <ele>570.8</ele>
                <name>Position 859</name>
            </trkpt>
            <trkpt lat="50.393823" lon="6.994434">
                <ele>582.8</ele>
                <name>Position 860</name>
            </trkpt>
            <trkpt lat="50.392325" lon="6.992437">
                <ele>597.5</ele>
                <name>Position 861</name>
            </trkpt>
            <trkpt lat="50.392326" lon="6.992437">
                <ele>597.5</ele>
                <name>Position 862</name>
            </trkpt>
            <trkpt lat="50.391785" lon="6.991451">
                <ele>609.0</ele>
                <name>Position 863</name>
            </trkpt>
            <trkpt lat="50.391576" lon="6.991431">
                <ele>613.0</ele>
                <name>Position 864</name>
            </trkpt>
            <trkpt lat="50.391139" lon="6.992362">
                <ele>620.0</ele>
                <name>Position 865</name>
            </trkpt>
            <trkpt lat="50.390567" lon="6.992781">
                <ele>623.0</ele>
                <name>Position 866</name>
            </trkpt>
            <trkpt lat="50.390295" lon="6.992949">
                <ele>621.0</ele>
                <name>Position 867</name>
            </trkpt>
            <trkpt lat="50.389898" lon="6.993208">
                <ele>614.0</ele>
                <name>Position 868</name>
            </trkpt>
            <trkpt lat="50.389778" lon="6.993721">
                <ele>605.0</ele>
                <name>Position 869</name>
            </trkpt>
            <trkpt lat="50.389825" lon="6.996533">
                <ele>594.0</ele>
                <name>Position 870</name>
            </trkpt>
            <trkpt lat="50.389721" lon="6.997402">
                <ele>585.0</ele>
                <name>Position 871</name>
            </trkpt>
            <trkpt lat="50.389781" lon="6.997528">
                <ele>587.0</ele>
                <name>Position 872</name>
            </trkpt>
            <trkpt lat="50.389781" lon="6.997981">
                <ele>586.8</ele>
                <name>Position 873</name>
            </trkpt>
            <trkpt lat="50.390082" lon="6.998993">
                <ele>598.3</ele>
                <name>Position 874</name>
            </trkpt>
            <trkpt lat="50.390286" lon="6.999842">
                <ele>604.0</ele>
                <name>Position 875</name>
            </trkpt>
            <trkpt lat="50.39036" lon="7.000299">
                <ele>605.0</ele>
                <name>Position 876</name>
            </trkpt>
            <trkpt lat="50.390422" lon="7.000953">
                <ele>606.5</ele>
                <name>Position 877</name>
            </trkpt>
            <trkpt lat="50.391508" lon="7.003163">
                <ele>627.0</ele>
                <name>Position 878</name>
            </trkpt>
            <trkpt lat="50.391711" lon="7.003632">
                <ele>629.5</ele>
                <name>Position 879</name>
            </trkpt>
            <trkpt lat="50.391773" lon="7.004">
                <ele>631.0</ele>
                <name>Position 880</name>
            </trkpt>
            <trkpt lat="50.391653" lon="7.004923">
                <ele>630.8</ele>
                <name>Position 881</name>
            </trkpt>
            <trkpt lat="50.39167" lon="7.005548">
                <ele>634.0</ele>
                <name>Position 882</name>
            </trkpt>
            <trkpt lat="50.391753" lon="7.006095">
                <ele>635.0</ele>
                <name>Position 883</name>
            </trkpt>
            <trkpt lat="50.391695" lon="7.006351">
                <ele>636.0</ele>
                <name>Position 884</name>
            </trkpt>
            <trkpt lat="50.391416" lon="7.00696">
                <ele>639.0</ele>
                <name>Position 885</name>
            </trkpt>
            <trkpt lat="50.390728" lon="7.008442">
                <ele>642.0</ele>
                <name>Position 886</name>
            </trkpt>
            <trkpt lat="50.390648" lon="7.00889">
                <ele>641.0</ele>
                <name>Position 887</name>
            </trkpt>
            <trkpt lat="50.390663" lon="7.009212">
                <ele>638.0</ele>
                <name>Position 888</name>
            </trkpt>
            <trkpt lat="50.390825" lon="7.010354">
                <ele>637.0</ele>
                <name>Position 889</name>
            </trkpt>
            <trkpt lat="50.391048" lon="7.011454">
                <ele>644.0</ele>
                <name>Position 890</name>
            </trkpt>
            <trkpt lat="50.391118" lon="7.012728">
                <ele>645.0</ele>
                <name>Position 891</name>
            </trkpt>
            <trkpt lat="50.391032" lon="7.014008">
                <ele>641.0</ele>
                <name>Position 892</name>
            </trkpt>
            <trkpt lat="50.391046" lon="7.01503">
                <ele>639.0</ele>
                <name>Position 893</name>
            </trkpt>
            <trkpt lat="50.391098" lon="7.016756">
                <ele>637.0</ele>
                <name>Position 894</name>
            </trkpt>
            <trkpt lat="50.390998" lon="7.017371">
                <ele>634.0</ele>
                <name>Position 895</name>
            </trkpt>
            <trkpt lat="50.390825" lon="7.017573">
                <ele>633.0</ele>
                <name>Position 896</name>
            </trkpt>
            <trkpt lat="50.39043" lon="7.017776">
                <ele>635.0</ele>
                <name>Position 897</name>
            </trkpt>
            <trkpt lat="50.389914" lon="7.018498">
                <ele>629.0</ele>
                <name>Position 898</name>
            </trkpt>
            <trkpt lat="50.38961" lon="7.018787">
                <ele>626.0</ele>
                <name>Position 899</name>
            </trkpt>
            <trkpt lat="50.389308" lon="7.018869">
                <ele>627.0</ele>
                <name>Position 900</name>
            </trkpt>
            <trkpt lat="50.388676" lon="7.019033">
                <ele>631.0</ele>
                <name>Position 901</name>
            </trkpt>
            <trkpt lat="50.385336" lon="7.023849">
                <ele>615.0</ele>
                <name>Position 902</name>
            </trkpt>
            <trkpt lat="50.384981" lon="7.024347">
                <ele>614.3</ele>
                <name>Position 903</name>
            </trkpt>
            <trkpt lat="50.384728" lon="7.024698">
                <ele>612.0</ele>
                <name>Position 904</name>
            </trkpt>
            <trkpt lat="50.384547" lon="7.025113">
                <ele>609.3</ele>
                <name>Position 905</name>
            </trkpt>
            <trkpt lat="50.38442" lon="7.025866">
                <ele>608.0</ele>
                <name>Position 906</name>
            </trkpt>
            <trkpt lat="50.384262" lon="7.02525">
                <ele>610.0</ele>
                <name>Position 907</name>
            </trkpt>
            <trkpt lat="50.383961" lon="7.025569">
                <ele>606.3</ele>
                <name>Position 908</name>
            </trkpt>
            <trkpt lat="50.383723" lon="7.02592">
                <ele>600.0</ele>
                <name>Position 909</name>
            </trkpt>
            <trkpt lat="50.383597" lon="7.026186">
                <ele>598.0</ele>
                <name>Position 910</name>
            </trkpt>
            <trkpt lat="50.383459" lon="7.026846">
                <ele>595.0</ele>
                <name>Position 911</name>
            </trkpt>
            <trkpt lat="50.383402" lon="7.027493">
                <ele>594.0</ele>
                <name>Position 912</name>
            </trkpt>
            <trkpt lat="50.383409" lon="7.027815">
                <ele>597.0</ele>
                <name>Position 913</name>
            </trkpt>
            <trkpt lat="50.383331" lon="7.028054">
                <ele>599.0</ele>
                <name>Position 914</name>
            </trkpt>
            <trkpt lat="50.383122" lon="7.028112">
                <ele>597.0</ele>
                <name>Position 915</name>
            </trkpt>
            <trkpt lat="50.382526" lon="7.028161">
                <ele>592.0</ele>
                <name>Position 916</name>
            </trkpt>
            <trkpt lat="50.382071" lon="7.028132">
                <ele>582.0</ele>
                <name>Position 917</name>
            </trkpt>
            <trkpt lat="50.381752" lon="7.028352">
                <ele>580.0</ele>
                <name>Position 918</name>
            </trkpt>
            <trkpt lat="50.381449" lon="7.028773">
                <ele>577.0</ele>
                <name>Position 919</name>
            </trkpt>
            <trkpt lat="50.381241" lon="7.029378">
                <ele>575.0</ele>
                <name>Position 920</name>
            </trkpt>
            <trkpt lat="50.381102" lon="7.030658">
                <ele>568.0</ele>
                <name>Position 921</name>
            </trkpt>
            <trkpt lat="50.381072" lon="7.03092">
                <ele>567.3</ele>
                <name>Position 922</name>
            </trkpt>
            <trkpt lat="50.380963" lon="7.031225">
                <ele>564.0</ele>
                <name>Position 923</name>
            </trkpt>
            <trkpt lat="50.380495" lon="7.031654">
                <ele>554.0</ele>
                <name>Position 924</name>
            </trkpt>
            <trkpt lat="50.380371" lon="7.031867">
                <ele>548.5</ele>
                <name>Position 925</name>
            </trkpt>
            <trkpt lat="50.380307" lon="7.032274">
                <ele>546.0</ele>
                <name>Position 926</name>
            </trkpt>
            <trkpt lat="50.380291" lon="7.033031">
                <ele>543.0</ele>
                <name>Position 927</name>
            </trkpt>
            <trkpt lat="50.380143" lon="7.034108">
                <ele>537.0</ele>
                <name>Position 928</name>
            </trkpt>
            <trkpt lat="50.380129" lon="7.034609">
                <ele>534.0</ele>
                <name>Position 929</name>
            </trkpt>
            <trkpt lat="50.380279" lon="7.035018">
                <ele>533.0</ele>
                <name>Position 930</name>
            </trkpt>
            <trkpt lat="50.380667" lon="7.035188">
                <ele>532.5</ele>
                <name>Position 931</name>
            </trkpt>
            <trkpt lat="50.3814" lon="7.035081">
                <ele>535.0</ele>
                <name>Position 932</name>
            </trkpt>
            <trkpt lat="50.38161" lon="7.035053">
                <ele>535.5</ele>
                <name>Position 933</name>
            </trkpt>
            <trkpt lat="50.381703" lon="7.035197">
                <ele>535.3</ele>
                <name>Position 934</name>
            </trkpt>
            <trkpt lat="50.381646" lon="7.035421">
                <ele>533.3</ele>
                <name>Position 935</name>
            </trkpt>
            <trkpt lat="50.381228" lon="7.035833">
                <ele>528.0</ele>
                <name>Position 936</name>
            </trkpt>
            <trkpt lat="50.380397" lon="7.036441">
                <ele>519.5</ele>
                <name>Position 937</name>
            </trkpt>
            <trkpt lat="50.379621" lon="7.036907">
                <ele>511.0</ele>
                <name>Position 938</name>
            </trkpt>
            <trkpt lat="50.379418" lon="7.036652">
                <ele>511.0</ele>
                <name>Position 939</name>
            </trkpt>
            <trkpt lat="50.379244" lon="7.036474">
                <ele>510.0</ele>
                <name>Position 940</name>
            </trkpt>
            <trkpt lat="50.378976" lon="7.03619">
                <ele>511.0</ele>
                <name>Position 941</name>
            </trkpt>
            <trkpt lat="50.378854" lon="7.035793">
                <ele>512.0</ele>
                <name>Position 942</name>
            </trkpt>
            <trkpt lat="50.37886" lon="7.035226">
                <ele>515.0</ele>
                <name>Position 943</name>
            </trkpt>
            <trkpt lat="50.378881" lon="7.034872">
                <ele>515.5</ele>
                <name>Position 944</name>
            </trkpt>
            <trkpt lat="50.378797" lon="7.034675">
                <ele>517.0</ele>
                <name>Position 945</name>
            </trkpt>
            <trkpt lat="50.378647" lon="7.034704">
                <ele>517.5</ele>
                <name>Position 946</name>
            </trkpt>
            <trkpt lat="50.378331" lon="7.03531">
                <ele>516.3</ele>
                <name>Position 947</name>
            </trkpt>
            <trkpt lat="50.378039" lon="7.036139">
                <ele>520.0</ele>
                <name>Position 948</name>
            </trkpt>
            <trkpt lat="50.3779" lon="7.036895">
                <ele>525.0</ele>
                <name>Position 949</name>
            </trkpt>
            <trkpt lat="50.377943" lon="7.038581">
                <ele>522.0</ele>
                <name>Position 950</name>
            </trkpt>
            <trkpt lat="50.377485" lon="7.039576">
                <ele>528.0</ele>
                <name>Position 951</name>
            </trkpt>
            <trkpt lat="50.376585" lon="7.040134">
                <ele>531.0</ele>
                <name>Position 952</name>
            </trkpt>
            <trkpt lat="50.376441" lon="7.040119">
                <ele>529.5</ele>
                <name>Position 953</name>
            </trkpt>
            <trkpt lat="50.376409" lon="7.039929">
                <ele>530.8</ele>
                <name>Position 954</name>
            </trkpt>
            <trkpt lat="50.377067" lon="7.03875">
                <ele>540.0</ele>
                <name>Position 955</name>
            </trkpt>
            <trkpt lat="50.3773" lon="7.038089">
                <ele>541.0</ele>
                <name>Position 956</name>
            </trkpt>
            <trkpt lat="50.37715" lon="7.036957">
                <ele>543.0</ele>
                <name>Position 957</name>
            </trkpt>
            <trkpt lat="50.3768797" lon="7.0361779">
                <name>K2, 56729 Siebenbach, Deutschland</name>
            </trkpt>
            <trkpt lat="50.376795" lon="7.035706">
                <ele>546.8</ele>
                <name>Position 959</name>
            </trkpt>
            <trkpt lat="50.376642" lon="7.03451">
                <ele>549.3</ele>
                <name>Position 960</name>
            </trkpt>
            <trkpt lat="50.376771" lon="7.033116">
                <ele>554.0</ele>
                <name>Position 961</name>
            </trkpt>
            <trkpt lat="50.376544" lon="7.031617">
                <ele>567.0</ele>
                <name>Position 962</name>
            </trkpt>
            <trkpt lat="50.375939" lon="7.030127">
                <ele>574.0</ele>
                <name>Position 963</name>
            </trkpt>
            <trkpt lat="50.373653" lon="7.02716">
                <ele>593.0</ele>
                <name>Position 964</name>
            </trkpt>
            <trkpt lat="50.372785" lon="7.026224">
                <ele>594.0</ele>
                <name>Position 965</name>
            </trkpt>
            <trkpt lat="50.372751" lon="7.025657">
                <ele>592.0</ele>
                <name>Position 966</name>
            </trkpt>
            <trkpt lat="50.37312" lon="7.025119">
                <ele>590.5</ele>
                <name>Position 967</name>
            </trkpt>
            <trkpt lat="50.372667" lon="7.023989">
                <ele>578.0</ele>
                <name>Position 968</name>
            </trkpt>
            <trkpt lat="50.371831" lon="7.022031">
                <ele>563.0</ele>
                <name>Position 969</name>
            </trkpt>
            <trkpt lat="50.371138" lon="7.021083">
                <ele>553.0</ele>
                <name>Position 970</name>
            </trkpt>
            <trkpt lat="50.370581" lon="7.019576">
                <ele>541.0</ele>
                <name>Position 971</name>
            </trkpt>
            <trkpt lat="50.370268" lon="7.01819">
                <ele>534.0</ele>
                <name>Position 972</name>
            </trkpt>
            <trkpt lat="50.37054" lon="7.017716">
                <ele>533.5</ele>
                <name>Position 973</name>
            </trkpt>
            <trkpt lat="50.369756" lon="7.017596">
                <ele>526.0</ele>
                <name>Position 974</name>
            </trkpt>
            <trkpt lat="50.368874" lon="7.018233">
                <ele>518.5</ele>
                <name>Position 975</name>
            </trkpt>
            <trkpt lat="50.367945" lon="7.019016">
                <ele>512.0</ele>
                <name>Position 976</name>
            </trkpt>
            <trkpt lat="50.367655" lon="7.019085">
                <ele>510.0</ele>
                <name>Position 977</name>
            </trkpt>
            <trkpt lat="50.366817" lon="7.019653">
                <ele>508.0</ele>
                <name>Position 978</name>
            </trkpt>
            <trkpt lat="50.365626" lon="7.019617">
                <ele>505.0</ele>
                <name>Position 979</name>
            </trkpt>
            <trkpt lat="50.36499" lon="7.020102">
                <ele>512.0</ele>
                <name>Position 980</name>
            </trkpt>
            <trkpt lat="50.364302" lon="7.020113">
                <ele>507.0</ele>
                <name>Position 981</name>
            </trkpt>
            <trkpt lat="50.363945" lon="7.019787">
                <ele>501.3</ele>
                <name>Position 982</name>
            </trkpt>
            <trkpt lat="50.363621" lon="7.01916">
                <ele>492.0</ele>
                <name>Position 983</name>
            </trkpt>
            <trkpt lat="50.363098" lon="7.01796">
                <ele>490.0</ele>
                <name>Position 984</name>
            </trkpt>
            <trkpt lat="50.362347" lon="7.017661">
                <ele>491.0</ele>
                <name>Position 985</name>
            </trkpt>
            <trkpt lat="50.360673" lon="7.018108">
                <ele>489.0</ele>
                <name>Position 986</name>
            </trkpt>
            <trkpt lat="50.359736" lon="7.018832">
                <ele>484.0</ele>
                <name>Position 987</name>
            </trkpt>
            <trkpt lat="50.359011" lon="7.019801">
                <ele>478.0</ele>
                <name>Position 988</name>
            </trkpt>
            <trkpt lat="50.35787" lon="7.020788">
                <ele>472.0</ele>
                <name>Position 989</name>
            </trkpt>
            <trkpt lat="50.357179" lon="7.020936">
                <ele>471.0</ele>
                <name>Position 990</name>
            </trkpt>
            <trkpt lat="50.356724" lon="7.020298">
                <ele>472.8</ele>
                <name>Position 991</name>
            </trkpt>
            <trkpt lat="50.356557" lon="7.019871">
                <ele>476.0</ele>
                <name>Position 992</name>
            </trkpt>
            <trkpt lat="50.356396" lon="7.019026">
                <ele>480.5</ele>
                <name>Position 993</name>
            </trkpt>
            <trkpt lat="50.356294" lon="7.018627">
                <ele>484.0</ele>
                <name>Position 994</name>
            </trkpt>
            <trkpt lat="50.356216" lon="7.018461">
                <ele>485.0</ele>
                <name>Position 995</name>
            </trkpt>
            <trkpt lat="50.355547" lon="7.018124">
                <ele>488.0</ele>
                <name>Position 996</name>
            </trkpt>
            <trkpt lat="50.35455" lon="7.017196">
                <ele>493.0</ele>
                <name>Position 997</name>
            </trkpt>
            <trkpt lat="50.355134" lon="7.016417">
                <ele>494.0</ele>
                <name>Position 998</name>
            </trkpt>
            <trkpt lat="50.355687" lon="7.015616">
                <ele>495.0</ele>
                <name>Position 999</name>
            </trkpt>
            <trkpt lat="50.355912" lon="7.015216">
                <ele>495.5</ele>
                <name>Position 1000</name>
            </trkpt>
            <trkpt lat="50.356068" lon="7.014919">
                <ele>497.0</ele>
                <name>Position 1001</name>
            </trkpt>
            <trkpt lat="50.356247" lon="7.014512">
                <ele>496.8</ele>
                <name>Position 1002</name>
            </trkpt>
            <trkpt lat="50.356379" lon="7.014137">
                <ele>497.5</ele>
                <name>Position 1003</name>
            </trkpt>
            <trkpt lat="50.356586" lon="7.013396">
                <ele>498.8</ele>
                <name>Position 1004</name>
            </trkpt>
            <trkpt lat="50.356728" lon="7.012799">
                <ele>500.0</ele>
                <name>Position 1005</name>
            </trkpt>
            <trkpt lat="50.356852" lon="7.012077">
                <ele>501.0</ele>
                <name>Position 1006</name>
            </trkpt>
            <trkpt lat="50.3569751" lon="7.0113561">
                <name>B258, 56729 Herresbach, Deutschland</name>
            </trkpt>
            <trkpt lat="50.356932" lon="7.011303">
                <ele>501.0</ele>
                <name>Position 1008</name>
            </trkpt>
            <trkpt lat="50.357022" lon="7.01011">
                <ele>499.5</ele>
                <name>Position 1009</name>
            </trkpt>
            <trkpt lat="50.357053" lon="7.008613">
                <ele>501.0</ele>
                <name>Position 1010</name>
            </trkpt>
            <trkpt lat="50.356966" lon="7.006781">
                <ele>500.8</ele>
                <name>Position 1011</name>
            </trkpt>
            <trkpt lat="50.356753" lon="7.005257">
                <ele>504.0</ele>
                <name>Position 1012</name>
            </trkpt>
            <trkpt lat="50.356438" lon="7.003232">
                <ele>505.8</ele>
                <name>Position 1013</name>
            </trkpt>
            <trkpt lat="50.356176" lon="7.00202">
                <ele>513.0</ele>
                <name>Position 1014</name>
            </trkpt>
            <trkpt lat="50.356003" lon="7.001301">
                <ele>515.0</ele>
                <name>Position 1015</name>
            </trkpt>
            <trkpt lat="50.35551" lon="6.999279">
                <ele>517.5</ele>
                <name>Position 1016</name>
            </trkpt>
            <trkpt lat="50.355396" lon="6.998687">
                <ele>518.8</ele>
                <name>Position 1017</name>
            </trkpt>
            <trkpt lat="50.355194" lon="6.997537">
                <ele>522.8</ele>
                <name>Position 1018</name>
            </trkpt>
            <trkpt lat="50.35477" lon="6.995267">
                <ele>527.8</ele>
                <name>Position 1019</name>
            </trkpt>
            <trkpt lat="50.354513" lon="6.993997">
                <ele>535.0</ele>
                <name>Position 1020</name>
            </trkpt>
            <trkpt lat="50.353922" lon="6.992332">
                <ele>540.0</ele>
                <name>Position 1021</name>
            </trkpt>
            <trkpt lat="50.353288" lon="6.990336">
                <ele>547.0</ele>
                <name>Position 1022</name>
            </trkpt>
            <trkpt lat="50.352886" lon="6.988424">
                <ele>548.5</ele>
                <name>Position 1023</name>
            </trkpt>
            <trkpt lat="50.352344" lon="6.985514">
                <ele>546.3</ele>
                <name>Position 1024</name>
            </trkpt>
            <trkpt lat="50.352081" lon="6.984046">
                <ele>546.0</ele>
                <name>Position 1025</name>
            </trkpt>
            <trkpt lat="50.35213" lon="6.983664">
                <ele>548.3</ele>
                <name>Position 1026</name>
            </trkpt>
            <trkpt lat="50.352183" lon="6.983495">
                <ele>549.3</ele>
                <name>Position 1027</name>
            </trkpt>
            <trkpt lat="50.352315" lon="6.983261">
                <ele>551.3</ele>
                <name>Position 1028</name>
            </trkpt>
            <trkpt lat="50.352743" lon="6.982859">
                <ele>557.0</ele>
                <name>Position 1029</name>
            </trkpt>
            <trkpt lat="50.35282" lon="6.982717">
                <ele>559.0</ele>
                <name>Position 1030</name>
            </trkpt>
            <trkpt lat="50.352858" lon="6.982571">
                <ele>560.0</ele>
                <name>Position 1031</name>
            </trkpt>
            <trkpt lat="50.352873" lon="6.982384">
                <ele>560.0</ele>
                <name>Position 1032</name>
            </trkpt>
            <trkpt lat="50.35284" lon="6.982192">
                <ele>560.0</ele>
                <name>Position 1033</name>
            </trkpt>
            <trkpt lat="50.352748" lon="6.98199">
                <ele>558.0</ele>
                <name>Position 1034</name>
            </trkpt>
            <trkpt lat="50.352612" lon="6.981772">
                <ele>556.0</ele>
                <name>Position 1035</name>
            </trkpt>
            <trkpt lat="50.352516" lon="6.981538">
                <ele>553.0</ele>
                <name>Position 1036</name>
            </trkpt>
            <trkpt lat="50.352455" lon="6.981259">
                <ele>552.0</ele>
                <name>Position 1037</name>
            </trkpt>
            <trkpt lat="50.352441" lon="6.981007">
                <ele>551.0</ele>
                <name>Position 1038</name>
            </trkpt>
            <trkpt lat="50.352467" lon="6.980797">
                <ele>550.0</ele>
                <name>Position 1039</name>
            </trkpt>
            <trkpt lat="50.352564" lon="6.980217">
                <ele>547.0</ele>
                <name>Position 1040</name>
            </trkpt>
            <trkpt lat="50.352541" lon="6.979857">
                <ele>543.5</ele>
                <name>Position 1041</name>
            </trkpt>
            <trkpt lat="50.352464" lon="6.979586">
                <ele>542.0</ele>
                <name>Position 1042</name>
            </trkpt>
            <trkpt lat="50.352331" lon="6.979347">
                <ele>539.8</ele>
                <name>Position 1043</name>
            </trkpt>
            <trkpt lat="50.352071" lon="6.978989">
                <ele>539.0</ele>
                <name>Position 1044</name>
            </trkpt>
            <trkpt lat="50.351971" lon="6.978782">
                <ele>537.5</ele>
                <name>Position 1045</name>
            </trkpt>
            <trkpt lat="50.351879" lon="6.978474">
                <ele>536.0</ele>
                <name>Position 1046</name>
            </trkpt>
            <trkpt lat="50.351818" lon="6.978145">
                <ele>534.5</ele>
                <name>Position 1047</name>
            </trkpt>
            <trkpt lat="50.3518" lon="6.977841">
                <ele>534.0</ele>
                <name>Position 1048</name>
            </trkpt>
            <trkpt lat="50.351814" lon="6.976852">
                <ele>529.8</ele>
                <name>Position 1049</name>
            </trkpt>
            <trkpt lat="50.351845" lon="6.976422">
                <ele>527.0</ele>
                <name>Position 1050</name>
            </trkpt>
            <trkpt lat="50.351852" lon="6.976018">
                <ele>525.0</ele>
                <name>Position 1051</name>
            </trkpt>
            <trkpt lat="50.351826" lon="6.975605">
                <ele>523.0</ele>
                <name>Position 1052</name>
            </trkpt>
            <trkpt lat="50.35175" lon="6.975189">
                <ele>520.0</ele>
                <name>Position 1053</name>
            </trkpt>
            <trkpt lat="50.351588" lon="6.974536">
                <ele>516.8</ele>
                <name>Position 1054</name>
            </trkpt>
            <trkpt lat="50.351499" lon="6.974006">
                <ele>515.0</ele>
                <name>Position 1055</name>
            </trkpt>
            <trkpt lat="50.351422" lon="6.97348">
                <ele>513.5</ele>
                <name>Position 1056</name>
            </trkpt>
            <trkpt lat="50.351395" lon="6.973043">
                <ele>511.8</ele>
                <name>Position 1057</name>
            </trkpt>
            <trkpt lat="50.351412" lon="6.972642">
                <ele>509.0</ele>
                <name>Position 1058</name>
            </trkpt>
            <trkpt lat="50.351437" lon="6.97231">
                <ele>507.0</ele>
                <name>Position 1059</name>
            </trkpt>
            <trkpt lat="50.351427" lon="6.972018">
                <ele>507.0</ele>
                <name>Position 1060</name>
            </trkpt>
            <trkpt lat="50.351363" lon="6.971727">
                <ele>507.3</ele>
                <name>Position 1061</name>
            </trkpt>
            <trkpt lat="50.351285" lon="6.971532">
                <ele>508.8</ele>
                <name>Position 1062</name>
            </trkpt>
            <trkpt lat="50.351161" lon="6.971321">
                <ele>511.3</ele>
                <name>Position 1063</name>
            </trkpt>
            <trkpt lat="50.35096" lon="6.971024">
                <ele>515.0</ele>
                <name>Position 1064</name>
            </trkpt>
            <trkpt lat="50.350982" lon="6.970884">
                <ele>514.0</ele>
                <name>Position 1065</name>
            </trkpt>
            <trkpt lat="50.351098" lon="6.970854">
                <ele>512.0</ele>
                <name>Position 1066</name>
            </trkpt>
            <trkpt lat="50.351588" lon="6.971146">
                <ele>503.0</ele>
                <name>Position 1067</name>
            </trkpt>
            <trkpt lat="50.352006" lon="6.97116">
                <ele>501.0</ele>
                <name>Position 1068</name>
            </trkpt>
            <trkpt lat="50.352237" lon="6.971265">
                <ele>499.8</ele>
                <name>Position 1069</name>
            </trkpt>
            <trkpt lat="50.352694" lon="6.971718">
                <ele>496.0</ele>
                <name>Position 1070</name>
            </trkpt>
            <trkpt lat="50.353058" lon="6.971829">
                <ele>494.0</ele>
                <name>Position 1071</name>
            </trkpt>
            <trkpt lat="50.353419" lon="6.971718">
                <ele>493.3</ele>
                <name>Position 1072</name>
            </trkpt>
            <trkpt lat="50.353721" lon="6.971432">
                <ele>496.0</ele>
                <name>Position 1073</name>
            </trkpt>
            <trkpt lat="50.354302" lon="6.970433">
                <ele>495.0</ele>
                <name>Position 1074</name>
            </trkpt>
            <trkpt lat="50.354783" lon="6.969993">
                <ele>484.5</ele>
                <name>Position 1075</name>
            </trkpt>
            <trkpt lat="50.355057" lon="6.969626">
                <ele>480.0</ele>
                <name>Position 1076</name>
            </trkpt>
            <trkpt lat="50.355227" lon="6.969033">
                <ele>478.0</ele>
                <name>Position 1077</name>
            </trkpt>
            <trkpt lat="50.35547" lon="6.968414">
                <ele>474.0</ele>
                <name>Position 1078</name>
            </trkpt>
            <trkpt lat="50.355656" lon="6.968116">
                <ele>471.0</ele>
                <name>Position 1079</name>
            </trkpt>
            <trkpt lat="50.356102" lon="6.967587">
                <ele>469.0</ele>
                <name>Position 1080</name>
            </trkpt>
            <trkpt lat="50.356161" lon="6.967238">
                <ele>470.0</ele>
                <name>Position 1081</name>
            </trkpt>
            <trkpt lat="50.356229" lon="6.966148">
                <ele>467.0</ele>
                <name>Position 1082</name>
            </trkpt>
            <trkpt lat="50.356299" lon="6.965498">
                <ele>461.8</ele>
                <name>Position 1083</name>
            </trkpt>
            <trkpt lat="50.356407" lon="6.965265">
                <ele>459.0</ele>
                <name>Position 1084</name>
            </trkpt>
            <trkpt lat="50.356589" lon="6.965119">
                <ele>454.0</ele>
                <name>Position 1085</name>
            </trkpt>
            <trkpt lat="50.357635" lon="6.964278">
                <ele>452.0</ele>
                <name>Position 1086</name>
            </trkpt>
            <trkpt lat="50.357873" lon="6.964156">
                <ele>451.0</ele>
                <name>Position 1087</name>
            </trkpt>
            <trkpt lat="50.358476" lon="6.96405">
                <ele>446.0</ele>
                <name>Position 1088</name>
            </trkpt>
            <trkpt lat="50.358763" lon="6.96413">
                <ele>443.0</ele>
                <name>Position 1089</name>
            </trkpt>
            <trkpt lat="50.359047" lon="6.964347">
                <ele>440.0</ele>
                <name>Position 1090</name>
            </trkpt>
            <trkpt lat="50.359433" lon="6.96476">
                <ele>436.0</ele>
                <name>Position 1091</name>
            </trkpt>
            <trkpt lat="50.359684" lon="6.964927">
                <ele>434.8</ele>
                <name>Position 1092</name>
            </trkpt>
            <trkpt lat="50.36026" lon="6.965111">
                <ele>434.3</ele>
                <name>Position 1093</name>
            </trkpt>
            <trkpt lat="50.360537" lon="6.965185">
                <ele>434.0</ele>
                <name>Position 1094</name>
            </trkpt>
            <trkpt lat="50.360724" lon="6.965156">
                <ele>434.0</ele>
                <name>Position 1095</name>
            </trkpt>
            <trkpt lat="50.361106" lon="6.964844">
                <ele>433.0</ele>
                <name>Position 1096</name>
            </trkpt>
            <trkpt lat="50.363239" lon="6.962879">
                <ele>426.0</ele>
                <name>Position 1097</name>
            </trkpt>
            <trkpt lat="50.363976" lon="6.962286">
                <ele>424.0</ele>
                <name>Position 1098</name>
            </trkpt>
            <trkpt lat="50.364748" lon="6.96186">
                <ele>418.0</ele>
                <name>Position 1099</name>
            </trkpt>
            <trkpt lat="50.365147" lon="6.961554">
                <ele>416.0</ele>
                <name>Position 1100</name>
            </trkpt>
            <trkpt lat="50.365426" lon="6.961144">
                <ele>416.0</ele>
                <name>Position 1101</name>
            </trkpt>
            <trkpt lat="50.366112" lon="6.960114">
                <ele>413.0</ele>
                <name>Position 1102</name>
            </trkpt>
            <trkpt lat="50.366494" lon="6.959375">
                <ele>409.0</ele>
                <name>Position 1103</name>
            </trkpt>
            <trkpt lat="50.366898" lon="6.958625">
                <ele>405.0</ele>
                <name>Position 1104</name>
            </trkpt>
            <trkpt lat="50.367541" lon="6.957859">
                <ele>403.0</ele>
                <name>Position 1105</name>
            </trkpt>
            <trkpt lat="50.368292" lon="6.956764">
                <ele>393.0</ele>
                <name>Position 1106</name>
            </trkpt>
            <trkpt lat="50.368739" lon="6.956204">
                <ele>390.0</ele>
                <name>Position 1107</name>
            </trkpt>
            <trkpt lat="50.368746" lon="6.955953">
                <ele>388.0</ele>
                <name>Position 1108</name>
            </trkpt>
            <trkpt lat="50.36863" lon="6.955749">
                <ele>386.0</ele>
                <name>Position 1109</name>
            </trkpt>
            <trkpt lat="50.368393" lon="6.955683">
                <ele>385.0</ele>
                <name>Position 1110</name>
            </trkpt>
            <trkpt lat="50.368103" lon="6.955852">
                <ele>384.0</ele>
                <name>Position 1111</name>
            </trkpt>
            <trkpt lat="50.367817" lon="6.956287">
                <ele>383.8</ele>
                <name>Position 1112</name>
            </trkpt>
            <trkpt lat="50.367575" lon="6.9569">
                <ele>388.5</ele>
                <name>Position 1113</name>
            </trkpt>
            <trkpt lat="50.367473" lon="6.957002">
                <ele>390.0</ele>
                <name>Position 1114</name>
            </trkpt>
            <trkpt lat="50.3674" lon="6.956952">
                <ele>387.5</ele>
                <name>Position 1115</name>
            </trkpt>
            <trkpt lat="50.367401" lon="6.956816">
                <ele>385.8</ele>
                <name>Position 1116</name>
            </trkpt>
            <trkpt lat="50.367636" lon="6.956325">
                <ele>382.0</ele>
                <name>Position 1117</name>
            </trkpt>
            <trkpt lat="50.367919" lon="6.955455">
                <ele>376.0</ele>
                <name>Position 1118</name>
            </trkpt>
            <trkpt lat="50.368187" lon="6.954988">
                <ele>371.8</ele>
                <name>Position 1119</name>
            </trkpt>
            <trkpt lat="50.368582" lon="6.954639">
                <ele>368.0</ele>
                <name>Position 1120</name>
            </trkpt>
            <trkpt lat="50.369082" lon="6.954459">
                <ele>364.0</ele>
                <name>Position 1121</name>
            </trkpt>
            <trkpt lat="50.369556" lon="6.954359">
                <ele>363.0</ele>
                <name>Position 1122</name>
            </trkpt>
            <trkpt lat="50.37002" lon="6.954131">
                <ele>360.0</ele>
                <name>Position 1123</name>
            </trkpt>
            <trkpt lat="50.37013" lon="6.953807">
                <ele>359.0</ele>
                <name>Position 1124</name>
            </trkpt>
            <trkpt lat="50.370124" lon="6.953521">
                <ele>357.0</ele>
                <name>Position 1125</name>
            </trkpt>
            <trkpt lat="50.371337" lon="6.953652">
                <ele>356.0</ele>
                <name>Position 1126</name>
            </trkpt>
            <trkpt lat="50.371879" lon="6.953412">
                <ele>350.5</ele>
                <name>Position 1127</name>
            </trkpt>
            <trkpt lat="50.372523" lon="6.953037">
                <ele>347.3</ele>
                <name>Position 1128</name>
            </trkpt>
            <trkpt lat="50.373087" lon="6.952904">
                <ele>346.0</ele>
                <name>Position 1129</name>
            </trkpt>
            <trkpt lat="50.373753" lon="6.952358">
                <ele>344.0</ele>
                <name>Position 1130</name>
            </trkpt>
            <trkpt lat="50.374488" lon="6.951761">
                <ele>342.0</ele>
                <name>Position 1131</name>
            </trkpt>
            <trkpt lat="50.375044" lon="6.951558">
                <ele>340.0</ele>
                <name>Position 1132</name>
            </trkpt>
            <trkpt lat="50.375847" lon="6.95138">
                <ele>339.0</ele>
                <name>Position 1133</name>
            </trkpt>
            <trkpt lat="50.376411" lon="6.951033">
                <ele>336.0</ele>
                <name>Position 1134</name>
            </trkpt>
            <trkpt lat="50.376777" lon="6.950435">
                <ele>334.0</ele>
                <name>Position 1135</name>
            </trkpt>
            <trkpt lat="50.376933" lon="6.950023">
                <ele>334.5</ele>
                <name>Position 1136</name>
            </trkpt>
            <trkpt lat="50.377392" lon="6.949364">
                <ele>333.0</ele>
                <name>Position 1137</name>
            </trkpt>
            <trkpt lat="50.377782" lon="6.949122">
                <ele>331.0</ele>
                <name>Position 1138</name>
            </trkpt>
            <trkpt lat="50.378298" lon="6.948868">
                <ele>329.0</ele>
                <name>Position 1139</name>
            </trkpt>
            <trkpt lat="50.378917" lon="6.948266">
                <ele>332.0</ele>
                <name>Position 1140</name>
            </trkpt>
            <trkpt lat="50.379571" lon="6.947618">
                <ele>339.0</ele>
                <name>Position 1141</name>
            </trkpt>
            <trkpt lat="50.379861" lon="6.947233">
                <ele>340.0</ele>
                <name>Position 1142</name>
            </trkpt>
            <trkpt lat="50.38013" lon="6.946768">
                <ele>336.5</ele>
                <name>Position 1143</name>
            </trkpt>
            <trkpt lat="50.380694" lon="6.946274">
                <ele>337.0</ele>
                <name>Position 1144</name>
            </trkpt>
            <trkpt lat="50.381185" lon="6.945923">
                <ele>332.0</ele>
                <name>Position 1145</name>
            </trkpt>
            <trkpt lat="50.381392" lon="6.945643">
                <ele>329.0</ele>
                <name>Position 1146</name>
            </trkpt>
            <trkpt lat="50.381509" lon="6.94525">
                <ele>328.0</ele>
                <name>Position 1147</name>
            </trkpt>
            <trkpt lat="50.381601" lon="6.944895">
                <ele>327.0</ele>
                <name>Position 1148</name>
            </trkpt>
            <trkpt lat="50.381763" lon="6.944142">
                <ele>328.0</ele>
                <name>Position 1149</name>
            </trkpt>
            <trkpt lat="50.381815" lon="6.943418">
                <ele>326.0</ele>
                <name>Position 1150</name>
            </trkpt>
            <trkpt lat="50.381774" lon="6.942743">
                <ele>322.3</ele>
                <name>Position 1151</name>
            </trkpt>
            <trkpt lat="50.381868" lon="6.942306">
                <ele>322.0</ele>
                <name>Position 1152</name>
            </trkpt>
            <trkpt lat="50.381929" lon="6.942014">
                <ele>323.3</ele>
                <name>Position 1153</name>
            </trkpt>
            <trkpt lat="50.381948" lon="6.940841">
                <ele>326.0</ele>
                <name>Position 1154</name>
            </trkpt>
            <trkpt lat="50.381894" lon="6.940294">
                <ele>325.0</ele>
                <name>Position 1155</name>
            </trkpt>
            <trkpt lat="50.38182" lon="6.939503">
                <ele>322.0</ele>
                <name>Position 1156</name>
            </trkpt>
            <trkpt lat="50.381771" lon="6.93829">
                <ele>315.0</ele>
                <name>Position 1157</name>
            </trkpt>
            <trkpt lat="50.381753" lon="6.937191">
                <ele>312.8</ele>
                <name>Position 1158</name>
            </trkpt>
            <trkpt lat="50.381687" lon="6.936414">
                <ele>312.0</ele>
                <name>Position 1159</name>
            </trkpt>
            <trkpt lat="50.381675" lon="6.935564">
                <ele>312.0</ele>
                <name>Position 1160</name>
            </trkpt>
            <trkpt lat="50.381687" lon="6.934947">
                <ele>312.0</ele>
                <name>Position 1161</name>
            </trkpt>
            <trkpt lat="50.381586" lon="6.934202">
                <ele>312.0</ele>
                <name>Position 1162</name>
            </trkpt>
            <trkpt lat="50.381597" lon="6.933742">
                <ele>313.0</ele>
                <name>Position 1163</name>
            </trkpt>
            <trkpt lat="50.381836" lon="6.932775">
                <ele>314.0</ele>
                <name>Position 1164</name>
            </trkpt>
            <trkpt lat="50.382062" lon="6.931896">
                <ele>313.0</ele>
                <name>Position 1165</name>
            </trkpt>
            <trkpt lat="50.382154" lon="6.93155">
                <ele>311.5</ele>
                <name>Position 1166</name>
            </trkpt>
            <trkpt lat="50.382197" lon="6.931327">
                <ele>312.0</ele>
                <name>Position 1167</name>
            </trkpt>
            <trkpt lat="50.3822" lon="6.931139">
                <ele>311.0</ele>
                <name>Position 1168</name>
            </trkpt>
            <trkpt lat="50.382154" lon="6.930686">
                <ele>311.0</ele>
                <name>Position 1169</name>
            </trkpt>
            <trkpt lat="50.382192" lon="6.930343">
                <ele>309.0</ele>
                <name>Position 1170</name>
            </trkpt>
            <trkpt lat="50.382118" lon="6.930104">
                <ele>309.0</ele>
                <name>Position 1171</name>
            </trkpt>
            <trkpt lat="50.381837" lon="6.929828">
                <ele>309.8</ele>
                <name>Position 1172</name>
            </trkpt>
            <trkpt lat="50.3818105" lon="6.9297753">
                <name>Wimbachstraße 4, 53518 Adenau, Deutschland</name>
            </trkpt>
            <trkpt lat="50.381642" lon="6.929633">
                <ele>310.0</ele>
                <name>Position 1174</name>
            </trkpt>
            <trkpt lat="50.381415" lon="6.92918">
                <ele>309.0</ele>
                <name>Position 1175</name>
            </trkpt>
            <trkpt lat="50.381106" lon="6.92875">
                <ele>313.0</ele>
                <name>Position 1176</name>
            </trkpt>
            <trkpt lat="50.380445" lon="6.928335">
                <ele>318.0</ele>
                <name>Position 1177</name>
            </trkpt>
            <trkpt lat="50.380093" lon="6.927882">
                <ele>321.0</ele>
                <name>Position 1178</name>
            </trkpt>
            <trkpt lat="50.379737" lon="6.927239">
                <ele>326.0</ele>
                <name>Position 1179</name>
            </trkpt>
            <trkpt lat="50.379616" lon="6.927143">
                <ele>327.0</ele>
                <name>Position 1180</name>
            </trkpt>
            <trkpt lat="50.379207" lon="6.927209">
                <ele>329.0</ele>
                <name>Position 1181</name>
            </trkpt>
            <trkpt lat="50.378889" lon="6.927123">
                <ele>329.0</ele>
                <name>Position 1182</name>
            </trkpt>
            <trkpt lat="50.378651" lon="6.927001">
                <ele>329.0</ele>
                <name>Position 1183</name>
            </trkpt>
            <trkpt lat="50.378368" lon="6.926822">
                <ele>331.0</ele>
                <name>Position 1184</name>
            </trkpt>
            <trkpt lat="50.377649" lon="6.926224">
                <ele>334.5</ele>
                <name>Position 1185</name>
            </trkpt>
            <trkpt lat="50.376738" lon="6.925445">
                <ele>337.0</ele>
                <name>Position 1186</name>
            </trkpt>
            <trkpt lat="50.37603" lon="6.92483">
                <ele>339.0</ele>
                <name>Position 1187</name>
            </trkpt>
            <trkpt lat="50.375286" lon="6.923866">
                <ele>340.0</ele>
                <name>Position 1188</name>
            </trkpt>
            <trkpt lat="50.374518" lon="6.922972">
                <ele>342.0</ele>
                <name>Position 1189</name>
            </trkpt>
            <trkpt lat="50.374238" lon="6.922435">
                <ele>342.0</ele>
                <name>Position 1190</name>
            </trkpt>
            <trkpt lat="50.374012" lon="6.922041">
                <ele>342.0</ele>
                <name>Position 1191</name>
            </trkpt>
            <trkpt lat="50.37366" lon="6.921748">
                <ele>341.0</ele>
                <name>Position 1192</name>
            </trkpt>
            <trkpt lat="50.373516" lon="6.92157">
                <ele>340.8</ele>
                <name>Position 1193</name>
            </trkpt>
            <trkpt lat="50.373321" lon="6.921197">
                <ele>341.0</ele>
                <name>Position 1194</name>
            </trkpt>
            <trkpt lat="50.372735" lon="6.919761">
                <ele>344.5</ele>
                <name>Position 1195</name>
            </trkpt>
            <trkpt lat="50.372517" lon="6.918999">
                <ele>345.0</ele>
                <name>Position 1196</name>
            </trkpt>
            <trkpt lat="50.372127" lon="6.918021">
                <ele>353.0</ele>
                <name>Position 1197</name>
            </trkpt>
            <trkpt lat="50.371812" lon="6.917588">
                <ele>354.0</ele>
                <name>Position 1198</name>
            </trkpt>
            <trkpt lat="50.371277" lon="6.917131">
                <ele>358.0</ele>
                <name>Position 1199</name>
            </trkpt>
            <trkpt lat="50.370938" lon="6.91689">
                <ele>360.0</ele>
                <name>Position 1200</name>
            </trkpt>
            <trkpt lat="50.370587" lon="6.916632">
                <ele>361.0</ele>
                <name>Position 1201</name>
            </trkpt>
            <trkpt lat="50.370191" lon="6.916074">
                <ele>363.0</ele>
                <name>Position 1202</name>
            </trkpt>
            <trkpt lat="50.369835" lon="6.915317">
                <ele>367.3</ele>
                <name>Position 1203</name>
            </trkpt>
            <trkpt lat="50.369426" lon="6.914323">
                <ele>369.0</ele>
                <name>Position 1204</name>
            </trkpt>
            <trkpt lat="50.369154" lon="6.913931">
                <ele>370.0</ele>
                <name>Position 1205</name>
            </trkpt>
            <trkpt lat="50.368537" lon="6.913638">
                <ele>368.0</ele>
                <name>Position 1206</name>
            </trkpt>
            <trkpt lat="50.36804" lon="6.913715">
                <ele>368.0</ele>
                <name>Position 1207</name>
            </trkpt>
            <trkpt lat="50.367123" lon="6.913898">
                <ele>376.0</ele>
                <name>Position 1208</name>
            </trkpt>
            <trkpt lat="50.366948" lon="6.913787">
                <ele>377.0</ele>
                <name>Position 1209</name>
            </trkpt>
            <trkpt lat="50.366307" lon="6.912487">
                <ele>381.0</ele>
                <name>Position 1210</name>
            </trkpt>
            <trkpt lat="50.365496" lon="6.911153">
                <ele>388.8</ele>
                <name>Position 1211</name>
            </trkpt>
            <trkpt lat="50.364987" lon="6.910224">
                <ele>393.0</ele>
                <name>Position 1212</name>
            </trkpt>
            <trkpt lat="50.364919" lon="6.910312">
                <ele>394.5</ele>
                <name>Position 1213</name>
            </trkpt>
            <trkpt lat="50.365085" lon="6.910877">
                <ele>396.0</ele>
                <name>Position 1214</name>
            </trkpt>
            <trkpt lat="50.365111" lon="6.911433">
                <ele>397.0</ele>
                <name>Position 1215</name>
            </trkpt>
            <trkpt lat="50.364926" lon="6.911789">
                <ele>400.0</ele>
                <name>Position 1216</name>
            </trkpt>
            <trkpt lat="50.364584" lon="6.911934">
                <ele>401.5</ele>
                <name>Position 1217</name>
            </trkpt>
            <trkpt lat="50.364114" lon="6.912007">
                <ele>406.5</ele>
                <name>Position 1218</name>
            </trkpt>
            <trkpt lat="50.364068" lon="6.911947">
                <ele>408.0</ele>
                <name>Position 1219</name>
            </trkpt>
            <trkpt lat="50.364054" lon="6.911843">
                <ele>408.0</ele>
                <name>Position 1220</name>
            </trkpt>
            <trkpt lat="50.3642" lon="6.911335">
                <ele>410.0</ele>
                <name>Position 1221</name>
            </trkpt>
            <trkpt lat="50.364261" lon="6.910908">
                <ele>411.0</ele>
                <name>Position 1222</name>
            </trkpt>
            <trkpt lat="50.364252" lon="6.910726">
                <ele>411.0</ele>
                <name>Position 1223</name>
            </trkpt>
            <trkpt lat="50.364127" lon="6.910457">
                <ele>412.0</ele>
                <name>Position 1224</name>
            </trkpt>
            <trkpt lat="50.363593" lon="6.910101">
                <ele>419.0</ele>
                <name>Position 1225</name>
            </trkpt>
            <trkpt lat="50.363593" lon="6.910102">
                <ele>419.0</ele>
                <name>Position 1226</name>
            </trkpt>
            <trkpt lat="50.363382" lon="6.909953">
                <ele>422.0</ele>
                <name>Position 1227</name>
            </trkpt>
            <trkpt lat="50.362625" lon="6.909097">
                <ele>427.3</ele>
                <name>Position 1228</name>
            </trkpt>
            <trkpt lat="50.362401" lon="6.908773">
                <ele>429.8</ele>
                <name>Position 1229</name>
            </trkpt>
            <trkpt lat="50.362197" lon="6.908429">
                <ele>432.3</ele>
                <name>Position 1230</name>
            </trkpt>
            <trkpt lat="50.362051" lon="6.908088">
                <ele>434.8</ele>
                <name>Position 1231</name>
            </trkpt>
            <trkpt lat="50.361954" lon="6.907568">
                <ele>436.5</ele>
                <name>Position 1232</name>
            </trkpt>
            <trkpt lat="50.361896" lon="6.907157">
                <ele>438.0</ele>
                <name>Position 1233</name>
            </trkpt>
            <trkpt lat="50.361512" lon="6.906749">
                <ele>438.5</ele>
                <name>Position 1234</name>
            </trkpt>
            <trkpt lat="50.361688" lon="6.906322">
                <ele>438.3</ele>
                <name>Position 1235</name>
            </trkpt>
            <trkpt lat="50.361742" lon="6.905935">
                <ele>438.0</ele>
                <name>Position 1236</name>
            </trkpt>
            <trkpt lat="50.361863" lon="6.905031">
                <ele>441.8</ele>
                <name>Position 1237</name>
            </trkpt>
            <trkpt lat="50.361974" lon="6.904383">
                <ele>445.0</ele>
                <name>Position 1238</name>
            </trkpt>
            <trkpt lat="50.361989" lon="6.903686">
                <ele>444.0</ele>
                <name>Position 1239</name>
            </trkpt>
            <trkpt lat="50.36201" lon="6.903319">
                <ele>441.8</ele>
                <name>Position 1240</name>
            </trkpt>
            <trkpt lat="50.362139" lon="6.903004">
                <ele>442.0</ele>
                <name>Position 1241</name>
            </trkpt>
            <trkpt lat="50.362288" lon="6.902809">
                <ele>441.5</ele>
                <name>Position 1242</name>
            </trkpt>
            <trkpt lat="50.362445" lon="6.902408">
                <ele>439.0</ele>
                <name>Position 1243</name>
            </trkpt>
            <trkpt lat="50.36261" lon="6.90196">
                <ele>437.8</ele>
                <name>Position 1244</name>
            </trkpt>
            <trkpt lat="50.362564" lon="6.901604">
                <ele>434.0</ele>
                <name>Position 1245</name>
            </trkpt>
            <trkpt lat="50.3625" lon="6.901313">
                <ele>433.0</ele>
                <name>Position 1246</name>
            </trkpt>
            <trkpt lat="50.362507" lon="6.900822">
                <ele>434.0</ele>
                <name>Position 1247</name>
            </trkpt>
            <trkpt lat="50.362355" lon="6.900522">
                <ele>435.0</ele>
                <name>Position 1248</name>
            </trkpt>
            <trkpt lat="50.362077" lon="6.90018">
                <ele>434.0</ele>
                <name>Position 1249</name>
            </trkpt>
            <trkpt lat="50.361832" lon="6.899915">
                <ele>431.5</ele>
                <name>Position 1250</name>
            </trkpt>
            <trkpt lat="50.361618" lon="6.899691">
                <ele>431.0</ele>
                <name>Position 1251</name>
            </trkpt>
            <trkpt lat="50.361449" lon="6.899385">
                <ele>431.3</ele>
                <name>Position 1252</name>
            </trkpt>
            <trkpt lat="50.361234" lon="6.898864">
                <ele>430.0</ele>
                <name>Position 1253</name>
            </trkpt>
            <trkpt lat="50.361153" lon="6.898339">
                <ele>429.8</ele>
                <name>Position 1254</name>
            </trkpt>
            <trkpt lat="50.361083" lon="6.89799">
                <ele>430.8</ele>
                <name>Position 1255</name>
            </trkpt>
            <trkpt lat="50.360762" lon="6.897214">
                <ele>430.0</ele>
                <name>Position 1256</name>
            </trkpt>
            <trkpt lat="50.360482" lon="6.896598">
                <ele>431.0</ele>
                <name>Position 1257</name>
            </trkpt>
            <trkpt lat="50.360422" lon="6.895502">
                <ele>432.0</ele>
                <name>Position 1258</name>
            </trkpt>
            <trkpt lat="50.360486" lon="6.894764">
                <ele>433.0</ele>
                <name>Position 1259</name>
            </trkpt>
            <trkpt lat="50.360373" lon="6.893852">
                <ele>429.0</ele>
                <name>Position 1260</name>
            </trkpt>
            <trkpt lat="50.360569" lon="6.893025">
                <ele>427.3</ele>
                <name>Position 1261</name>
            </trkpt>
            <trkpt lat="50.360908" lon="6.891901">
                <ele>422.8</ele>
                <name>Position 1262</name>
            </trkpt>
            <trkpt lat="50.361113" lon="6.890311">
                <ele>417.5</ele>
                <name>Position 1263</name>
            </trkpt>
            <trkpt lat="50.361012" lon="6.889596">
                <ele>412.8</ele>
                <name>Position 1264</name>
            </trkpt>
            <trkpt lat="50.360973" lon="6.889454">
                <ele>412.0</ele>
                <name>Position 1265</name>
            </trkpt>
            <trkpt lat="50.360874" lon="6.889388">
                <ele>410.0</ele>
                <name>Position 1266</name>
            </trkpt>
            <trkpt lat="50.360669" lon="6.889549">
                <ele>410.0</ele>
                <name>Position 1267</name>
            </trkpt>
            <trkpt lat="50.360387" lon="6.889877">
                <ele>412.0</ele>
                <name>Position 1268</name>
            </trkpt>
            <trkpt lat="50.360143" lon="6.889851">
                <ele>414.0</ele>
                <name>Position 1269</name>
            </trkpt>
            <trkpt lat="50.35962" lon="6.889211">
                <ele>419.0</ele>
                <name>Position 1270</name>
            </trkpt>
            <trkpt lat="50.359278" lon="6.888622">
                <ele>421.0</ele>
                <name>Position 1271</name>
            </trkpt>
            <trkpt lat="50.35906" lon="6.888291">
                <ele>423.0</ele>
                <name>Position 1272</name>
            </trkpt>
            <trkpt lat="50.358542" lon="6.887074">
                <ele>424.0</ele>
                <name>Position 1273</name>
            </trkpt>
            <trkpt lat="50.358003" lon="6.886331">
                <ele>426.0</ele>
                <name>Position 1274</name>
            </trkpt>
            <trkpt lat="50.35775" lon="6.885791">
                <ele>425.0</ele>
                <name>Position 1275</name>
            </trkpt>
            <trkpt lat="50.357468" lon="6.884992">
                <ele>424.0</ele>
                <name>Position 1276</name>
            </trkpt>
            <trkpt lat="50.356721" lon="6.884559">
                <ele>428.5</ele>
                <name>Position 1277</name>
            </trkpt>
            <trkpt lat="50.356323" lon="6.88453">
                <ele>432.3</ele>
                <name>Position 1278</name>
            </trkpt>
            <trkpt lat="50.355695" lon="6.88484">
                <ele>435.5</ele>
                <name>Position 1279</name>
            </trkpt>
            <trkpt lat="50.355372" lon="6.885264">
                <ele>440.0</ele>
                <name>Position 1280</name>
            </trkpt>
            <trkpt lat="50.355177" lon="6.885838">
                <ele>437.0</ele>
                <name>Position 1281</name>
            </trkpt>
            <trkpt lat="50.35514" lon="6.886832">
                <ele>438.0</ele>
                <name>Position 1282</name>
            </trkpt>
            <trkpt lat="50.355232" lon="6.887489">
                <ele>442.0</ele>
                <name>Position 1283</name>
            </trkpt>
            <trkpt lat="50.355292" lon="6.887718">
                <ele>442.0</ele>
                <name>Position 1284</name>
            </trkpt>
            <trkpt lat="50.355266" lon="6.887874">
                <ele>442.0</ele>
                <name>Position 1285</name>
            </trkpt>
            <trkpt lat="50.355214" lon="6.887853">
                <ele>442.0</ele>
                <name>Position 1286</name>
            </trkpt>
            <trkpt lat="50.355117" lon="6.887545">
                <ele>442.0</ele>
                <name>Position 1287</name>
            </trkpt>
            <trkpt lat="50.354908" lon="6.887013">
                <ele>441.0</ele>
                <name>Position 1288</name>
            </trkpt>
            <trkpt lat="50.354762" lon="6.886236">
                <ele>444.0</ele>
                <name>Position 1289</name>
            </trkpt>
            <trkpt lat="50.354743" lon="6.885657">
                <ele>449.0</ele>
                <name>Position 1290</name>
            </trkpt>
            <trkpt lat="50.355117" lon="6.884569">
                <ele>456.0</ele>
                <name>Position 1291</name>
            </trkpt>
            <trkpt lat="50.355572" lon="6.883809">
                <ele>455.8</ele>
                <name>Position 1292</name>
            </trkpt>
            <trkpt lat="50.355987" lon="6.883383">
                <ele>454.0</ele>
                <name>Position 1293</name>
            </trkpt>
            <trkpt lat="50.356147" lon="6.883212">
                <ele>455.0</ele>
                <name>Position 1294</name>
            </trkpt>
            <trkpt lat="50.356193" lon="6.882915">
                <ele>458.0</ele>
                <name>Position 1295</name>
            </trkpt>
            <trkpt lat="50.356126" lon="6.882237">
                <ele>467.0</ele>
                <name>Position 1296</name>
            </trkpt>
            <trkpt lat="50.356284" lon="6.881801">
                <ele>467.0</ele>
                <name>Position 1297</name>
            </trkpt>
            <trkpt lat="50.356571" lon="6.881708">
                <ele>460.5</ele>
                <name>Position 1298</name>
            </trkpt>
            <trkpt lat="50.356683" lon="6.881318">
                <ele>461.0</ele>
                <name>Position 1299</name>
            </trkpt>
            <trkpt lat="50.356666" lon="6.880809">
                <ele>465.0</ele>
                <name>Position 1300</name>
            </trkpt>
            <trkpt lat="50.356446" lon="6.879751">
                <ele>470.5</ele>
                <name>Position 1301</name>
            </trkpt>
            <trkpt lat="50.356276" lon="6.878829">
                <ele>476.5</ele>
                <name>Position 1302</name>
            </trkpt>
            <trkpt lat="50.356262" lon="6.878373">
                <ele>479.0</ele>
                <name>Position 1303</name>
            </trkpt>
            <trkpt lat="50.356112" lon="6.877681">
                <ele>483.5</ele>
                <name>Position 1304</name>
            </trkpt>
            <trkpt lat="50.355865" lon="6.877093">
                <ele>487.8</ele>
                <name>Position 1305</name>
            </trkpt>
            <trkpt lat="50.355595" lon="6.876652">
                <ele>492.0</ele>
                <name>Position 1306</name>
            </trkpt>
            <trkpt lat="50.355435" lon="6.875873">
                <ele>492.8</ele>
                <name>Position 1307</name>
            </trkpt>
            <trkpt lat="50.35533" lon="6.87479">
                <ele>495.0</ele>
                <name>Position 1308</name>
            </trkpt>
            <trkpt lat="50.355159" lon="6.874163">
                <ele>494.0</ele>
                <name>Position 1309</name>
            </trkpt>
            <trkpt lat="50.35516" lon="6.873991">
                <ele>493.0</ele>
                <name>Position 1310</name>
            </trkpt>
            <trkpt lat="50.35539" lon="6.873467">
                <ele>492.0</ele>
                <name>Position 1311</name>
            </trkpt>
            <trkpt lat="50.356475" lon="6.871575">
                <ele>483.0</ele>
                <name>Position 1312</name>
            </trkpt>
            <trkpt lat="50.356914" lon="6.870632">
                <ele>478.0</ele>
                <name>Position 1313</name>
            </trkpt>
            <trkpt lat="50.357157" lon="6.869683">
                <ele>475.8</ele>
                <name>Position 1314</name>
            </trkpt>
            <trkpt lat="50.357231" lon="6.869068">
                <ele>474.0</ele>
                <name>Position 1315</name>
            </trkpt>
            <trkpt lat="50.357243" lon="6.868337">
                <ele>472.8</ele>
                <name>Position 1316</name>
            </trkpt>
            <trkpt lat="50.357167" lon="6.86755">
                <ele>473.0</ele>
                <name>Position 1317</name>
            </trkpt>
            <trkpt lat="50.356703" lon="6.86557">
                <ele>469.5</ele>
                <name>Position 1318</name>
            </trkpt>
            <trkpt lat="50.356306" lon="6.863694">
                <ele>469.0</ele>
                <name>Position 1319</name>
            </trkpt>
            <trkpt lat="50.356266" lon="6.862921">
                <ele>468.0</ele>
                <name>Position 1320</name>
            </trkpt>
            <trkpt lat="50.35636" lon="6.861888">
                <ele>464.8</ele>
                <name>Position 1321</name>
            </trkpt>
            <trkpt lat="50.356434" lon="6.861134">
                <ele>463.0</ele>
                <name>Position 1322</name>
            </trkpt>
            <trkpt lat="50.356044" lon="6.860452">
                <ele>460.5</ele>
                <name>Position 1323</name>
            </trkpt>
            <trkpt lat="50.355355" lon="6.859243">
                <ele>453.8</ele>
                <name>Position 1324</name>
            </trkpt>
            <trkpt lat="50.354989" lon="6.858618">
                <ele>449.5</ele>
                <name>Position 1325</name>
            </trkpt>
            <trkpt lat="50.354737" lon="6.858427">
                <ele>447.0</ele>
                <name>Position 1326</name>
            </trkpt>
            <trkpt lat="50.354101" lon="6.858044">
                <ele>442.3</ele>
                <name>Position 1327</name>
            </trkpt>
            <trkpt lat="50.353737" lon="6.857848">
                <ele>441.0</ele>
                <name>Position 1328</name>
            </trkpt>
            <trkpt lat="50.353293" lon="6.857784">
                <ele>440.0</ele>
                <name>Position 1329</name>
            </trkpt>
            <trkpt lat="50.352375" lon="6.857794">
                <ele>431.0</ele>
                <name>Position 1330</name>
            </trkpt>
            <trkpt lat="50.352159" lon="6.857685">
                <ele>428.0</ele>
                <name>Position 1331</name>
            </trkpt>
            <trkpt lat="50.351928" lon="6.857087">
                <ele>427.0</ele>
                <name>Position 1332</name>
            </trkpt>
            <trkpt lat="50.351646" lon="6.856252">
                <ele>421.0</ele>
                <name>Position 1333</name>
            </trkpt>
            <trkpt lat="50.351607" lon="6.855863">
                <ele>419.5</ele>
                <name>Position 1334</name>
            </trkpt>
            <trkpt lat="50.351615" lon="6.855423">
                <ele>419.3</ele>
                <name>Position 1335</name>
            </trkpt>
            <trkpt lat="50.351551" lon="6.855169">
                <ele>418.8</ele>
                <name>Position 1336</name>
            </trkpt>
            <trkpt lat="50.35142" lon="6.854755">
                <ele>419.0</ele>
                <name>Position 1337</name>
            </trkpt>
            <trkpt lat="50.351322" lon="6.854351">
                <ele>417.8</ele>
                <name>Position 1338</name>
            </trkpt>
            <trkpt lat="50.351185" lon="6.854198">
                <ele>416.3</ele>
                <name>Position 1339</name>
            </trkpt>
            <trkpt lat="50.350873" lon="6.85408">
                <ele>412.0</ele>
                <name>Position 1340</name>
            </trkpt>
            <trkpt lat="50.350641" lon="6.85398">
                <ele>411.0</ele>
                <name>Position 1341</name>
            </trkpt>
            <trkpt lat="50.350424" lon="6.853846">
                <ele>411.0</ele>
                <name>Position 1342</name>
            </trkpt>
            <trkpt lat="50.35034" lon="6.853707">
                <ele>411.8</ele>
                <name>Position 1343</name>
            </trkpt>
            <trkpt lat="50.350311" lon="6.853454">
                <ele>412.0</ele>
                <name>Position 1344</name>
            </trkpt>
            <trkpt lat="50.350349" lon="6.853143">
                <ele>413.0</ele>
                <name>Position 1345</name>
            </trkpt>
            <trkpt lat="50.350378" lon="6.852741">
                <ele>411.8</ele>
                <name>Position 1346</name>
            </trkpt>
            <trkpt lat="50.350313" lon="6.852475">
                <ele>413.0</ele>
                <name>Position 1347</name>
            </trkpt>
            <trkpt lat="50.35015" lon="6.852226">
                <ele>416.0</ele>
                <name>Position 1348</name>
            </trkpt>
            <trkpt lat="50.349903" lon="6.852015">
                <ele>419.0</ele>
                <name>Position 1349</name>
            </trkpt>
            <trkpt lat="50.349549" lon="6.851907">
                <ele>421.0</ele>
                <name>Position 1350</name>
            </trkpt>
            <trkpt lat="50.349436" lon="6.851854">
                <ele>422.0</ele>
                <name>Position 1351</name>
            </trkpt>
            <trkpt lat="50.349337" lon="6.851727">
                <ele>423.0</ele>
                <name>Position 1352</name>
            </trkpt>
            <trkpt lat="50.349181" lon="6.851395">
                <ele>424.0</ele>
                <name>Position 1353</name>
            </trkpt>
            <trkpt lat="50.349115" lon="6.851242">
                <ele>425.0</ele>
                <name>Position 1354</name>
            </trkpt>
            <trkpt lat="50.34913" lon="6.851108">
                <ele>425.0</ele>
                <name>Position 1355</name>
            </trkpt>
            <trkpt lat="50.349419" lon="6.850222">
                <ele>423.5</ele>
                <name>Position 1356</name>
            </trkpt>
            <trkpt lat="50.34978" lon="6.848759">
                <ele>423.3</ele>
                <name>Position 1357</name>
            </trkpt>
            <trkpt lat="50.350416" lon="6.84671">
                <ele>424.0</ele>
                <name>Position 1358</name>
            </trkpt>
            <trkpt lat="50.350851" lon="6.845588">
                <ele>425.0</ele>
                <name>Position 1359</name>
            </trkpt>
            <trkpt lat="50.351245" lon="6.844327">
                <ele>423.0</ele>
                <name>Position 1360</name>
            </trkpt>
            <trkpt lat="50.351734" lon="6.843743">
                <ele>421.0</ele>
                <name>Position 1361</name>
            </trkpt>
            <trkpt lat="50.352188" lon="6.84316">
                <ele>419.0</ele>
                <name>Position 1362</name>
            </trkpt>
            <trkpt lat="50.3522471" lon="6.8430488">
                <name>Maternusstraße 46, 53534 Pomster, Deutschland</name>
            </trkpt>
            <trkpt lat="50.352378" lon="6.842796">
                <ele>418.0</ele>
                <name>Position 1364</name>
            </trkpt>
            <trkpt lat="50.352496" lon="6.842386">
                <ele>419.0</ele>
                <name>Position 1365</name>
            </trkpt>
            <trkpt lat="50.352638" lon="6.842066">
                <ele>418.0</ele>
                <name>Position 1366</name>
            </trkpt>
            <trkpt lat="50.352802" lon="6.842056">
                <ele>417.0</ele>
                <name>Position 1367</name>
            </trkpt>
            <trkpt lat="50.353021" lon="6.841965">
                <ele>414.5</ele>
                <name>Position 1368</name>
            </trkpt>
            <trkpt lat="50.353305" lon="6.841565">
                <ele>414.0</ele>
                <name>Position 1369</name>
            </trkpt>
            <trkpt lat="50.354201" lon="6.840532">
                <ele>411.8</ele>
                <name>Position 1370</name>
            </trkpt>
            <trkpt lat="50.354559" lon="6.840153">
                <ele>410.8</ele>
                <name>Position 1371</name>
            </trkpt>
            <trkpt lat="50.355149" lon="6.839216">
                <ele>412.0</ele>
                <name>Position 1372</name>
            </trkpt>
            <trkpt lat="50.355357" lon="6.839036">
                <ele>410.0</ele>
                <name>Position 1373</name>
            </trkpt>
            <trkpt lat="50.355839" lon="6.838727">
                <ele>407.0</ele>
                <name>Position 1374</name>
            </trkpt>
            <trkpt lat="50.356054" lon="6.838611">
                <ele>407.0</ele>
                <name>Position 1375</name>
            </trkpt>
            <trkpt lat="50.356116" lon="6.838601">
                <ele>407.0</ele>
                <name>Position 1376</name>
            </trkpt>
            <trkpt lat="50.356332" lon="6.838587">
                <ele>406.0</ele>
                <name>Position 1377</name>
            </trkpt>
            <trkpt lat="50.35654" lon="6.838577">
                <ele>405.0</ele>
                <name>Position 1378</name>
            </trkpt>
            <trkpt lat="50.356744" lon="6.838485">
                <ele>403.5</ele>
                <name>Position 1379</name>
            </trkpt>
            <trkpt lat="50.357119" lon="6.838204">
                <ele>405.0</ele>
                <name>Position 1380</name>
            </trkpt>
            <trkpt lat="50.357312" lon="6.838083">
                <ele>405.0</ele>
                <name>Position 1381</name>
            </trkpt>
            <trkpt lat="50.35752" lon="6.837991">
                <ele>404.0</ele>
                <name>Position 1382</name>
            </trkpt>
            <trkpt lat="50.358397" lon="6.837595">
                <ele>403.0</ele>
                <name>Position 1383</name>
            </trkpt>
            <trkpt lat="50.358595" lon="6.837445">
                <ele>402.0</ele>
                <name>Position 1384</name>
            </trkpt>
            <trkpt lat="50.358784" lon="6.837219">
                <ele>401.5</ele>
                <name>Position 1385</name>
            </trkpt>
            <trkpt lat="50.35902" lon="6.836889">
                <ele>403.0</ele>
                <name>Position 1386</name>
            </trkpt>
            <trkpt lat="50.359219" lon="6.836699">
                <ele>404.0</ele>
                <name>Position 1387</name>
            </trkpt>
            <trkpt lat="50.359484" lon="6.836554">
                <ele>404.0</ele>
                <name>Position 1388</name>
            </trkpt>
            <trkpt lat="50.360559" lon="6.836053">
                <ele>402.0</ele>
                <name>Position 1389</name>
            </trkpt>
            <trkpt lat="50.360789" lon="6.835836">
                <ele>401.0</ele>
                <name>Position 1390</name>
            </trkpt>
            <trkpt lat="50.360979" lon="6.835669">
                <ele>399.0</ele>
                <name>Position 1391</name>
            </trkpt>
            <trkpt lat="50.361744" lon="6.835165">
                <ele>398.0</ele>
                <name>Position 1392</name>
            </trkpt>
            <trkpt lat="50.361966" lon="6.835098">
                <ele>398.0</ele>
                <name>Position 1393</name>
            </trkpt>
            <trkpt lat="50.362182" lon="6.835167">
                <ele>399.0</ele>
                <name>Position 1394</name>
            </trkpt>
            <trkpt lat="50.363019" lon="6.835728">
                <ele>395.0</ele>
                <name>Position 1395</name>
            </trkpt>
            <trkpt lat="50.364016" lon="6.836897">
                <ele>391.0</ele>
                <name>Position 1396</name>
            </trkpt>
            <trkpt lat="50.3644" lon="6.837241">
                <ele>390.0</ele>
                <name>Position 1397</name>
            </trkpt>
            <trkpt lat="50.364794" lon="6.837432">
                <ele>390.0</ele>
                <name>Position 1398</name>
            </trkpt>
            <trkpt lat="50.36516" lon="6.837469">
                <ele>388.0</ele>
                <name>Position 1399</name>
            </trkpt>
            <trkpt lat="50.36546" lon="6.837324">
                <ele>382.0</ele>
                <name>Position 1400</name>
            </trkpt>
            <trkpt lat="50.365711" lon="6.837279">
                <ele>378.0</ele>
                <name>Position 1401</name>
            </trkpt>
            <trkpt lat="50.365924" lon="6.837416">
                <ele>380.0</ele>
                <name>Position 1402</name>
            </trkpt>
            <trkpt lat="50.366216" lon="6.837598">
                <ele>380.0</ele>
                <name>Position 1403</name>
            </trkpt>
            <trkpt lat="50.366391" lon="6.837799">
                <ele>378.0</ele>
                <name>Position 1404</name>
            </trkpt>
            <trkpt lat="50.366418" lon="6.838116">
                <ele>376.0</ele>
                <name>Position 1405</name>
            </trkpt>
            <trkpt lat="50.366469" lon="6.838354">
                <ele>374.0</ele>
                <name>Position 1406</name>
            </trkpt>
            <trkpt lat="50.366591" lon="6.838416">
                <ele>372.0</ele>
                <name>Position 1407</name>
            </trkpt>
            <trkpt lat="50.366753" lon="6.838118">
                <ele>372.0</ele>
                <name>Position 1408</name>
            </trkpt>
            <trkpt lat="50.366965" lon="6.837381">
                <ele>369.0</ele>
                <name>Position 1409</name>
            </trkpt>
            <trkpt lat="50.36701" lon="6.837011">
                <ele>362.0</ele>
                <name>Position 1410</name>
            </trkpt>
            <trkpt lat="50.367053" lon="6.836833">
                <ele>359.0</ele>
                <name>Position 1411</name>
            </trkpt>
            <trkpt lat="50.367183" lon="6.836804">
                <ele>358.0</ele>
                <name>Position 1412</name>
            </trkpt>
            <trkpt lat="50.367995" lon="6.837279">
                <ele>350.0</ele>
                <name>Position 1413</name>
            </trkpt>
            <trkpt lat="50.367999" lon="6.837458">
                <ele>352.0</ele>
                <name>Position 1414</name>
            </trkpt>
            <trkpt lat="50.367929" lon="6.8377">
                <ele>352.0</ele>
                <name>Position 1415</name>
            </trkpt>
            <trkpt lat="50.367794" lon="6.837904">
                <ele>353.0</ele>
                <name>Position 1416</name>
            </trkpt>
            <trkpt lat="50.367708" lon="6.838065">
                <ele>353.0</ele>
                <name>Position 1417</name>
            </trkpt>
            <trkpt lat="50.367751" lon="6.838188">
                <ele>351.0</ele>
                <name>Position 1418</name>
            </trkpt>
            <trkpt lat="50.367843" lon="6.838156">
                <ele>350.0</ele>
                <name>Position 1419</name>
            </trkpt>
            <trkpt lat="50.36803" lon="6.837893">
                <ele>349.0</ele>
                <name>Position 1420</name>
            </trkpt>
            <trkpt lat="50.368249" lon="6.837703">
                <ele>347.0</ele>
                <name>Position 1421</name>
            </trkpt>
            <trkpt lat="50.368324" lon="6.837542">
                <ele>346.0</ele>
                <name>Position 1422</name>
            </trkpt>
            <trkpt lat="50.368331" lon="6.837249">
                <ele>344.0</ele>
                <name>Position 1423</name>
            </trkpt>
            <trkpt lat="50.368266" lon="6.836906">
                <ele>341.0</ele>
                <name>Position 1424</name>
            </trkpt>
            <trkpt lat="50.368067" lon="6.836638">
                <ele>343.0</ele>
                <name>Position 1425</name>
            </trkpt>
            <trkpt lat="50.367929" lon="6.836538">
                <ele>343.8</ele>
                <name>Position 1426</name>
            </trkpt>
            <trkpt lat="50.367922" lon="6.836422">
                <ele>342.0</ele>
                <name>Position 1427</name>
            </trkpt>
            <trkpt lat="50.368021" lon="6.836388">
                <ele>340.0</ele>
                <name>Position 1428</name>
            </trkpt>
            <trkpt lat="50.368488" lon="6.836954">
                <ele>338.0</ele>
                <name>Position 1429</name>
            </trkpt>
            <trkpt lat="50.368868" lon="6.83737">
                <ele>334.0</ele>
                <name>Position 1430</name>
            </trkpt>
            <trkpt lat="50.369178" lon="6.837646">
                <ele>328.3</ele>
                <name>Position 1431</name>
            </trkpt>
            <trkpt lat="50.369545" lon="6.837992">
                <ele>328.0</ele>
                <name>Position 1432</name>
            </trkpt>
            <trkpt lat="50.369758" lon="6.838102">
                <ele>328.0</ele>
                <name>Position 1433</name>
            </trkpt>
            <trkpt lat="50.370197" lon="6.838052">
                <ele>330.0</ele>
                <name>Position 1434</name>
            </trkpt>
            <trkpt lat="50.370289" lon="6.83848">
                <ele>329.0</ele>
                <name>Position 1435</name>
            </trkpt>
            <trkpt lat="50.370559" lon="6.839715">
                <ele>326.3</ele>
                <name>Position 1436</name>
            </trkpt>
            <trkpt lat="50.370834" lon="6.841757">
                <ele>321.0</ele>
                <name>Position 1437</name>
            </trkpt>
            <trkpt lat="50.370982" lon="6.843166">
                <ele>322.5</ele>
                <name>Position 1438</name>
            </trkpt>
            <trkpt lat="50.371012" lon="6.843729">
                <ele>324.8</ele>
                <name>Position 1439</name>
            </trkpt>
            <trkpt lat="50.370968" lon="6.844614">
                <ele>330.0</ele>
                <name>Position 1440</name>
            </trkpt>
            <trkpt lat="50.371258" lon="6.84582">
                <ele>339.0</ele>
                <name>Position 1441</name>
            </trkpt>
            <trkpt lat="50.371625" lon="6.847649">
                <ele>340.0</ele>
                <name>Position 1442</name>
            </trkpt>
            <trkpt lat="50.371953" lon="6.852478">
                <ele>336.0</ele>
                <name>Position 1443</name>
            </trkpt>
            <trkpt lat="50.3720523" lon="6.8533143">
                <name>Adenauer Straße 31A, 53534 Wirft, Deutschland</name>
            </trkpt>
            <trkpt lat="50.372067" lon="6.853443">
                <ele>336.8</ele>
                <name>Position 1445</name>
            </trkpt>
            <trkpt lat="50.372293" lon="6.855335">
                <ele>340.0</ele>
                <name>Position 1446</name>
            </trkpt>
            <trkpt lat="50.372557" lon="6.857154">
                <ele>344.0</ele>
                <name>Position 1447</name>
            </trkpt>
            <trkpt lat="50.372777" lon="6.858732">
                <ele>347.8</ele>
                <name>Position 1448</name>
            </trkpt>
            <trkpt lat="50.373149" lon="6.859871">
                <ele>356.0</ele>
                <name>Position 1449</name>
            </trkpt>
            <trkpt lat="50.373569" lon="6.861432">
                <ele>355.0</ele>
                <name>Position 1450</name>
            </trkpt>
            <trkpt lat="50.373923" lon="6.861933">
                <ele>356.0</ele>
                <name>Position 1451</name>
            </trkpt>
            <trkpt lat="50.374878" lon="6.862266">
                <ele>358.0</ele>
                <name>Position 1452</name>
            </trkpt>
            <trkpt lat="50.375972" lon="6.862489">
                <ele>362.0</ele>
                <name>Position 1453</name>
            </trkpt>
            <trkpt lat="50.377203" lon="6.862809">
                <ele>363.0</ele>
                <name>Position 1454</name>
            </trkpt>
            <trkpt lat="50.37753" lon="6.863241">
                <ele>357.0</ele>
                <name>Position 1455</name>
            </trkpt>
            <trkpt lat="50.377683" lon="6.863765">
                <ele>355.0</ele>
                <name>Position 1456</name>
            </trkpt>
            <trkpt lat="50.377977" lon="6.866559">
                <ele>353.3</ele>
                <name>Position 1457</name>
            </trkpt>
            <trkpt lat="50.37798" lon="6.867001">
                <ele>353.0</ele>
                <name>Position 1458</name>
            </trkpt>
            <trkpt lat="50.377853" lon="6.867473">
                <ele>353.0</ele>
                <name>Position 1459</name>
            </trkpt>
            <trkpt lat="50.37729" lon="6.868825">
                <ele>368.5</ele>
                <name>Position 1460</name>
            </trkpt>
            <trkpt lat="50.376869" lon="6.869732">
                <ele>374.3</ele>
                <name>Position 1461</name>
            </trkpt>
            <trkpt lat="50.376544" lon="6.870227">
                <ele>375.8</ele>
                <name>Position 1462</name>
            </trkpt>
            <trkpt lat="50.376477" lon="6.870351">
                <ele>376.8</ele>
                <name>Position 1463</name>
            </trkpt>
            <trkpt lat="50.376496" lon="6.870497">
                <ele>379.8</ele>
                <name>Position 1464</name>
            </trkpt>
            <trkpt lat="50.376609" lon="6.870569">
                <ele>384.0</ele>
                <name>Position 1465</name>
            </trkpt>
            <trkpt lat="50.376802" lon="6.87032">
                <ele>382.0</ele>
                <name>Position 1466</name>
            </trkpt>
            <trkpt lat="50.377058" lon="6.870065">
                <ele>382.0</ele>
                <name>Position 1467</name>
            </trkpt>
            <trkpt lat="50.377328" lon="6.869863">
                <ele>384.5</ele>
                <name>Position 1468</name>
            </trkpt>
            <trkpt lat="50.377556" lon="6.869943">
                <ele>389.0</ele>
                <name>Position 1469</name>
            </trkpt>
            <trkpt lat="50.378317" lon="6.870697">
                <ele>398.0</ele>
                <name>Position 1470</name>
            </trkpt>
            <trkpt lat="50.378452" lon="6.871138">
                <ele>401.0</ele>
                <name>Position 1471</name>
            </trkpt>
            <trkpt lat="50.378581" lon="6.873822">
                <ele>417.0</ele>
                <name>Position 1472</name>
            </trkpt>
            <trkpt lat="50.378775" lon="6.874723">
                <ele>423.0</ele>
                <name>Position 1473</name>
            </trkpt>
            <trkpt lat="50.379156" lon="6.875645">
                <ele>433.0</ele>
                <name>Position 1474</name>
            </trkpt>
            <trkpt lat="50.379422" lon="6.87577">
                <ele>436.0</ele>
                <name>Position 1475</name>
            </trkpt>
            <trkpt lat="50.379654" lon="6.875539">
                <ele>433.0</ele>
                <name>Position 1476</name>
            </trkpt>
            <trkpt lat="50.379908" lon="6.875056">
                <ele>426.8</ele>
                <name>Position 1477</name>
            </trkpt>
            <trkpt lat="50.380118" lon="6.874924">
                <ele>425.5</ele>
                <name>Position 1478</name>
            </trkpt>
            <trkpt lat="50.380628" lon="6.874996">
                <ele>426.8</ele>
                <name>Position 1479</name>
            </trkpt>
            <trkpt lat="50.380801" lon="6.87521">
                <ele>431.0</ele>
                <name>Position 1480</name>
            </trkpt>
            <trkpt lat="50.380941" lon="6.875888">
                <ele>438.0</ele>
                <name>Position 1481</name>
            </trkpt>
            <trkpt lat="50.381163" lon="6.876364">
                <ele>438.0</ele>
                <name>Position 1482</name>
            </trkpt>
            <trkpt lat="50.381574" lon="6.877134">
                <ele>436.0</ele>
                <name>Position 1483</name>
            </trkpt>
            <trkpt lat="50.382022" lon="6.878567">
                <ele>434.5</ele>
                <name>Position 1484</name>
            </trkpt>
            <trkpt lat="50.382746" lon="6.880272">
                <ele>430.5</ele>
                <name>Position 1485</name>
            </trkpt>
            <trkpt lat="50.382935" lon="6.88079">
                <ele>432.0</ele>
                <name>Position 1486</name>
            </trkpt>
            <trkpt lat="50.382951" lon="6.881182">
                <ele>433.0</ele>
                <name>Position 1487</name>
            </trkpt>
            <trkpt lat="50.381525" lon="6.884994">
                <ele>438.5</ele>
                <name>Position 1488</name>
            </trkpt>
            <trkpt lat="50.380724" lon="6.88757">
                <ele>444.0</ele>
                <name>Position 1489</name>
            </trkpt>
            <trkpt lat="50.381962" lon="6.887947">
                <ele>440.0</ele>
                <name>Position 1490</name>
            </trkpt>
            <trkpt lat="50.383494" lon="6.888539">
                <ele>429.0</ele>
                <name>Position 1491</name>
            </trkpt>
            <trkpt lat="50.384131" lon="6.888589">
                <ele>425.5</ele>
                <name>Position 1492</name>
            </trkpt>
            <trkpt lat="50.384924" lon="6.888817">
                <ele>429.0</ele>
                <name>Position 1493</name>
            </trkpt>
            <trkpt lat="50.385818" lon="6.889048">
                <ele>435.0</ele>
                <name>Position 1494</name>
            </trkpt>
            <trkpt lat="50.38818" lon="6.888525">
                <ele>450.0</ele>
                <name>Position 1495</name>
            </trkpt>
            <trkpt lat="50.389655" lon="6.887928">
                <ele>456.0</ele>
                <name>Position 1496</name>
            </trkpt>
            <trkpt lat="50.389935" lon="6.887809">
                <ele>458.0</ele>
                <name>Position 1497</name>
            </trkpt>
            <trkpt lat="50.390418" lon="6.88716">
                <ele>463.0</ele>
                <name>Position 1498</name>
            </trkpt>
            <trkpt lat="50.391335" lon="6.886389">
                <ele>470.0</ele>
                <name>Position 1499</name>
            </trkpt>
            <trkpt lat="50.392163" lon="6.885873">
                <ele>474.0</ele>
                <name>Position 1500</name>
            </trkpt>
            <trkpt lat="50.392515" lon="6.886227">
                <ele>479.0</ele>
                <name>Position 1501</name>
            </trkpt>
            <trkpt lat="50.392688" lon="6.886691">
                <ele>482.5</ele>
                <name>Position 1502</name>
            </trkpt>
            <trkpt lat="50.392855" lon="6.886939">
                <ele>484.0</ele>
                <name>Position 1503</name>
            </trkpt>
            <trkpt lat="50.39333" lon="6.887099">
                <ele>484.0</ele>
                <name>Position 1504</name>
            </trkpt>
            <trkpt lat="50.393562" lon="6.887362">
                <ele>483.5</ele>
                <name>Position 1505</name>
            </trkpt>
            <trkpt lat="50.393782" lon="6.888332">
                <ele>488.0</ele>
                <name>Position 1506</name>
            </trkpt>
            <trkpt lat="50.393945" lon="6.889113">
                <ele>488.0</ele>
                <name>Position 1507</name>
            </trkpt>
            <trkpt lat="50.394269" lon="6.889715">
                <ele>488.0</ele>
                <name>Position 1508</name>
            </trkpt>
            <trkpt lat="50.394488" lon="6.889907">
                <ele>488.0</ele>
                <name>Position 1509</name>
            </trkpt>
            <trkpt lat="50.395029" lon="6.89008">
                <ele>488.0</ele>
                <name>Position 1510</name>
            </trkpt>
            <trkpt lat="50.395775" lon="6.890044">
                <ele>492.0</ele>
                <name>Position 1511</name>
            </trkpt>
            <trkpt lat="50.396273" lon="6.889958">
                <ele>494.8</ele>
                <name>Position 1512</name>
            </trkpt>
            <trkpt lat="50.396564" lon="6.889703">
                <ele>495.0</ele>
                <name>Position 1513</name>
            </trkpt>
            <trkpt lat="50.396614" lon="6.889351">
                <ele>492.0</ele>
                <name>Position 1514</name>
            </trkpt>
            <trkpt lat="50.396734" lon="6.889062">
                <ele>491.0</ele>
                <name>Position 1515</name>
            </trkpt>
            <trkpt lat="50.396995" lon="6.889005">
                <ele>490.3</ele>
                <name>Position 1516</name>
            </trkpt>
            <trkpt lat="50.397402" lon="6.889122">
                <ele>490.0</ele>
                <name>Position 1517</name>
            </trkpt>
            <trkpt lat="50.397817" lon="6.889361">
                <ele>490.0</ele>
                <name>Position 1518</name>
            </trkpt>
            <trkpt lat="50.398314" lon="6.889751">
                <ele>487.0</ele>
                <name>Position 1519</name>
            </trkpt>
            <trkpt lat="50.398763" lon="6.890114">
                <ele>487.0</ele>
                <name>Position 1520</name>
            </trkpt>
            <trkpt lat="50.399101" lon="6.890226">
                <ele>488.0</ele>
                <name>Position 1521</name>
            </trkpt>
            <trkpt lat="50.399558" lon="6.890194">
                <ele>485.0</ele>
                <name>Position 1522</name>
            </trkpt>
            <trkpt lat="50.399857" lon="6.890046">
                <ele>482.5</ele>
                <name>Position 1523</name>
            </trkpt>
            <trkpt lat="50.400702" lon="6.889333">
                <ele>485.0</ele>
                <name>Position 1524</name>
            </trkpt>
            <trkpt lat="50.401308" lon="6.888982">
                <ele>485.0</ele>
                <name>Position 1525</name>
            </trkpt>
            <trkpt lat="50.402042" lon="6.888869">
                <ele>484.0</ele>
                <name>Position 1526</name>
            </trkpt>
            <trkpt lat="50.402469" lon="6.888745">
                <ele>485.0</ele>
                <name>Position 1527</name>
            </trkpt>
            <trkpt lat="50.403206" lon="6.888732">
                <ele>488.0</ele>
                <name>Position 1528</name>
            </trkpt>
            <trkpt lat="50.403524" lon="6.888704">
                <ele>491.0</ele>
                <name>Position 1529</name>
            </trkpt>
            <trkpt lat="50.404271" lon="6.889134">
                <ele>500.0</ele>
                <name>Position 1530</name>
            </trkpt>
            <trkpt lat="50.404697" lon="6.888904">
                <ele>508.0</ele>
                <name>Position 1531</name>
            </trkpt>
            <trkpt lat="50.405018" lon="6.888647">
                <ele>512.0</ele>
                <name>Position 1532</name>
            </trkpt>
            <trkpt lat="50.405444" lon="6.888608">
                <ele>513.8</ele>
                <name>Position 1533</name>
            </trkpt>
            <trkpt lat="50.405601" lon="6.888518">
                <ele>514.8</ele>
                <name>Position 1534</name>
            </trkpt>
            <trkpt lat="50.405675" lon="6.887647">
                <ele>516.0</ele>
                <name>Position 1535</name>
            </trkpt>
            <trkpt lat="50.405831" lon="6.886794">
                <ele>518.8</ele>
                <name>Position 1536</name>
            </trkpt>
            <trkpt lat="50.405826" lon="6.886037">
                <ele>521.8</ele>
                <name>Position 1537</name>
            </trkpt>
            <trkpt lat="50.405863" lon="6.884462">
                <ele>528.5</ele>
                <name>Position 1538</name>
            </trkpt>
            <trkpt lat="50.405844" lon="6.883962">
                <ele>532.0</ele>
                <name>Position 1539</name>
            </trkpt>
            <trkpt lat="50.40573" lon="6.883739">
                <ele>530.8</ele>
                <name>Position 1540</name>
            </trkpt>
            <trkpt lat="50.405542" lon="6.88322">
                <ele>530.5</ele>
                <name>Position 1541</name>
            </trkpt>
            <trkpt lat="50.405436" lon="6.882787">
                <ele>532.0</ele>
                <name>Position 1542</name>
            </trkpt>
            <trkpt lat="50.405497" lon="6.88228">
                <ele>534.0</ele>
                <name>Position 1543</name>
            </trkpt>
            <trkpt lat="50.405704" lon="6.881801">
                <ele>537.5</ele>
                <name>Position 1544</name>
            </trkpt>
            <trkpt lat="50.405859" lon="6.881371">
                <ele>541.8</ele>
                <name>Position 1545</name>
            </trkpt>
            <trkpt lat="50.405846" lon="6.880953">
                <ele>543.5</ele>
                <name>Position 1546</name>
            </trkpt>
            <trkpt lat="50.405759" lon="6.880585">
                <ele>543.5</ele>
                <name>Position 1547</name>
            </trkpt>
            <trkpt lat="50.405654" lon="6.879882">
                <ele>545.0</ele>
                <name>Position 1548</name>
            </trkpt>
            <trkpt lat="50.405713" lon="6.879227">
                <ele>545.0</ele>
                <name>Position 1549</name>
            </trkpt>
            <trkpt lat="50.405947" lon="6.877891">
                <ele>541.8</ele>
                <name>Position 1550</name>
            </trkpt>
            <trkpt lat="50.40604" lon="6.876688">
                <ele>535.8</ele>
                <name>Position 1551</name>
            </trkpt>
            <trkpt lat="50.406049" lon="6.875697">
                <ele>531.0</ele>
                <name>Position 1552</name>
            </trkpt>
            <trkpt lat="50.406136" lon="6.875145">
                <ele>527.0</ele>
                <name>Position 1553</name>
            </trkpt>
            <trkpt lat="50.406339" lon="6.874653">
                <ele>525.3</ele>
                <name>Position 1554</name>
            </trkpt>
            <trkpt lat="50.40714" lon="6.873295">
                <ele>526.0</ele>
                <name>Position 1555</name>
            </trkpt>
            <trkpt lat="50.407467" lon="6.872693">
                <ele>528.0</ele>
                <name>Position 1556</name>
            </trkpt>
            <trkpt lat="50.40755" lon="6.872136">
                <ele>528.0</ele>
                <name>Position 1557</name>
            </trkpt>
            <trkpt lat="50.407519" lon="6.869456">
                <ele>523.5</ele>
                <name>Position 1558</name>
            </trkpt>
            <trkpt lat="50.407685" lon="6.868361">
                <ele>517.5</ele>
                <name>Position 1559</name>
            </trkpt>
            <trkpt lat="50.407848" lon="6.867447">
                <ele>515.0</ele>
                <name>Position 1560</name>
            </trkpt>
            <trkpt lat="50.40796" lon="6.866628">
                <ele>515.8</ele>
                <name>Position 1561</name>
            </trkpt>
            <trkpt lat="50.408276" lon="6.866178">
                <ele>516.0</ele>
                <name>Position 1562</name>
            </trkpt>
            <trkpt lat="50.408785" lon="6.866092">
                <ele>512.5</ele>
                <name>Position 1563</name>
            </trkpt>
            <trkpt lat="50.409099" lon="6.865886">
                <ele>512.0</ele>
                <name>Position 1564</name>
            </trkpt>
            <trkpt lat="50.409658" lon="6.864391">
                <ele>510.0</ele>
                <name>Position 1565</name>
            </trkpt>
            <trkpt lat="50.410099" lon="6.863532">
                <ele>506.5</ele>
                <name>Position 1566</name>
            </trkpt>
            <trkpt lat="50.410946" lon="6.863369">
                <ele>501.8</ele>
                <name>Position 1567</name>
            </trkpt>
            <trkpt lat="50.41127" lon="6.863257">
                <ele>499.5</ele>
                <name>Position 1568</name>
            </trkpt>
            <trkpt lat="50.411579" lon="6.862813">
                <ele>500.0</ele>
                <name>Position 1569</name>
            </trkpt>
            <trkpt lat="50.411852" lon="6.861997">
                <ele>500.0</ele>
                <name>Position 1570</name>
            </trkpt>
            <trkpt lat="50.412147" lon="6.861954">
                <ele>498.0</ele>
                <name>Position 1571</name>
            </trkpt>
            <trkpt lat="50.412634" lon="6.862426">
                <ele>492.0</ele>
                <name>Position 1572</name>
            </trkpt>
            <trkpt lat="50.413192" lon="6.863284">
                <ele>485.8</ele>
                <name>Position 1573</name>
            </trkpt>
            <trkpt lat="50.413804" lon="6.863688">
                <ele>483.8</ele>
                <name>Position 1574</name>
            </trkpt>
            <trkpt lat="50.414893" lon="6.864709">
                <ele>480.0</ele>
                <name>Position 1575</name>
            </trkpt>
            <trkpt lat="50.415319" lon="6.865052">
                <ele>480.0</ele>
                <name>Position 1576</name>
            </trkpt>
            <trkpt lat="50.415549" lon="6.865087">
                <ele>481.0</ele>
                <name>Position 1577</name>
            </trkpt>
            <trkpt lat="50.415937" lon="6.864881">
                <ele>480.0</ele>
                <name>Position 1578</name>
            </trkpt>
            <trkpt lat="50.416047" lon="6.864426">
                <ele>476.3</ele>
                <name>Position 1579</name>
            </trkpt>
            <trkpt lat="50.415954" lon="6.863516">
                <ele>476.0</ele>
                <name>Position 1580</name>
            </trkpt>
            <trkpt lat="50.416162" lon="6.862486">
                <ele>475.8</ele>
                <name>Position 1581</name>
            </trkpt>
            <trkpt lat="50.416774" lon="6.861353">
                <ele>465.0</ele>
                <name>Position 1582</name>
            </trkpt>
            <trkpt lat="50.416949" lon="6.860666">
                <ele>467.0</ele>
                <name>Position 1583</name>
            </trkpt>
            <trkpt lat="50.417223" lon="6.860212">
                <ele>469.0</ele>
                <name>Position 1584</name>
            </trkpt>
            <trkpt lat="50.417797" lon="6.860169">
                <ele>463.5</ele>
                <name>Position 1585</name>
            </trkpt>
            <trkpt lat="50.418131" lon="6.859844">
                <ele>462.0</ele>
                <name>Position 1586</name>
            </trkpt>
            <trkpt lat="50.418131" lon="6.859843">
                <ele>462.0</ele>
                <name>Position 1587</name>
            </trkpt>
            <trkpt lat="50.418349" lon="6.859465">
                <ele>459.0</ele>
                <name>Position 1588</name>
            </trkpt>
            <trkpt lat="50.418951" lon="6.859036">
                <ele>450.0</ele>
                <name>Position 1589</name>
            </trkpt>
            <trkpt lat="50.419295" lon="6.85913">
                <ele>446.8</ele>
                <name>Position 1590</name>
            </trkpt>
            <trkpt lat="50.419826" lon="6.859963">
                <ele>445.0</ele>
                <name>Position 1591</name>
            </trkpt>
            <trkpt lat="50.42046" lon="6.860349">
                <ele>444.5</ele>
                <name>Position 1592</name>
            </trkpt>
            <trkpt lat="50.421505" lon="6.861121">
                <ele>441.8</ele>
                <name>Position 1593</name>
            </trkpt>
            <trkpt lat="50.422358" lon="6.861345">
                <ele>437.0</ele>
                <name>Position 1594</name>
            </trkpt>
            <trkpt lat="50.422806" lon="6.860967">
                <ele>431.5</ele>
                <name>Position 1595</name>
            </trkpt>
            <trkpt lat="50.423058" lon="6.86107">
                <ele>429.0</ele>
                <name>Position 1596</name>
            </trkpt>
            <trkpt lat="50.423476" lon="6.861711">
                <ele>426.0</ele>
                <name>Position 1597</name>
            </trkpt>
            <trkpt lat="50.423553" lon="6.8621">
                <ele>425.0</ele>
                <name>Position 1598</name>
            </trkpt>
            <trkpt lat="50.423584" lon="6.862379">
                <ele>424.0</ele>
                <name>Position 1599</name>
            </trkpt>
            <trkpt lat="50.423637" lon="6.862475">
                <ele>424.0</ele>
                <name>Position 1600</name>
            </trkpt>
            <trkpt lat="50.423767" lon="6.862392">
                <ele>422.0</ele>
                <name>Position 1601</name>
            </trkpt>
            <trkpt lat="50.423933" lon="6.8621">
                <ele>420.0</ele>
                <name>Position 1602</name>
            </trkpt>
            <trkpt lat="50.424044" lon="6.861734">
                <ele>418.3</ele>
                <name>Position 1603</name>
            </trkpt>
            <trkpt lat="50.424204" lon="6.861074">
                <ele>416.0</ele>
                <name>Position 1604</name>
            </trkpt>
            <trkpt lat="50.424359" lon="6.86085">
                <ele>416.0</ele>
                <name>Position 1605</name>
            </trkpt>
            <trkpt lat="50.424572" lon="6.860572">
                <ele>415.0</ele>
                <name>Position 1606</name>
            </trkpt>
            <trkpt lat="50.424775" lon="6.860151">
                <ele>413.0</ele>
                <name>Position 1607</name>
            </trkpt>
            <trkpt lat="50.425026" lon="6.859163">
                <ele>405.0</ele>
                <name>Position 1608</name>
            </trkpt>
            <trkpt lat="50.42531" lon="6.858707">
                <ele>401.0</ele>
                <name>Position 1609</name>
            </trkpt>
            <trkpt lat="50.425399" lon="6.858452">
                <ele>399.0</ele>
                <name>Position 1610</name>
            </trkpt>
            <trkpt lat="50.425396" lon="6.858046">
                <ele>395.0</ele>
                <name>Position 1611</name>
            </trkpt>
            <trkpt lat="50.425361" lon="6.857794">
                <ele>392.0</ele>
                <name>Position 1612</name>
            </trkpt>
            <trkpt lat="50.425246" lon="6.857765">
                <ele>391.0</ele>
                <name>Position 1613</name>
            </trkpt>
            <trkpt lat="50.424922" lon="6.858134">
                <ele>396.0</ele>
                <name>Position 1614</name>
            </trkpt>
            <trkpt lat="50.424676" lon="6.858486">
                <ele>401.0</ele>
                <name>Position 1615</name>
            </trkpt>
            <trkpt lat="50.424671" lon="6.85834">
                <ele>400.0</ele>
                <name>Position 1616</name>
            </trkpt>
            <trkpt lat="50.424888" lon="6.857793">
                <ele>391.5</ele>
                <name>Position 1617</name>
            </trkpt>
            <trkpt lat="50.425068" lon="6.857207">
                <ele>383.8</ele>
                <name>Position 1618</name>
            </trkpt>
            <trkpt lat="50.425267" lon="6.856821">
                <ele>380.0</ele>
                <name>Position 1619</name>
            </trkpt>
            <trkpt lat="50.425458" lon="6.856641">
                <ele>378.0</ele>
                <name>Position 1620</name>
            </trkpt>
            <trkpt lat="50.42559" lon="6.85665">
                <ele>378.0</ele>
                <name>Position 1621</name>
            </trkpt>
            <trkpt lat="50.425757" lon="6.856734">
                <ele>379.0</ele>
                <name>Position 1622</name>
            </trkpt>
            <trkpt lat="50.425951" lon="6.856878">
                <ele>378.0</ele>
                <name>Position 1623</name>
            </trkpt>
            <trkpt lat="50.426049" lon="6.856984">
                <ele>378.0</ele>
                <name>Position 1624</name>
            </trkpt>
            <trkpt lat="50.426147" lon="6.857147">
                <ele>379.0</ele>
                <name>Position 1625</name>
            </trkpt>
            <trkpt lat="50.426193" lon="6.857116">
                <ele>377.0</ele>
                <name>Position 1626</name>
            </trkpt>
            <trkpt lat="50.425882" lon="6.856349">
                <ele>371.8</ele>
                <name>Position 1627</name>
            </trkpt>
            <trkpt lat="50.425776" lon="6.856197">
                <ele>370.8</ele>
                <name>Position 1628</name>
            </trkpt>
            <trkpt lat="50.425543" lon="6.856142">
                <ele>371.0</ele>
                <name>Position 1629</name>
            </trkpt>
            <trkpt lat="50.425114" lon="6.856435">
                <ele>375.5</ele>
                <name>Position 1630</name>
            </trkpt>
            <trkpt lat="50.425037" lon="6.856383">
                <ele>376.0</ele>
                <name>Position 1631</name>
            </trkpt>
            <trkpt lat="50.425083" lon="6.856291">
                <ele>375.0</ele>
                <name>Position 1632</name>
            </trkpt>
            <trkpt lat="50.425677" lon="6.855805">
                <ele>366.3</ele>
                <name>Position 1633</name>
            </trkpt>
            <trkpt lat="50.425775" lon="6.855671">
                <ele>364.0</ele>
                <name>Position 1634</name>
            </trkpt>
            <trkpt lat="50.426037" lon="6.855122">
                <ele>354.5</ele>
                <name>Position 1635</name>
            </trkpt>
            <trkpt lat="50.426092" lon="6.855007">
                <ele>354.0</ele>
                <name>Position 1636</name>
            </trkpt>
            <trkpt lat="50.426221" lon="6.85495">
                <ele>352.0</ele>
                <name>Position 1637</name>
            </trkpt>
            <trkpt lat="50.426426" lon="6.854942">
                <ele>351.0</ele>
                <name>Position 1638</name>
            </trkpt>
            <trkpt lat="50.426506" lon="6.854787">
                <ele>348.0</ele>
                <name>Position 1639</name>
            </trkpt>
            <trkpt lat="50.42648" lon="6.854492">
                <ele>344.0</ele>
                <name>Position 1640</name>
            </trkpt>
            <trkpt lat="50.426403" lon="6.8543">
                <ele>342.0</ele>
                <name>Position 1641</name>
            </trkpt>
            <trkpt lat="50.425945" lon="6.854641">
                <ele>349.0</ele>
                <name>Position 1642</name>
            </trkpt>
            <trkpt lat="50.425671" lon="6.855097">
                <ele>358.0</ele>
                <name>Position 1643</name>
            </trkpt>
            <trkpt lat="50.425671" lon="6.855097">
                <ele>358.0</ele>
                <name>Position 1644</name>
            </trkpt>
            <trkpt lat="50.425573" lon="6.855233">
                <ele>361.0</ele>
                <name>Position 1645</name>
            </trkpt>
            <trkpt lat="50.425513" lon="6.855122">
                <ele>360.0</ele>
                <name>Position 1646</name>
            </trkpt>
            <trkpt lat="50.425633" lon="6.85489">
                <ele>356.0</ele>
                <name>Position 1647</name>
            </trkpt>
            <trkpt lat="50.426071" lon="6.853989">
                <ele>338.0</ele>
                <name>Position 1648</name>
            </trkpt>
            <trkpt lat="50.426306" lon="6.853242">
                <ele>325.0</ele>
                <name>Position 1649</name>
            </trkpt>
            <trkpt lat="50.426508" lon="6.853191">
                <ele>325.0</ele>
                <name>Position 1650</name>
            </trkpt>
            <trkpt lat="50.426721" lon="6.853534">
                <ele>329.0</ele>
                <name>Position 1651</name>
            </trkpt>
            <trkpt lat="50.426809" lon="6.853611">
                <ele>325.5</ele>
                <name>Position 1652</name>
            </trkpt>
            <trkpt lat="50.426853" lon="6.853525">
                <ele>324.0</ele>
                <name>Position 1653</name>
            </trkpt>
            <trkpt lat="50.426749" lon="6.852564">
                <ele>314.0</ele>
                <name>Position 1654</name>
            </trkpt>
            <trkpt lat="50.426639" lon="6.852384">
                <ele>312.0</ele>
                <name>Position 1655</name>
            </trkpt>
            <trkpt lat="50.4263" lon="6.852538">
                <ele>311.0</ele>
                <name>Position 1656</name>
            </trkpt>
            <trkpt lat="50.426049" lon="6.852856">
                <ele>315.0</ele>
                <name>Position 1657</name>
            </trkpt>
            <trkpt lat="50.425852" lon="6.853417">
                <ele>325.5</ele>
                <name>Position 1658</name>
            </trkpt>
            <trkpt lat="50.425775" lon="6.853379">
                <ele>324.5</ele>
                <name>Position 1659</name>
            </trkpt>
            <trkpt lat="50.425907" lon="6.85283">
                <ele>314.0</ele>
                <name>Position 1660</name>
            </trkpt>
            <trkpt lat="50.426049" lon="6.852392">
                <ele>305.0</ele>
                <name>Position 1661</name>
            </trkpt>
            <trkpt lat="50.426503" lon="6.851946">
                <ele>300.0</ele>
                <name>Position 1662</name>
            </trkpt>
            <trkpt lat="50.42705" lon="6.851345">
                <ele>289.0</ele>
                <name>Position 1663</name>
            </trkpt>
            <trkpt lat="50.427152" lon="6.851278">
                <ele>287.0</ele>
                <name>Position 1664</name>
            </trkpt>
            <trkpt lat="50.427356" lon="6.851271">
                <ele>287.0</ele>
                <name>Position 1665</name>
            </trkpt>
            <trkpt lat="50.427884" lon="6.851302">
                <ele>285.0</ele>
                <name>Position 1666</name>
            </trkpt>
            <trkpt lat="50.428225" lon="6.851289">
                <ele>282.0</ele>
                <name>Position 1667</name>
            </trkpt>
            <trkpt lat="50.428911" lon="6.851182">
                <ele>275.0</ele>
                <name>Position 1668</name>
            </trkpt>
            <trkpt lat="50.429083" lon="6.851207">
                <ele>273.0</ele>
                <name>Position 1669</name>
            </trkpt>
            <trkpt lat="50.429273" lon="6.851372">
                <ele>272.0</ele>
                <name>Position 1670</name>
            </trkpt>
            <trkpt lat="50.429486" lon="6.851398">
                <ele>272.8</ele>
                <name>Position 1671</name>
            </trkpt>
            <trkpt lat="50.429848" lon="6.851302">
                <ele>275.0</ele>
                <name>Position 1672</name>
            </trkpt>
            <trkpt lat="50.43017" lon="6.851219">
                <ele>282.0</ele>
                <name>Position 1673</name>
            </trkpt>
            <trkpt lat="50.430187" lon="6.852078">
                <ele>281.0</ele>
                <name>Position 1674</name>
            </trkpt>
            <trkpt lat="50.430137" lon="6.852688">
                <ele>282.0</ele>
                <name>Position 1675</name>
            </trkpt>
            <trkpt lat="50.429956" lon="6.853625">
                <ele>285.0</ele>
                <name>Position 1676</name>
            </trkpt>
            <trkpt lat="50.429713" lon="6.854315">
                <ele>285.0</ele>
                <name>Position 1677</name>
            </trkpt>
            <trkpt lat="50.429512" lon="6.854773">
                <ele>280.5</ele>
                <name>Position 1678</name>
            </trkpt>
            <trkpt lat="50.429128" lon="6.85619">
                <ele>272.0</ele>
                <name>Position 1679</name>
            </trkpt>
            <trkpt lat="50.429021" lon="6.856769">
                <ele>270.0</ele>
                <name>Position 1680</name>
            </trkpt>
            <trkpt lat="50.4291" lon="6.857265">
                <ele>267.0</ele>
                <name>Position 1681</name>
            </trkpt>
            <trkpt lat="50.429315" lon="6.857603">
                <ele>268.0</ele>
                <name>Position 1682</name>
            </trkpt>
            <trkpt lat="50.429959" lon="6.85827">
                <ele>268.5</ele>
                <name>Position 1683</name>
            </trkpt>
            <trkpt lat="50.430382" lon="6.858655">
                <ele>268.0</ele>
                <name>Position 1684</name>
            </trkpt>
            <trkpt lat="50.430735" lon="6.858798">
                <ele>268.0</ele>
                <name>Position 1685</name>
            </trkpt>
            <trkpt lat="50.431192" lon="6.858741">
                <ele>269.0</ele>
                <name>Position 1686</name>
            </trkpt>
            <trkpt lat="50.432429" lon="6.85783">
                <ele>275.0</ele>
                <name>Position 1687</name>
            </trkpt>
            <trkpt lat="50.432623" lon="6.85776">
                <ele>273.0</ele>
                <name>Position 1688</name>
            </trkpt>
            <trkpt lat="50.432728" lon="6.857848">
                <ele>270.0</ele>
                <name>Position 1689</name>
            </trkpt>
            <trkpt lat="50.433098" lon="6.858509">
                <ele>263.0</ele>
                <name>Position 1690</name>
            </trkpt>
            <trkpt lat="50.433545" lon="6.859139">
                <ele>268.0</ele>
                <name>Position 1691</name>
            </trkpt>
            <trkpt lat="50.434075" lon="6.859481">
                <ele>273.0</ele>
                <name>Position 1692</name>
            </trkpt>
            <trkpt lat="50.435384" lon="6.861361">
                <ele>275.8</ele>
                <name>Position 1693</name>
            </trkpt>
            <trkpt lat="50.435628" lon="6.86185">
                <ele>273.5</ele>
                <name>Position 1694</name>
            </trkpt>
            <trkpt lat="50.436029" lon="6.863062">
                <ele>274.0</ele>
                <name>Position 1695</name>
            </trkpt>
            <trkpt lat="50.436492" lon="6.864994">
                <ele>278.0</ele>
                <name>Position 1696</name>
            </trkpt>
            <trkpt lat="50.437034" lon="6.866186">
                <ele>285.0</ele>
                <name>Position 1697</name>
            </trkpt>
            <trkpt lat="50.437815" lon="6.867146">
                <ele>292.0</ele>
                <name>Position 1698</name>
            </trkpt>
            <trkpt lat="50.438554" lon="6.86741">
                <ele>284.0</ele>
                <name>Position 1699</name>
            </trkpt>
            <trkpt lat="50.440017" lon="6.867213">
                <ele>275.3</ele>
                <name>Position 1700</name>
            </trkpt>
            <trkpt lat="50.440465" lon="6.866931">
                <ele>276.0</ele>
                <name>Position 1701</name>
            </trkpt>
            <trkpt lat="50.441297" lon="6.865662">
                <ele>270.0</ele>
                <name>Position 1702</name>
            </trkpt>
            <trkpt lat="50.44176" lon="6.865313">
                <ele>267.0</ele>
                <name>Position 1703</name>
            </trkpt>
            <trkpt lat="50.442417" lon="6.865321">
                <ele>265.0</ele>
                <name>Position 1704</name>
            </trkpt>
            <trkpt lat="50.443135" lon="6.865741">
                <ele>259.3</ele>
                <name>Position 1705</name>
            </trkpt>
            <trkpt lat="50.443559" lon="6.866446">
                <ele>260.0</ele>
                <name>Position 1706</name>
            </trkpt>
            <trkpt lat="50.44393" lon="6.867554">
                <ele>258.0</ele>
                <name>Position 1707</name>
            </trkpt>
            <trkpt lat="50.443971" lon="6.867942">
                <ele>255.5</ele>
                <name>Position 1708</name>
            </trkpt>
            <trkpt lat="50.443866" lon="6.868379">
                <ele>255.8</ele>
                <name>Position 1709</name>
            </trkpt>
            <trkpt lat="50.443572" lon="6.868902">
                <ele>256.0</ele>
                <name>Position 1710</name>
            </trkpt>
            <trkpt lat="50.443265" lon="6.869228">
                <ele>256.0</ele>
                <name>Position 1711</name>
            </trkpt>
            <trkpt lat="50.442359" lon="6.869893">
                <ele>255.0</ele>
                <name>Position 1712</name>
            </trkpt>
            <trkpt lat="50.441508" lon="6.870433">
                <ele>256.0</ele>
                <name>Position 1713</name>
            </trkpt>
            <trkpt lat="50.441336" lon="6.870711">
                <ele>256.0</ele>
                <name>Position 1714</name>
            </trkpt>
            <trkpt lat="50.441245" lon="6.871014">
                <ele>255.0</ele>
                <name>Position 1715</name>
            </trkpt>
            <trkpt lat="50.44126" lon="6.871626">
                <ele>252.3</ele>
                <name>Position 1716</name>
            </trkpt>
            <trkpt lat="50.441341" lon="6.872233">
                <ele>255.0</ele>
                <name>Position 1717</name>
            </trkpt>
            <trkpt lat="50.441387" lon="6.872766">
                <ele>258.0</ele>
                <name>Position 1718</name>
            </trkpt>
            <trkpt lat="50.441396" lon="6.873384">
                <ele>260.0</ele>
                <name>Position 1719</name>
            </trkpt>
            <trkpt lat="50.441546" lon="6.873916">
                <ele>259.0</ele>
                <name>Position 1720</name>
            </trkpt>
            <trkpt lat="50.441846" lon="6.874576">
                <ele>257.0</ele>
                <name>Position 1721</name>
            </trkpt>
            <trkpt lat="50.442171" lon="6.874923">
                <ele>256.0</ele>
                <name>Position 1722</name>
            </trkpt>
            <trkpt lat="50.442471" lon="6.875104">
                <ele>256.0</ele>
                <name>Position 1723</name>
            </trkpt>
            <trkpt lat="50.442905" lon="6.875315">
                <ele>254.0</ele>
                <name>Position 1724</name>
            </trkpt>
            <trkpt lat="50.443229" lon="6.87538">
                <ele>253.0</ele>
                <name>Position 1725</name>
            </trkpt>
            <trkpt lat="50.443551" lon="6.875283">
                <ele>254.0</ele>
                <name>Position 1726</name>
            </trkpt>
            <trkpt lat="50.44429" lon="6.874631">
                <ele>262.0</ele>
                <name>Position 1727</name>
            </trkpt>
            <trkpt lat="50.444842" lon="6.874231">
                <ele>268.0</ele>
                <name>Position 1728</name>
            </trkpt>
            <trkpt lat="50.445085" lon="6.874218">
                <ele>268.0</ele>
                <name>Position 1729</name>
            </trkpt>
            <trkpt lat="50.445373" lon="6.874324">
                <ele>266.0</ele>
                <name>Position 1730</name>
            </trkpt>
            <trkpt lat="50.446574" lon="6.874958">
                <ele>253.3</ele>
                <name>Position 1731</name>
            </trkpt>
            <trkpt lat="50.446852" lon="6.87521">
                <ele>252.0</ele>
                <name>Position 1732</name>
            </trkpt>
            <trkpt lat="50.447006" lon="6.875398">
                <ele>253.8</ele>
                <name>Position 1733</name>
            </trkpt>
            <trkpt lat="50.44708" lon="6.875577">
                <ele>256.0</ele>
                <name>Position 1734</name>
            </trkpt>
            <trkpt lat="50.447658" lon="6.87469">
                <ele>258.0</ele>
                <name>Position 1735</name>
            </trkpt>
            <trkpt lat="50.4476483" lon="6.8746667">
                <name>Bikertreff Haus Waldfrieden - Münstereifeler Straße, 53520 Schuld, Deutschland</name>
            </trkpt>
            <trkpt lat="50.448138" lon="6.873908">
                <ele>259.0</ele>
                <name>Position 1737</name>
            </trkpt>
            <trkpt lat="50.449905" lon="6.871331">
                <ele>266.0</ele>
                <name>Position 1738</name>
            </trkpt>
            <trkpt lat="50.451252" lon="6.868999">
                <ele>268.0</ele>
                <name>Position 1739</name>
            </trkpt>
            <trkpt lat="50.451774" lon="6.868199">
                <ele>265.0</ele>
                <name>Position 1740</name>
            </trkpt>
            <trkpt lat="50.45227" lon="6.867846">
                <ele>267.0</ele>
                <name>Position 1741</name>
            </trkpt>
            <trkpt lat="50.452736" lon="6.867779">
                <ele>268.0</ele>
                <name>Position 1742</name>
            </trkpt>
            <trkpt lat="50.453205" lon="6.867852">
                <ele>269.0</ele>
                <name>Position 1743</name>
            </trkpt>
            <trkpt lat="50.453807" lon="6.868295">
                <ele>278.0</ele>
                <name>Position 1744</name>
            </trkpt>
            <trkpt lat="50.454542" lon="6.868718">
                <ele>284.0</ele>
                <name>Position 1745</name>
            </trkpt>
            <trkpt lat="50.45543" lon="6.86884">
                <ele>281.0</ele>
                <name>Position 1746</name>
            </trkpt>
            <trkpt lat="50.456028" lon="6.868767">
                <ele>280.0</ele>
                <name>Position 1747</name>
            </trkpt>
            <trkpt lat="50.456591" lon="6.868462">
                <ele>278.0</ele>
                <name>Position 1748</name>
            </trkpt>
            <trkpt lat="50.45683" lon="6.868264">
                <ele>278.3</ele>
                <name>Position 1749</name>
            </trkpt>
            <trkpt lat="50.457172" lon="6.867775">
                <ele>282.5</ele>
                <name>Position 1750</name>
            </trkpt>
            <trkpt lat="50.457369" lon="6.867256">
                <ele>285.0</ele>
                <name>Position 1751</name>
            </trkpt>
            <trkpt lat="50.457584" lon="6.866099">
                <ele>285.0</ele>
                <name>Position 1752</name>
            </trkpt>
            <trkpt lat="50.458019" lon="6.863086">
                <ele>284.0</ele>
                <name>Position 1753</name>
            </trkpt>
            <trkpt lat="50.458316" lon="6.861726">
                <ele>286.0</ele>
                <name>Position 1754</name>
            </trkpt>
            <trkpt lat="50.4586" lon="6.861295">
                <ele>292.0</ele>
                <name>Position 1755</name>
            </trkpt>
            <trkpt lat="50.458408" lon="6.861089">
                <ele>295.0</ele>
                <name>Position 1756</name>
            </trkpt>
            <trkpt lat="50.457832" lon="6.861174">
                <ele>295.0</ele>
                <name>Position 1757</name>
            </trkpt>
            <trkpt lat="50.457555" lon="6.8617">
                <ele>284.0</ele>
                <name>Position 1758</name>
            </trkpt>
            <trkpt lat="50.457433" lon="6.861681">
                <ele>284.3</ele>
                <name>Position 1759</name>
            </trkpt>
            <trkpt lat="50.456576" lon="6.860375">
                <ele>295.0</ele>
                <name>Position 1760</name>
            </trkpt>
            <trkpt lat="50.455746" lon="6.859522">
                <ele>303.0</ele>
                <name>Position 1761</name>
            </trkpt>
            <trkpt lat="50.455075" lon="6.858984">
                <ele>306.0</ele>
                <name>Position 1762</name>
            </trkpt>
            <trkpt lat="50.454969" lon="6.858967">
                <ele>305.0</ele>
                <name>Position 1763</name>
            </trkpt>
            <trkpt lat="50.454724" lon="6.858826">
                <ele>301.0</ele>
                <name>Position 1764</name>
            </trkpt>
            <trkpt lat="50.454597" lon="6.858254">
                <ele>303.0</ele>
                <name>Position 1765</name>
            </trkpt>
            <trkpt lat="50.454571" lon="6.856887">
                <ele>305.0</ele>
                <name>Position 1766</name>
            </trkpt>
            <trkpt lat="50.45461" lon="6.856728">
                <ele>306.0</ele>
                <name>Position 1767</name>
            </trkpt>
            <trkpt lat="50.454972" lon="6.856442">
                <ele>311.5</ele>
                <name>Position 1768</name>
            </trkpt>
            <trkpt lat="50.455183" lon="6.856268">
                <ele>315.8</ele>
                <name>Position 1769</name>
            </trkpt>
            <trkpt lat="50.455395" lon="6.855916">
                <ele>317.8</ele>
                <name>Position 1770</name>
            </trkpt>
            <trkpt lat="50.455799" lon="6.854841">
                <ele>315.0</ele>
                <name>Position 1771</name>
            </trkpt>
            <trkpt lat="50.45596" lon="6.854506">
                <ele>313.0</ele>
                <name>Position 1772</name>
            </trkpt>
            <trkpt lat="50.456191" lon="6.854299">
                <ele>312.0</ele>
                <name>Position 1773</name>
            </trkpt>
            <trkpt lat="50.456476" lon="6.854207">
                <ele>311.0</ele>
                <name>Position 1774</name>
            </trkpt>
            <trkpt lat="50.456599" lon="6.854045">
                <ele>311.0</ele>
                <name>Position 1775</name>
            </trkpt>
            <trkpt lat="50.456583" lon="6.853638">
                <ele>312.0</ele>
                <name>Position 1776</name>
            </trkpt>
            <trkpt lat="50.456431" lon="6.853386">
                <ele>314.0</ele>
                <name>Position 1777</name>
            </trkpt>
            <trkpt lat="50.456275" lon="6.853277">
                <ele>316.0</ele>
                <name>Position 1778</name>
            </trkpt>
            <trkpt lat="50.456046" lon="6.853197">
                <ele>319.8</ele>
                <name>Position 1779</name>
            </trkpt>
            <trkpt lat="50.455511" lon="6.853204">
                <ele>316.0</ele>
                <name>Position 1780</name>
            </trkpt>
            <trkpt lat="50.455381" lon="6.853145">
                <ele>315.3</ele>
                <name>Position 1781</name>
            </trkpt>
            <trkpt lat="50.455244" lon="6.852863">
                <ele>317.5</ele>
                <name>Position 1782</name>
            </trkpt>
            <trkpt lat="50.455059" lon="6.852024">
                <ele>325.8</ele>
                <name>Position 1783</name>
            </trkpt>
            <trkpt lat="50.454536" lon="6.850889">
                <ele>332.0</ele>
                <name>Position 1784</name>
            </trkpt>
            <trkpt lat="50.454074" lon="6.85035">
                <ele>330.0</ele>
                <name>Position 1785</name>
            </trkpt>
            <trkpt lat="50.45383" lon="6.849924">
                <ele>331.0</ele>
                <name>Position 1786</name>
            </trkpt>
            <trkpt lat="50.453785" lon="6.849249">
                <ele>336.0</ele>
                <name>Position 1787</name>
            </trkpt>
            <trkpt lat="50.453873" lon="6.848638">
                <ele>336.0</ele>
                <name>Position 1788</name>
            </trkpt>
            <trkpt lat="50.454054" lon="6.848205">
                <ele>336.5</ele>
                <name>Position 1789</name>
            </trkpt>
            <trkpt lat="50.454434" lon="6.847902">
                <ele>343.0</ele>
                <name>Position 1790</name>
            </trkpt>
            <trkpt lat="50.455037" lon="6.847652">
                <ele>357.0</ele>
                <name>Position 1791</name>
            </trkpt>
            <trkpt lat="50.455322" lon="6.847484">
                <ele>363.0</ele>
                <name>Position 1792</name>
            </trkpt>
            <trkpt lat="50.45547" lon="6.847209">
                <ele>362.0</ele>
                <name>Position 1793</name>
            </trkpt>
            <trkpt lat="50.455656" lon="6.846768">
                <ele>360.0</ele>
                <name>Position 1794</name>
            </trkpt>
            <trkpt lat="50.456172" lon="6.845974">
                <ele>371.0</ele>
                <name>Position 1795</name>
            </trkpt>
            <trkpt lat="50.456329" lon="6.845586">
                <ele>375.0</ele>
                <name>Position 1796</name>
            </trkpt>
            <trkpt lat="50.456369" lon="6.845118">
                <ele>375.0</ele>
                <name>Position 1797</name>
            </trkpt>
            <trkpt lat="50.45646" lon="6.844775">
                <ele>377.3</ele>
                <name>Position 1798</name>
            </trkpt>
            <trkpt lat="50.456724" lon="6.844034">
                <ele>385.0</ele>
                <name>Position 1799</name>
            </trkpt>
            <trkpt lat="50.456775" lon="6.843581">
                <ele>388.8</ele>
                <name>Position 1800</name>
            </trkpt>
            <trkpt lat="50.456732" lon="6.843023">
                <ele>392.0</ele>
                <name>Position 1801</name>
            </trkpt>
            <trkpt lat="50.456392" lon="6.842144">
                <ele>393.0</ele>
                <name>Position 1802</name>
            </trkpt>
            <trkpt lat="50.45606" lon="6.841252">
                <ele>397.0</ele>
                <name>Position 1803</name>
            </trkpt>
            <trkpt lat="50.45599" lon="6.84104">
                <ele>398.0</ele>
                <name>Position 1804</name>
            </trkpt>
            <trkpt lat="50.45594" lon="6.840658">
                <ele>398.0</ele>
                <name>Position 1805</name>
            </trkpt>
            <trkpt lat="50.45604" lon="6.840347">
                <ele>396.0</ele>
                <name>Position 1806</name>
            </trkpt>
            <trkpt lat="50.456223" lon="6.840141">
                <ele>395.0</ele>
                <name>Position 1807</name>
            </trkpt>
            <trkpt lat="50.456404" lon="6.840097">
                <ele>397.0</ele>
                <name>Position 1808</name>
            </trkpt>
            <trkpt lat="50.456672" lon="6.840163">
                <ele>400.0</ele>
                <name>Position 1809</name>
            </trkpt>
            <trkpt lat="50.456783" lon="6.840227">
                <ele>400.0</ele>
                <name>Position 1810</name>
            </trkpt>
            <trkpt lat="50.457005" lon="6.840414">
                <ele>400.0</ele>
                <name>Position 1811</name>
            </trkpt>
            <trkpt lat="50.457462" lon="6.840963">
                <ele>401.0</ele>
                <name>Position 1812</name>
            </trkpt>
            <trkpt lat="50.45763" lon="6.841104">
                <ele>401.0</ele>
                <name>Position 1813</name>
            </trkpt>
            <trkpt lat="50.457862" lon="6.84117">
                <ele>400.0</ele>
                <name>Position 1814</name>
            </trkpt>
            <trkpt lat="50.458115" lon="6.841014">
                <ele>398.0</ele>
                <name>Position 1815</name>
            </trkpt>
            <trkpt lat="50.459511" lon="6.838849">
                <ele>395.0</ele>
                <name>Position 1816</name>
            </trkpt>
            <trkpt lat="50.460966" lon="6.835684">
                <ele>404.0</ele>
                <name>Position 1817</name>
            </trkpt>
            <trkpt lat="50.462511" lon="6.832296">
                <ele>407.0</ele>
                <name>Position 1818</name>
            </trkpt>
            <trkpt lat="50.462703" lon="6.831644">
                <ele>409.0</ele>
                <name>Position 1819</name>
            </trkpt>
            <trkpt lat="50.462905" lon="6.830855">
                <ele>410.0</ele>
                <name>Position 1820</name>
            </trkpt>
            <trkpt lat="50.463002" lon="6.830476">
                <ele>409.5</ele>
                <name>Position 1821</name>
            </trkpt>
            <trkpt lat="50.46319" lon="6.829755">
                <ele>411.0</ele>
                <name>Position 1822</name>
            </trkpt>
            <trkpt lat="50.463258" lon="6.829395">
                <ele>410.5</ele>
                <name>Position 1823</name>
            </trkpt>
            <trkpt lat="50.463268" lon="6.829077">
                <ele>412.0</ele>
                <name>Position 1824</name>
            </trkpt>
            <trkpt lat="50.463259" lon="6.828207">
                <ele>411.8</ele>
                <name>Position 1825</name>
            </trkpt>
            <trkpt lat="50.463272" lon="6.827858">
                <ele>412.0</ele>
                <name>Position 1826</name>
            </trkpt>
            <trkpt lat="50.463309" lon="6.827693">
                <ele>412.0</ele>
                <name>Position 1827</name>
            </trkpt>
            <trkpt lat="50.46348" lon="6.827192">
                <ele>411.0</ele>
                <name>Position 1828</name>
            </trkpt>
            <trkpt lat="50.464153" lon="6.825283">
                <ele>409.5</ele>
                <name>Position 1829</name>
            </trkpt>
            <trkpt lat="50.464321" lon="6.824798">
                <ele>411.0</ele>
                <name>Position 1830</name>
            </trkpt>
            <trkpt lat="50.464688" lon="6.823761">
                <ele>413.0</ele>
                <name>Position 1831</name>
            </trkpt>
            <trkpt lat="50.464775" lon="6.823501">
                <ele>413.0</ele>
                <name>Position 1832</name>
            </trkpt>
            <trkpt lat="50.464893" lon="6.823164">
                <ele>414.0</ele>
                <name>Position 1833</name>
            </trkpt>
            <trkpt lat="50.46528" lon="6.822216">
                <ele>415.0</ele>
                <name>Position 1834</name>
            </trkpt>
            <trkpt lat="50.465592" lon="6.821496">
                <ele>416.0</ele>
                <name>Position 1835</name>
            </trkpt>
            <trkpt lat="50.465648" lon="6.821325">
                <ele>417.0</ele>
                <name>Position 1836</name>
            </trkpt>
            <trkpt lat="50.465654" lon="6.821183">
                <ele>417.0</ele>
                <name>Position 1837</name>
            </trkpt>
            <trkpt lat="50.465638" lon="6.820867">
                <ele>418.0</ele>
                <name>Position 1838</name>
            </trkpt>
            <trkpt lat="50.46564" lon="6.81996">
                <ele>419.0</ele>
                <name>Position 1839</name>
            </trkpt>
            <trkpt lat="50.465665" lon="6.81938">
                <ele>420.0</ele>
                <name>Position 1840</name>
            </trkpt>
            <trkpt lat="50.465861" lon="6.816704">
                <ele>426.0</ele>
                <name>Position 1841</name>
            </trkpt>
            <trkpt lat="50.466126" lon="6.812241">
                <ele>444.0</ele>
                <name>Position 1842</name>
            </trkpt>
            <trkpt lat="50.466232" lon="6.809645">
                <ele>439.0</ele>
                <name>Position 1843</name>
            </trkpt>
            <trkpt lat="50.466134" lon="6.808704">
                <ele>437.3</ele>
                <name>Position 1844</name>
            </trkpt>
            <trkpt lat="50.465615" lon="6.805312">
                <ele>434.0</ele>
                <name>Position 1845</name>
            </trkpt>
            <trkpt lat="50.465411" lon="6.804137">
                <ele>433.8</ele>
                <name>Position 1846</name>
            </trkpt>
            <trkpt lat="50.465244" lon="6.803429">
                <ele>432.5</ele>
                <name>Position 1847</name>
            </trkpt>
            <trkpt lat="50.465085" lon="6.802944">
                <ele>433.0</ele>
                <name>Position 1848</name>
            </trkpt>
            <trkpt lat="50.464833" lon="6.802404">
                <ele>433.0</ele>
                <name>Position 1849</name>
            </trkpt>
            <trkpt lat="50.464306" lon="6.801461">
                <ele>433.0</ele>
                <name>Position 1850</name>
            </trkpt>
            <trkpt lat="50.464136" lon="6.801063">
                <ele>433.0</ele>
                <name>Position 1851</name>
            </trkpt>
            <trkpt lat="50.464046" lon="6.800692">
                <ele>432.5</ele>
                <name>Position 1852</name>
            </trkpt>
            <trkpt lat="50.464011" lon="6.800403">
                <ele>434.0</ele>
                <name>Position 1853</name>
            </trkpt>
            <trkpt lat="50.464014" lon="6.8">
                <ele>435.0</ele>
                <name>Position 1854</name>
            </trkpt>
            <trkpt lat="50.464075" lon="6.799393">
                <ele>436.0</ele>
                <name>Position 1855</name>
            </trkpt>
            <trkpt lat="50.46426" lon="6.798472">
                <ele>435.0</ele>
                <name>Position 1856</name>
            </trkpt>
            <trkpt lat="50.464277" lon="6.798078">
                <ele>434.0</ele>
                <name>Position 1857</name>
            </trkpt>
            <trkpt lat="50.464211" lon="6.79767">
                <ele>432.0</ele>
                <name>Position 1858</name>
            </trkpt>
            <trkpt lat="50.464025" lon="6.797317">
                <ele>428.0</ele>
                <name>Position 1859</name>
            </trkpt>
            <trkpt lat="50.463516" lon="6.796658">
                <ele>424.0</ele>
                <name>Position 1860</name>
            </trkpt>
            <trkpt lat="50.463042" lon="6.796084">
                <ele>420.0</ele>
                <name>Position 1861</name>
            </trkpt>
            <trkpt lat="50.462883" lon="6.795848">
                <ele>419.0</ele>
                <name>Position 1862</name>
            </trkpt>
            <trkpt lat="50.462483" lon="6.794777">
                <ele>417.0</ele>
                <name>Position 1863</name>
            </trkpt>
            <trkpt lat="50.462207" lon="6.794197">
                <ele>412.0</ele>
                <name>Position 1864</name>
            </trkpt>
            <trkpt lat="50.46216" lon="6.793971">
                <ele>410.0</ele>
                <name>Position 1865</name>
            </trkpt>
            <trkpt lat="50.462183" lon="6.793708">
                <ele>408.0</ele>
                <name>Position 1866</name>
            </trkpt>
            <trkpt lat="50.462275" lon="6.793578">
                <ele>408.0</ele>
                <name>Position 1867</name>
            </trkpt>
            <trkpt lat="50.462394" lon="6.793582">
                <ele>409.0</ele>
                <name>Position 1868</name>
            </trkpt>
            <trkpt lat="50.462607" lon="6.793709">
                <ele>410.0</ele>
                <name>Position 1869</name>
            </trkpt>
            <trkpt lat="50.463095" lon="6.794122">
                <ele>411.0</ele>
                <name>Position 1870</name>
            </trkpt>
            <trkpt lat="50.463494" lon="6.79444">
                <ele>412.0</ele>
                <name>Position 1871</name>
            </trkpt>
            <trkpt lat="50.463642" lon="6.794324">
                <ele>412.0</ele>
                <name>Position 1872</name>
            </trkpt>
            <trkpt lat="50.463682" lon="6.794153">
                <ele>412.0</ele>
                <name>Position 1873</name>
            </trkpt>
            <trkpt lat="50.463647" lon="6.793901">
                <ele>410.0</ele>
                <name>Position 1874</name>
            </trkpt>
            <trkpt lat="50.463523" lon="6.793715">
                <ele>407.0</ele>
                <name>Position 1875</name>
            </trkpt>
            <trkpt lat="50.463269" lon="6.793456">
                <ele>403.0</ele>
                <name>Position 1876</name>
            </trkpt>
            <trkpt lat="50.463141" lon="6.793254">
                <ele>402.0</ele>
                <name>Position 1877</name>
            </trkpt>
            <trkpt lat="50.462966" lon="6.792874">
                <ele>397.0</ele>
                <name>Position 1878</name>
            </trkpt>
            <trkpt lat="50.462769" lon="6.792672">
                <ele>393.0</ele>
                <name>Position 1879</name>
            </trkpt>
            <trkpt lat="50.46252" lon="6.792643">
                <ele>392.0</ele>
                <name>Position 1880</name>
            </trkpt>
            <trkpt lat="50.46195" lon="6.792798">
                <ele>391.0</ele>
                <name>Position 1881</name>
            </trkpt>
            <trkpt lat="50.461337" lon="6.792738">
                <ele>386.0</ele>
                <name>Position 1882</name>
            </trkpt>
            <trkpt lat="50.460896" lon="6.792761">
                <ele>383.0</ele>
                <name>Position 1883</name>
            </trkpt>
            <trkpt lat="50.460539" lon="6.792808">
                <ele>380.0</ele>
                <name>Position 1884</name>
            </trkpt>
            <trkpt lat="50.460452" lon="6.792741">
                <ele>378.0</ele>
                <name>Position 1885</name>
            </trkpt>
            <trkpt lat="50.460374" lon="6.792554">
                <ele>375.0</ele>
                <name>Position 1886</name>
            </trkpt>
            <trkpt lat="50.460272" lon="6.792169">
                <ele>376.0</ele>
                <name>Position 1887</name>
            </trkpt>
            <trkpt lat="50.461221" lon="6.791744">
                <ele>383.3</ele>
                <name>Position 1888</name>
            </trkpt>
            <trkpt lat="50.462224" lon="6.791172">
                <ele>388.3</ele>
                <name>Position 1889</name>
            </trkpt>
            <trkpt lat="50.462406" lon="6.79095">
                <ele>390.0</ele>
                <name>Position 1890</name>
            </trkpt>
            <trkpt lat="50.4626" lon="6.790589">
                <ele>393.0</ele>
                <name>Position 1891</name>
            </trkpt>
            <trkpt lat="50.462725" lon="6.790153">
                <ele>395.5</ele>
                <name>Position 1892</name>
            </trkpt>
            <trkpt lat="50.462934" lon="6.789724">
                <ele>396.3</ele>
                <name>Position 1893</name>
            </trkpt>
            <trkpt lat="50.462977" lon="6.789591">
                <ele>396.0</ele>
                <name>Position 1894</name>
            </trkpt>
            <trkpt lat="50.462957" lon="6.789523">
                <ele>397.0</ele>
                <name>Position 1895</name>
            </trkpt>
            <trkpt lat="50.462892" lon="6.789477">
                <ele>398.0</ele>
                <name>Position 1896</name>
            </trkpt>
            <trkpt lat="50.462796" lon="6.789568">
                <ele>399.0</ele>
                <name>Position 1897</name>
            </trkpt>
            <trkpt lat="50.462535" lon="6.7899">
                <ele>400.0</ele>
                <name>Position 1898</name>
            </trkpt>
            <trkpt lat="50.462348" lon="6.790016">
                <ele>400.0</ele>
                <name>Position 1899</name>
            </trkpt>
            <trkpt lat="50.461916" lon="6.789871">
                <ele>401.5</ele>
                <name>Position 1900</name>
            </trkpt>
            <trkpt lat="50.461709" lon="6.789824">
                <ele>402.5</ele>
                <name>Position 1901</name>
            </trkpt>
            <trkpt lat="50.461161" lon="6.789804">
                <ele>403.5</ele>
                <name>Position 1902</name>
            </trkpt>
            <trkpt lat="50.460847" lon="6.789696">
                <ele>406.0</ele>
                <name>Position 1903</name>
            </trkpt>
            <trkpt lat="50.460759" lon="6.789567">
                <ele>407.0</ele>
                <name>Position 1904</name>
            </trkpt>
            <trkpt lat="50.460774" lon="6.789374">
                <ele>410.0</ele>
                <name>Position 1905</name>
            </trkpt>
            <trkpt lat="50.46104" lon="6.788879">
                <ele>414.0</ele>
                <name>Position 1906</name>
            </trkpt>
            <trkpt lat="50.461216" lon="6.788366">
                <ele>418.0</ele>
                <name>Position 1907</name>
            </trkpt>
            <trkpt lat="50.461151" lon="6.787031">
                <ele>423.5</ele>
                <name>Position 1908</name>
            </trkpt>
            <trkpt lat="50.461009" lon="6.785297">
                <ele>431.5</ele>
                <name>Position 1909</name>
            </trkpt>
            <trkpt lat="50.460918" lon="6.784434">
                <ele>435.8</ele>
                <name>Position 1910</name>
            </trkpt>
            <trkpt lat="50.460935" lon="6.783925">
                <ele>440.0</ele>
                <name>Position 1911</name>
            </trkpt>
            <trkpt lat="50.461133" lon="6.783315">
                <ele>445.0</ele>
                <name>Position 1912</name>
            </trkpt>
            <trkpt lat="50.461245" lon="6.782955">
                <ele>448.0</ele>
                <name>Position 1913</name>
            </trkpt>
            <trkpt lat="50.461259" lon="6.782582">
                <ele>450.3</ele>
                <name>Position 1914</name>
            </trkpt>
            <trkpt lat="50.461252" lon="6.782182">
                <ele>453.0</ele>
                <name>Position 1915</name>
            </trkpt>
            <trkpt lat="50.461069" lon="6.781589">
                <ele>456.0</ele>
                <name>Position 1916</name>
            </trkpt>
            <trkpt lat="50.460927" lon="6.780929">
                <ele>460.0</ele>
                <name>Position 1917</name>
            </trkpt>
            <trkpt lat="50.460874" lon="6.780221">
                <ele>465.0</ele>
                <name>Position 1918</name>
            </trkpt>
            <trkpt lat="50.460925" lon="6.779805">
                <ele>468.0</ele>
                <name>Position 1919</name>
            </trkpt>
            <trkpt lat="50.46111" lon="6.779287">
                <ele>470.0</ele>
                <name>Position 1920</name>
            </trkpt>
            <trkpt lat="50.461443" lon="6.77866">
                <ele>473.0</ele>
                <name>Position 1921</name>
            </trkpt>
            <trkpt lat="50.461537" lon="6.778383">
                <ele>474.0</ele>
                <name>Position 1922</name>
            </trkpt>
            <trkpt lat="50.461537" lon="6.778383">
                <ele>474.0</ele>
                <name>Position 1923</name>
            </trkpt>
            <trkpt lat="50.461687" lon="6.777589">
                <ele>475.0</ele>
                <name>Position 1924</name>
            </trkpt>
            <trkpt lat="50.461722" lon="6.777038">
                <ele>475.0</ele>
                <name>Position 1925</name>
            </trkpt>
            <trkpt lat="50.461865" lon="6.775951">
                <ele>475.0</ele>
                <name>Position 1926</name>
            </trkpt>
            <trkpt lat="50.46204" lon="6.775611">
                <ele>475.0</ele>
                <name>Position 1927</name>
            </trkpt>
            <trkpt lat="50.462162" lon="6.775369">
                <ele>475.0</ele>
                <name>Position 1928</name>
            </trkpt>
            <trkpt lat="50.462678" lon="6.773949">
                <ele>471.8</ele>
                <name>Position 1929</name>
            </trkpt>
            <trkpt lat="50.462775" lon="6.773708">
                <ele>471.0</ele>
                <name>Position 1930</name>
            </trkpt>
            <trkpt lat="50.463181" lon="6.77269">
                <ele>472.0</ele>
                <name>Position 1931</name>
            </trkpt>
            <trkpt lat="50.464123" lon="6.771157">
                <ele>466.8</ele>
                <name>Position 1932</name>
            </trkpt>
            <trkpt lat="50.464811" lon="6.770772">
                <ele>473.0</ele>
                <name>Position 1933</name>
            </trkpt>
            <trkpt lat="50.465586" lon="6.770478">
                <ele>477.0</ele>
                <name>Position 1934</name>
            </trkpt>
            <trkpt lat="50.466012" lon="6.770337">
                <ele>478.0</ele>
                <name>Position 1935</name>
            </trkpt>
            <trkpt lat="50.466373" lon="6.770268">
                <ele>477.0</ele>
                <name>Position 1936</name>
            </trkpt>
            <trkpt lat="50.466791" lon="6.770216">
                <ele>477.0</ele>
                <name>Position 1937</name>
            </trkpt>
            <trkpt lat="50.467266" lon="6.770176">
                <ele>479.0</ele>
                <name>Position 1938</name>
            </trkpt>
            <trkpt lat="50.46804" lon="6.770107">
                <ele>481.0</ele>
                <name>Position 1939</name>
            </trkpt>
            <trkpt lat="50.469103" lon="6.770023">
                <ele>483.0</ele>
                <name>Position 1940</name>
            </trkpt>
            <trkpt lat="50.469456" lon="6.770117">
                <ele>484.0</ele>
                <name>Position 1941</name>
            </trkpt>
            <trkpt lat="50.469734" lon="6.77021">
                <ele>485.0</ele>
                <name>Position 1942</name>
            </trkpt>
            <trkpt lat="50.469979" lon="6.770233">
                <ele>485.8</ele>
                <name>Position 1943</name>
            </trkpt>
            <trkpt lat="50.470336" lon="6.770168">
                <ele>490.0</ele>
                <name>Position 1944</name>
            </trkpt>
            <trkpt lat="50.470753" lon="6.770028">
                <ele>494.0</ele>
                <name>Position 1945</name>
            </trkpt>
            <trkpt lat="50.471446" lon="6.769737">
                <ele>502.0</ele>
                <name>Position 1946</name>
            </trkpt>
            <trkpt lat="50.471904" lon="6.769547">
                <ele>507.5</ele>
                <name>Position 1947</name>
            </trkpt>
            <trkpt lat="50.47208" lon="6.769513">
                <ele>511.0</ele>
                <name>Position 1948</name>
            </trkpt>
            <trkpt lat="50.472188" lon="6.769577">
                <ele>511.0</ele>
                <name>Position 1949</name>
            </trkpt>
            <trkpt lat="50.472314" lon="6.769784">
                <ele>511.0</ele>
                <name>Position 1950</name>
            </trkpt>
            <trkpt lat="50.472546" lon="6.770177">
                <ele>509.5</ele>
                <name>Position 1951</name>
            </trkpt>
            <trkpt lat="50.472879" lon="6.770326">
                <ele>512.0</ele>
                <name>Position 1952</name>
            </trkpt>
            <trkpt lat="50.473807" lon="6.770804">
                <ele>515.0</ele>
                <name>Position 1953</name>
            </trkpt>
            <trkpt lat="50.474551" lon="6.771311">
                <ele>515.8</ele>
                <name>Position 1954</name>
            </trkpt>
            <trkpt lat="50.474933" lon="6.771403">
                <ele>517.5</ele>
                <name>Position 1955</name>
            </trkpt>
            <trkpt lat="50.475395" lon="6.771183">
                <ele>518.5</ele>
                <name>Position 1956</name>
            </trkpt>
            <trkpt lat="50.475614" lon="6.771034">
                <ele>519.0</ele>
                <name>Position 1957</name>
            </trkpt>
            <trkpt lat="50.475727" lon="6.770858">
                <ele>520.0</ele>
                <name>Position 1958</name>
            </trkpt>
            <trkpt lat="50.475841" lon="6.770515">
                <ele>523.0</ele>
                <name>Position 1959</name>
            </trkpt>
            <trkpt lat="50.475965" lon="6.769936">
                <ele>526.0</ele>
                <name>Position 1960</name>
            </trkpt>
            <trkpt lat="50.476172" lon="6.769407">
                <ele>525.0</ele>
                <name>Position 1961</name>
            </trkpt>
            <trkpt lat="50.476402" lon="6.768787">
                <ele>522.5</ele>
                <name>Position 1962</name>
            </trkpt>
            <trkpt lat="50.476475" lon="6.767808">
                <ele>526.0</ele>
                <name>Position 1963</name>
            </trkpt>
            <trkpt lat="50.476564" lon="6.767017">
                <ele>528.0</ele>
                <name>Position 1964</name>
            </trkpt>
            <trkpt lat="50.477033" lon="6.766516">
                <ele>527.5</ele>
                <name>Position 1965</name>
            </trkpt>
            <trkpt lat="50.477608" lon="6.766732">
                <ele>526.0</ele>
                <name>Position 1966</name>
            </trkpt>
            <trkpt lat="50.478351" lon="6.767857">
                <ele>520.5</ele>
                <name>Position 1967</name>
            </trkpt>
            <trkpt lat="50.479536" lon="6.770896">
                <ele>515.0</ele>
                <name>Position 1968</name>
            </trkpt>
            <trkpt lat="50.479992" lon="6.771384">
                <ele>513.0</ele>
                <name>Position 1969</name>
            </trkpt>
            <trkpt lat="50.480455" lon="6.771586">
                <ele>513.0</ele>
                <name>Position 1970</name>
            </trkpt>
            <trkpt lat="50.481025" lon="6.771688">
                <ele>514.3</ele>
                <name>Position 1971</name>
            </trkpt>
            <trkpt lat="50.483214" lon="6.771798">
                <ele>521.5</ele>
                <name>Position 1972</name>
            </trkpt>
            <trkpt lat="50.483816" lon="6.771593">
                <ele>518.0</ele>
                <name>Position 1973</name>
            </trkpt>
            <trkpt lat="50.4841" lon="6.771455">
                <ele>514.5</ele>
                <name>Position 1974</name>
            </trkpt>
            <trkpt lat="50.484426" lon="6.771094">
                <ele>512.0</ele>
                <name>Position 1975</name>
            </trkpt>
            <trkpt lat="50.485115" lon="6.770136">
                <ele>506.0</ele>
                <name>Position 1976</name>
            </trkpt>
            <trkpt lat="50.485802" lon="6.769152">
                <ele>505.0</ele>
                <name>Position 1977</name>
            </trkpt>
            <trkpt lat="50.48625" lon="6.768711">
                <ele>506.0</ele>
                <name>Position 1978</name>
            </trkpt>
            <trkpt lat="50.486451" lon="6.768752">
                <ele>504.8</ele>
                <name>Position 1979</name>
            </trkpt>
            <trkpt lat="50.486898" lon="6.769024">
                <ele>503.0</ele>
                <name>Position 1980</name>
            </trkpt>
            <trkpt lat="50.488016" lon="6.76976">
                <ele>497.0</ele>
                <name>Position 1981</name>
            </trkpt>
            <trkpt lat="50.48861" lon="6.770244">
                <ele>494.0</ele>
                <name>Position 1982</name>
            </trkpt>
            <trkpt lat="50.489969" lon="6.77141">
                <ele>494.0</ele>
                <name>Position 1983</name>
            </trkpt>
            <trkpt lat="50.490779" lon="6.772312">
                <ele>488.0</ele>
                <name>Position 1984</name>
            </trkpt>
            <trkpt lat="50.491334" lon="6.772839">
                <ele>485.5</ele>
                <name>Position 1985</name>
            </trkpt>
            <trkpt lat="50.492055" lon="6.773512">
                <ele>485.0</ele>
                <name>Position 1986</name>
            </trkpt>
            <trkpt lat="50.492255" lon="6.77368">
                <ele>485.0</ele>
                <name>Position 1987</name>
            </trkpt>
            <trkpt lat="50.49263" lon="6.773951">
                <ele>484.0</ele>
                <name>Position 1988</name>
            </trkpt>
            <trkpt lat="50.493562" lon="6.774461">
                <ele>480.8</ele>
                <name>Position 1989</name>
            </trkpt>
            <trkpt lat="50.493944" lon="6.774698">
                <ele>483.0</ele>
                <name>Position 1990</name>
            </trkpt>
            <trkpt lat="50.494766" lon="6.775242">
                <ele>485.0</ele>
                <name>Position 1991</name>
            </trkpt>
            <trkpt lat="50.495247" lon="6.775565">
                <ele>486.0</ele>
                <name>Position 1992</name>
            </trkpt>
            <trkpt lat="50.495648" lon="6.775855">
                <ele>487.0</ele>
                <name>Position 1993</name>
            </trkpt>
            <trkpt lat="50.495878" lon="6.776021">
                <ele>486.0</ele>
                <name>Position 1994</name>
            </trkpt>
            <trkpt lat="50.496222" lon="6.776273">
                <ele>483.0</ele>
                <name>Position 1995</name>
            </trkpt>
            <trkpt lat="50.496647" lon="6.776494">
                <ele>482.0</ele>
                <name>Position 1996</name>
            </trkpt>
            <trkpt lat="50.49714" lon="6.776534">
                <ele>481.0</ele>
                <name>Position 1997</name>
            </trkpt>
            <trkpt lat="50.497426" lon="6.776551">
                <ele>482.0</ele>
                <name>Position 1998</name>
            </trkpt>
            <trkpt lat="50.497919" lon="6.776596">
                <ele>478.0</ele>
                <name>Position 1999</name>
            </trkpt>
            <trkpt lat="50.498156" lon="6.776631">
                <ele>476.0</ele>
                <name>Position 2000</name>
            </trkpt>
            <trkpt lat="50.498534" lon="6.776693">
                <ele>473.0</ele>
                <name>Position 2001</name>
            </trkpt>
            <trkpt lat="50.499766" lon="6.777629">
                <ele>464.0</ele>
                <name>Position 2002</name>
            </trkpt>
            <trkpt lat="50.500605" lon="6.778256">
                <ele>455.5</ele>
                <name>Position 2003</name>
            </trkpt>
            <trkpt lat="50.5016" lon="6.779024">
                <ele>448.0</ele>
                <name>Position 2004</name>
            </trkpt>
            <trkpt lat="50.501888" lon="6.779286">
                <ele>445.0</ele>
                <name>Position 2005</name>
            </trkpt>
            <trkpt lat="50.502552" lon="6.780134">
                <ele>434.0</ele>
                <name>Position 2006</name>
            </trkpt>
            <trkpt lat="50.503016" lon="6.780668">
                <ele>427.0</ele>
                <name>Position 2007</name>
            </trkpt>
            <trkpt lat="50.503179" lon="6.780719">
                <ele>425.0</ele>
                <name>Position 2008</name>
            </trkpt>
            <trkpt lat="50.503631" lon="6.780796">
                <ele>424.0</ele>
                <name>Position 2009</name>
            </trkpt>
            <trkpt lat="50.503698" lon="6.780799">
                <ele>424.0</ele>
                <name>Position 2010</name>
            </trkpt>
            <trkpt lat="50.50407" lon="6.780746">
                <ele>424.0</ele>
                <name>Position 2011</name>
            </trkpt>
            <trkpt lat="50.504361" lon="6.780724">
                <ele>422.0</ele>
                <name>Position 2012</name>
            </trkpt>
            <trkpt lat="50.504688" lon="6.780674">
                <ele>419.0</ele>
                <name>Position 2013</name>
            </trkpt>
            <trkpt lat="50.505339" lon="6.780501">
                <ele>414.0</ele>
                <name>Position 2014</name>
            </trkpt>
            <trkpt lat="50.505888" lon="6.78033">
                <ele>412.0</ele>
                <name>Position 2015</name>
            </trkpt>
            <trkpt lat="50.506318" lon="6.780335">
                <ele>412.0</ele>
                <name>Position 2016</name>
            </trkpt>
            <trkpt lat="50.506775" lon="6.780548">
                <ele>409.0</ele>
                <name>Position 2017</name>
            </trkpt>
            <trkpt lat="50.50698" lon="6.780506">
                <ele>407.0</ele>
                <name>Position 2018</name>
            </trkpt>
            <trkpt lat="50.507284" lon="6.780225">
                <ele>405.0</ele>
                <name>Position 2019</name>
            </trkpt>
            <trkpt lat="50.507707" lon="6.779659">
                <ele>401.0</ele>
                <name>Position 2020</name>
            </trkpt>
            <trkpt lat="50.508103" lon="6.779262">
                <ele>395.0</ele>
                <name>Position 2021</name>
            </trkpt>
            <trkpt lat="50.508369" lon="6.779089">
                <ele>391.0</ele>
                <name>Position 2022</name>
            </trkpt>
            <trkpt lat="50.508471" lon="6.778967">
                <ele>389.0</ele>
                <name>Position 2023</name>
            </trkpt>
            <trkpt lat="50.508525" lon="6.778771">
                <ele>388.0</ele>
                <name>Position 2024</name>
            </trkpt>
            <trkpt lat="50.508565" lon="6.77852">
                <ele>388.0</ele>
                <name>Position 2025</name>
            </trkpt>
            <trkpt lat="50.508615" lon="6.778474">
                <ele>387.0</ele>
                <name>Position 2026</name>
            </trkpt>
            <trkpt lat="50.508731" lon="6.778518">
                <ele>385.0</ele>
                <name>Position 2027</name>
            </trkpt>
            <trkpt lat="50.508854" lon="6.778603">
                <ele>382.0</ele>
                <name>Position 2028</name>
            </trkpt>
            <trkpt lat="50.508934" lon="6.778553">
                <ele>381.0</ele>
                <name>Position 2029</name>
            </trkpt>
            <trkpt lat="50.508988" lon="6.778396">
                <ele>380.0</ele>
                <name>Position 2030</name>
            </trkpt>
            <trkpt lat="50.508995" lon="6.77811">
                <ele>380.0</ele>
                <name>Position 2031</name>
            </trkpt>
            <trkpt lat="50.509033" lon="6.777893">
                <ele>379.0</ele>
                <name>Position 2032</name>
            </trkpt>
            <trkpt lat="50.509185" lon="6.777611">
                <ele>377.0</ele>
                <name>Position 2033</name>
            </trkpt>
            <trkpt lat="50.509384" lon="6.777475">
                <ele>375.0</ele>
                <name>Position 2034</name>
            </trkpt>
            <trkpt lat="50.509684" lon="6.777386">
                <ele>371.0</ele>
                <name>Position 2035</name>
            </trkpt>
            <trkpt lat="50.509946" lon="6.777254">
                <ele>367.0</ele>
                <name>Position 2036</name>
            </trkpt>
            <trkpt lat="50.510284" lon="6.776958">
                <ele>362.0</ele>
                <name>Position 2037</name>
            </trkpt>
            <trkpt lat="50.510451" lon="6.77677">
                <ele>360.0</ele>
                <name>Position 2038</name>
            </trkpt>
            <trkpt lat="50.510551" lon="6.776589">
                <ele>358.0</ele>
                <name>Position 2039</name>
            </trkpt>
            <trkpt lat="50.510629" lon="6.776539">
                <ele>358.0</ele>
                <name>Position 2040</name>
            </trkpt>
            <trkpt lat="50.510834" lon="6.776837">
                <ele>356.0</ele>
                <name>Position 2041</name>
            </trkpt>
            <trkpt lat="50.51104" lon="6.776177">
                <ele>356.5</ele>
                <name>Position 2042</name>
            </trkpt>
            <trkpt lat="50.5110367" lon="6.7761498">
                <ele>357.0</ele>
                <name>Fuhrweg 6, 53902 Deutschland</name>
            </trkpt>
            <trkpt lat="50.510957" lon="6.775987">
                <ele>356.0</ele>
                <name>Position 2044</name>
            </trkpt>
            <trkpt lat="50.510785" lon="6.775426">
                <ele>357.0</ele>
                <name>Position 2045</name>
            </trkpt>
            <trkpt lat="50.51064" lon="6.775031">
                <ele>357.8</ele>
                <name>Position 2046</name>
            </trkpt>
            <trkpt lat="50.510261" lon="6.774462">
                <ele>360.0</ele>
                <name>Position 2047</name>
            </trkpt>
            <trkpt lat="50.510001" lon="6.773925">
                <ele>359.0</ele>
                <name>Position 2048</name>
            </trkpt>
            <trkpt lat="50.509893" lon="6.77343">
                <ele>361.0</ele>
                <name>Position 2049</name>
            </trkpt>
            <trkpt lat="50.509577" lon="6.771957">
                <ele>365.5</ele>
                <name>Position 2050</name>
            </trkpt>
            <trkpt lat="50.509265" lon="6.770437">
                <ele>367.0</ele>
                <name>Position 2051</name>
            </trkpt>
            <trkpt lat="50.50899" lon="6.769311">
                <ele>369.0</ele>
                <name>Position 2052</name>
            </trkpt>
            <trkpt lat="50.508727" lon="6.76783">
                <ele>368.0</ele>
                <name>Position 2053</name>
            </trkpt>
            <trkpt lat="50.508698" lon="6.767286">
                <ele>368.0</ele>
                <name>Position 2054</name>
            </trkpt>
            <trkpt lat="50.508636" lon="6.766426">
                <ele>367.8</ele>
                <name>Position 2055</name>
            </trkpt>
            <trkpt lat="50.508654" lon="6.766178">
                <ele>369.0</ele>
                <name>Position 2056</name>
            </trkpt>
            <trkpt lat="50.508765" lon="6.765843">
                <ele>372.0</ele>
                <name>Position 2057</name>
            </trkpt>
            <trkpt lat="50.508791" lon="6.765572">
                <ele>374.5</ele>
                <name>Position 2058</name>
            </trkpt>
            <trkpt lat="50.508583" lon="6.76449">
                <ele>375.0</ele>
                <name>Position 2059</name>
            </trkpt>
            <trkpt lat="50.508342" lon="6.763555">
                <ele>373.0</ele>
                <name>Position 2060</name>
            </trkpt>
            <trkpt lat="50.508221" lon="6.763143">
                <ele>375.0</ele>
                <name>Position 2061</name>
            </trkpt>
            <trkpt lat="50.507644" lon="6.761936">
                <ele>375.0</ele>
                <name>Position 2062</name>
            </trkpt>
            <trkpt lat="50.507119" lon="6.761211">
                <ele>378.0</ele>
                <name>Position 2063</name>
            </trkpt>
            <trkpt lat="50.506001" lon="6.760061">
                <ele>383.0</ele>
                <name>Position 2064</name>
            </trkpt>
            <trkpt lat="50.505034" lon="6.759571">
                <ele>385.3</ele>
                <name>Position 2065</name>
            </trkpt>
            <trkpt lat="50.50446" lon="6.759081">
                <ele>385.0</ele>
                <name>Position 2066</name>
            </trkpt>
            <trkpt lat="50.504012" lon="6.758434">
                <ele>387.0</ele>
                <name>Position 2067</name>
            </trkpt>
            <trkpt lat="50.503737" lon="6.757805">
                <ele>389.3</ele>
                <name>Position 2068</name>
            </trkpt>
            <trkpt lat="50.503518" lon="6.757052">
                <ele>391.3</ele>
                <name>Position 2069</name>
            </trkpt>
            <trkpt lat="50.50326" lon="6.755403">
                <ele>396.0</ele>
                <name>Position 2070</name>
            </trkpt>
            <trkpt lat="50.503011" lon="6.754449">
                <ele>395.0</ele>
                <name>Position 2071</name>
            </trkpt>
            <trkpt lat="50.502697" lon="6.753443">
                <ele>392.0</ele>
                <name>Position 2072</name>
            </trkpt>
            <trkpt lat="50.502445" lon="6.752631">
                <ele>390.0</ele>
                <name>Position 2073</name>
            </trkpt>
            <trkpt lat="50.502219" lon="6.75191">
                <ele>390.0</ele>
                <name>Position 2074</name>
            </trkpt>
            <trkpt lat="50.502006" lon="6.751411">
                <ele>392.0</ele>
                <name>Position 2075</name>
            </trkpt>
            <trkpt lat="50.501287" lon="6.750005">
                <ele>402.0</ele>
                <name>Position 2076</name>
            </trkpt>
            <trkpt lat="50.501015" lon="6.749088">
                <ele>402.0</ele>
                <name>Position 2077</name>
            </trkpt>
            <trkpt lat="50.500806" lon="6.748332">
                <ele>401.5</ele>
                <name>Position 2078</name>
            </trkpt>
            <trkpt lat="50.500257" lon="6.746825">
                <ele>404.0</ele>
                <name>Position 2079</name>
            </trkpt>
            <trkpt lat="50.499771" lon="6.745426">
                <ele>402.8</ele>
                <name>Position 2080</name>
            </trkpt>
            <trkpt lat="50.499529" lon="6.744868">
                <ele>402.0</ele>
                <name>Position 2081</name>
            </trkpt>
            <trkpt lat="50.499021" lon="6.744338">
                <ele>403.0</ele>
                <name>Position 2082</name>
            </trkpt>
            <trkpt lat="50.498522" lon="6.743847">
                <ele>403.0</ele>
                <name>Position 2083</name>
            </trkpt>
            <trkpt lat="50.498212" lon="6.743403">
                <ele>405.5</ele>
                <name>Position 2084</name>
            </trkpt>
            <trkpt lat="50.498078" lon="6.743012">
                <ele>407.5</ele>
                <name>Position 2085</name>
            </trkpt>
            <trkpt lat="50.497996" lon="6.742398">
                <ele>408.5</ele>
                <name>Position 2086</name>
            </trkpt>
            <trkpt lat="50.497942" lon="6.742205">
                <ele>408.8</ele>
                <name>Position 2087</name>
            </trkpt>
            <trkpt lat="50.497796" lon="6.742025">
                <ele>410.0</ele>
                <name>Position 2088</name>
            </trkpt>
            <trkpt lat="50.497735" lon="6.741852">
                <ele>410.0</ele>
                <name>Position 2089</name>
            </trkpt>
            <trkpt lat="50.497864" lon="6.74103">
                <ele>409.0</ele>
                <name>Position 2090</name>
            </trkpt>
            <trkpt lat="50.498348" lon="6.739551">
                <ele>409.3</ele>
                <name>Position 2091</name>
            </trkpt>
            <trkpt lat="50.498443" lon="6.73917">
                <ele>410.0</ele>
                <name>Position 2092</name>
            </trkpt>
            <trkpt lat="50.498517" lon="6.738663">
                <ele>412.0</ele>
                <name>Position 2093</name>
            </trkpt>
            <trkpt lat="50.498515" lon="6.738089">
                <ele>415.5</ele>
                <name>Position 2094</name>
            </trkpt>
            <trkpt lat="50.498567" lon="6.737688">
                <ele>417.5</ele>
                <name>Position 2095</name>
            </trkpt>
            <trkpt lat="50.498822" lon="6.737096">
                <ele>419.0</ele>
                <name>Position 2096</name>
            </trkpt>
            <trkpt lat="50.498822" lon="6.737096">
                <ele>419.0</ele>
                <name>Position 2097</name>
            </trkpt>
            <trkpt lat="50.49923" lon="6.736162">
                <ele>415.0</ele>
                <name>Position 2098</name>
            </trkpt>
            <trkpt lat="50.49928" lon="6.735903">
                <ele>414.5</ele>
                <name>Position 2099</name>
            </trkpt>
            <trkpt lat="50.499454" lon="6.735881">
                <ele>415.3</ele>
                <name>Position 2100</name>
            </trkpt>
            <trkpt lat="50.499894" lon="6.735649">
                <ele>415.0</ele>
                <name>Position 2101</name>
            </trkpt>
            <trkpt lat="50.500116" lon="6.735448">
                <ele>416.0</ele>
                <name>Position 2102</name>
            </trkpt>
            <trkpt lat="50.500382" lon="6.735412">
                <ele>419.0</ele>
                <name>Position 2103</name>
            </trkpt>
            <trkpt lat="50.500386" lon="6.735728">
                <ele>419.0</ele>
                <name>Position 2104</name>
            </trkpt>
            <trkpt lat="50.500365" lon="6.735992">
                <ele>421.0</ele>
                <name>Position 2105</name>
            </trkpt>
            <trkpt lat="50.500276" lon="6.736273">
                <ele>423.0</ele>
                <name>Position 2106</name>
            </trkpt>
            <trkpt lat="50.500143" lon="6.736501">
                <ele>424.0</ele>
                <name>Position 2107</name>
            </trkpt>
            <trkpt lat="50.500007" lon="6.736788">
                <ele>425.0</ele>
                <name>Position 2108</name>
            </trkpt>
            <trkpt lat="50.499952" lon="6.737038">
                <ele>426.0</ele>
                <name>Position 2109</name>
            </trkpt>
            <trkpt lat="50.499937" lon="6.737566">
                <ele>428.0</ele>
                <name>Position 2110</name>
            </trkpt>
            <trkpt lat="50.499982" lon="6.737962">
                <ele>430.0</ele>
                <name>Position 2111</name>
            </trkpt>
            <trkpt lat="50.500052" lon="6.738162">
                <ele>431.0</ele>
                <name>Position 2112</name>
            </trkpt>
            <trkpt lat="50.500263" lon="6.73842">
                <ele>433.8</ele>
                <name>Position 2113</name>
            </trkpt>
            <trkpt lat="50.500414" lon="6.738571">
                <ele>436.0</ele>
                <name>Position 2114</name>
            </trkpt>
            <trkpt lat="50.501529" lon="6.739686">
                <ele>445.8</ele>
                <name>Position 2115</name>
            </trkpt>
            <trkpt lat="50.50194" lon="6.740095">
                <ele>447.8</ele>
                <name>Position 2116</name>
            </trkpt>
            <trkpt lat="50.50223" lon="6.740326">
                <ele>450.0</ele>
                <name>Position 2117</name>
            </trkpt>
            <trkpt lat="50.502356" lon="6.740397">
                <ele>449.8</ele>
                <name>Position 2118</name>
            </trkpt>
            <trkpt lat="50.502481" lon="6.740542">
                <ele>450.3</ele>
                <name>Position 2119</name>
            </trkpt>
            <trkpt lat="50.503056" lon="6.740989">
                <ele>453.8</ele>
                <name>Position 2120</name>
            </trkpt>
            <trkpt lat="50.503291" lon="6.741307">
                <ele>453.5</ele>
                <name>Position 2121</name>
            </trkpt>
            <trkpt lat="50.503449" lon="6.741622">
                <ele>453.5</ele>
                <name>Position 2122</name>
            </trkpt>
            <trkpt lat="50.504563" lon="6.744252">
                <ele>468.0</ele>
                <name>Position 2123</name>
            </trkpt>
            <trkpt lat="50.504912" lon="6.744748">
                <ele>469.8</ele>
                <name>Position 2124</name>
            </trkpt>
            <trkpt lat="50.505878" lon="6.745949">
                <ele>474.8</ele>
                <name>Position 2125</name>
            </trkpt>
            <trkpt lat="50.506216" lon="6.746372">
                <ele>476.0</ele>
                <name>Position 2126</name>
            </trkpt>
            <trkpt lat="50.506444" lon="6.746592">
                <ele>475.8</ele>
                <name>Position 2127</name>
            </trkpt>
            <trkpt lat="50.506661" lon="6.746691">
                <ele>476.8</ele>
                <name>Position 2128</name>
            </trkpt>
            <trkpt lat="50.506793" lon="6.746706">
                <ele>476.8</ele>
                <name>Position 2129</name>
            </trkpt>
            <trkpt lat="50.507205" lon="6.746629">
                <ele>477.0</ele>
                <name>Position 2130</name>
            </trkpt>
            <trkpt lat="50.508066" lon="6.746339">
                <ele>475.8</ele>
                <name>Position 2131</name>
            </trkpt>
            <trkpt lat="50.509073" lon="6.746114">
                <ele>475.0</ele>
                <name>Position 2132</name>
            </trkpt>
            <trkpt lat="50.509813" lon="6.746108">
                <ele>475.3</ele>
                <name>Position 2133</name>
            </trkpt>
            <trkpt lat="50.510717" lon="6.746207">
                <ele>475.5</ele>
                <name>Position 2134</name>
            </trkpt>
            <trkpt lat="50.511725" lon="6.746308">
                <ele>481.0</ele>
                <name>Position 2135</name>
            </trkpt>
            <trkpt lat="50.512262" lon="6.746373">
                <ele>480.5</ele>
                <name>Position 2136</name>
            </trkpt>
            <trkpt lat="50.513819" lon="6.746565">
                <ele>479.0</ele>
                <name>Position 2137</name>
            </trkpt>
            <trkpt lat="50.514249" lon="6.746691">
                <ele>479.0</ele>
                <name>Position 2138</name>
            </trkpt>
            <trkpt lat="50.514633" lon="6.746902">
                <ele>479.0</ele>
                <name>Position 2139</name>
            </trkpt>
            <trkpt lat="50.515778" lon="6.747542">
                <ele>479.5</ele>
                <name>Position 2140</name>
            </trkpt>
            <trkpt lat="50.515868" lon="6.747594">
                <ele>479.8</ele>
                <name>Position 2141</name>
            </trkpt>
            <trkpt lat="50.516013" lon="6.747677">
                <ele>479.5</ele>
                <name>Position 2142</name>
            </trkpt>
            <trkpt lat="50.516525" lon="6.747988">
                <ele>481.0</ele>
                <name>Position 2143</name>
            </trkpt>
            <trkpt lat="50.516806" lon="6.748201">
                <ele>479.8</ele>
                <name>Position 2144</name>
            </trkpt>
            <trkpt lat="50.517002" lon="6.748345">
                <ele>478.5</ele>
                <name>Position 2145</name>
            </trkpt>
            <trkpt lat="50.517154" lon="6.748444">
                <ele>477.5</ele>
                <name>Position 2146</name>
            </trkpt>
            <trkpt lat="50.517627" lon="6.748784">
                <ele>476.0</ele>
                <name>Position 2147</name>
            </trkpt>
            <trkpt lat="50.518234" lon="6.749223">
                <ele>474.0</ele>
                <name>Position 2148</name>
            </trkpt>
            <trkpt lat="50.518601" lon="6.749478">
                <ele>472.0</ele>
                <name>Position 2149</name>
            </trkpt>
            <trkpt lat="50.519604" lon="6.750289">
                <ele>463.8</ele>
                <name>Position 2150</name>
            </trkpt>
            <trkpt lat="50.520105" lon="6.750731">
                <ele>460.0</ele>
                <name>Position 2151</name>
            </trkpt>
            <trkpt lat="50.521347" lon="6.751768">
                <ele>456.0</ele>
                <name>Position 2152</name>
            </trkpt>
            <trkpt lat="50.521991" lon="6.752184">
                <ele>449.0</ele>
                <name>Position 2153</name>
            </trkpt>
            <trkpt lat="50.522456" lon="6.752478">
                <ele>445.0</ele>
                <name>Position 2154</name>
            </trkpt>
            <trkpt lat="50.522719" lon="6.75262">
                <ele>441.8</ele>
                <name>Position 2155</name>
            </trkpt>
            <trkpt lat="50.522987" lon="6.752766">
                <ele>440.0</ele>
                <name>Position 2156</name>
            </trkpt>
            <trkpt lat="50.523719" lon="6.752957">
                <ele>432.3</ele>
                <name>Position 2157</name>
            </trkpt>
            <trkpt lat="50.524094" lon="6.753002">
                <ele>429.0</ele>
                <name>Position 2158</name>
            </trkpt>
            <trkpt lat="50.524415" lon="6.753076">
                <ele>428.0</ele>
                <name>Position 2159</name>
            </trkpt>
            <trkpt lat="50.524918" lon="6.753391">
                <ele>423.5</ele>
                <name>Position 2160</name>
            </trkpt>
            <trkpt lat="50.52669" lon="6.755412">
                <ele>404.8</ele>
                <name>Position 2161</name>
            </trkpt>
            <trkpt lat="50.527185" lon="6.75671">
                <ele>394.5</ele>
                <name>Position 2162</name>
            </trkpt>
            <trkpt lat="50.527954" lon="6.758695">
                <ele>383.0</ele>
                <name>Position 2163</name>
            </trkpt>
            <trkpt lat="50.528406" lon="6.759453">
                <ele>375.0</ele>
                <name>Position 2164</name>
            </trkpt>
            <trkpt lat="50.528767" lon="6.760168">
                <ele>371.0</ele>
                <name>Position 2165</name>
            </trkpt>
            <trkpt lat="50.529069" lon="6.761403">
                <ele>362.0</ele>
                <name>Position 2166</name>
            </trkpt>
            <trkpt lat="50.529447" lon="6.761803">
                <ele>360.0</ele>
                <name>Position 2167</name>
            </trkpt>
            <trkpt lat="50.530029" lon="6.762877">
                <ele>352.0</ele>
                <name>Position 2168</name>
            </trkpt>
            <trkpt lat="50.530757" lon="6.764328">
                <ele>345.0</ele>
                <name>Position 2169</name>
            </trkpt>
            <trkpt lat="50.530883" lon="6.765129">
                <ele>342.0</ele>
                <name>Position 2170</name>
            </trkpt>
            <trkpt lat="50.530942" lon="6.76549">
                <ele>341.0</ele>
                <name>Position 2171</name>
            </trkpt>
            <trkpt lat="50.531171" lon="6.76597">
                <ele>339.0</ele>
                <name>Position 2172</name>
            </trkpt>
            <trkpt lat="50.531978" lon="6.766604">
                <ele>330.8</ele>
                <name>Position 2173</name>
            </trkpt>
            <trkpt lat="50.532365" lon="6.766994">
                <ele>327.0</ele>
                <name>Position 2174</name>
            </trkpt>
            <trkpt lat="50.532703" lon="6.767579">
                <ele>322.0</ele>
                <name>Position 2175</name>
            </trkpt>
            <trkpt lat="50.532889" lon="6.767932">
                <ele>319.3</ele>
                <name>Position 2176</name>
            </trkpt>
            <trkpt lat="50.533115" lon="6.768333">
                <ele>314.8</ele>
                <name>Position 2177</name>
            </trkpt>
            <trkpt lat="50.533201" lon="6.76883">
                <ele>314.3</ele>
                <name>Position 2178</name>
            </trkpt>
            <trkpt lat="50.533217" lon="6.769302">
                <ele>313.0</ele>
                <name>Position 2179</name>
            </trkpt>
            <trkpt lat="50.533274" lon="6.769514">
                <ele>314.0</ele>
                <name>Position 2180</name>
            </trkpt>
            <trkpt lat="50.53332" lon="6.769672">
                <ele>313.8</ele>
                <name>Position 2181</name>
            </trkpt>
            <trkpt lat="50.533297" lon="6.769775">
                <ele>313.8</ele>
                <name>Position 2182</name>
            </trkpt>
            <trkpt lat="50.533324" lon="6.769864">
                <ele>313.8</ele>
                <name>Position 2183</name>
            </trkpt>
            <trkpt lat="50.533386" lon="6.769903">
                <ele>314.0</ele>
                <name>Position 2184</name>
            </trkpt>
            <trkpt lat="50.533434" lon="6.76988">
                <ele>315.0</ele>
                <name>Position 2185</name>
            </trkpt>
            <trkpt lat="50.53347" lon="6.769804">
                <ele>314.3</ele>
                <name>Position 2186</name>
            </trkpt>
            <trkpt lat="50.533466" lon="6.769711">
                <ele>314.3</ele>
                <name>Position 2187</name>
            </trkpt>
            <trkpt lat="50.53388" lon="6.76955">
                <ele>314.0</ele>
                <name>Position 2188</name>
            </trkpt>
            <trkpt lat="50.534549" lon="6.769561">
                <ele>314.0</ele>
                <name>Position 2189</name>
            </trkpt>
            <trkpt lat="50.534949" lon="6.769632">
                <ele>316.0</ele>
                <name>Position 2190</name>
            </trkpt>
            <trkpt lat="50.535244" lon="6.769712">
                <ele>317.0</ele>
                <name>Position 2191</name>
            </trkpt>
            <trkpt lat="50.535979" lon="6.769761">
                <ele>319.0</ele>
                <name>Position 2192</name>
            </trkpt>
            <trkpt lat="50.536144" lon="6.769756">
                <ele>319.0</ele>
                <name>Position 2193</name>
            </trkpt>
            <trkpt lat="50.536514" lon="6.769602">
                <ele>318.0</ele>
                <name>Position 2194</name>
            </trkpt>
            <trkpt lat="50.536665" lon="6.769531">
                <ele>317.0</ele>
                <name>Position 2195</name>
            </trkpt>
            <trkpt lat="50.537001" lon="6.769374">
                <ele>316.0</ele>
                <name>Position 2196</name>
            </trkpt>
            <trkpt lat="50.537653" lon="6.769131">
                <ele>313.0</ele>
                <name>Position 2197</name>
            </trkpt>
            <trkpt lat="50.538237" lon="6.769109">
                <ele>315.0</ele>
                <name>Position 2198</name>
            </trkpt>
            <trkpt lat="50.5385" lon="6.769105">
                <ele>316.0</ele>
                <name>Position 2199</name>
            </trkpt>
            <trkpt lat="50.538942" lon="6.769025">
                <ele>317.0</ele>
                <name>Position 2200</name>
            </trkpt>
            <trkpt lat="50.539443" lon="6.768706">
                <ele>318.0</ele>
                <name>Position 2201</name>
            </trkpt>
            <trkpt lat="50.540018" lon="6.768356">
                <ele>315.0</ele>
                <name>Position 2202</name>
            </trkpt>
            <trkpt lat="50.541067" lon="6.768097">
                <ele>317.0</ele>
                <name>Position 2203</name>
            </trkpt>
            <trkpt lat="50.542886" lon="6.767871">
                <ele>314.0</ele>
                <name>Position 2204</name>
            </trkpt>
            <trkpt lat="50.543852" lon="6.767566">
                <ele>307.0</ele>
                <name>Position 2205</name>
            </trkpt>
            <trkpt lat="50.544608" lon="6.767107">
                <ele>306.0</ele>
                <name>Position 2206</name>
            </trkpt>
            <trkpt lat="50.544716" lon="6.767017">
                <ele>306.0</ele>
                <name>Position 2207</name>
            </trkpt>
            <trkpt lat="50.545897" lon="6.765892">
                <ele>303.0</ele>
                <name>Position 2208</name>
            </trkpt>
            <trkpt lat="50.547321" lon="6.764733">
                <ele>305.0</ele>
                <name>Position 2209</name>
            </trkpt>
        </trkseg>
    </trk>
</gpx>
